Experimental_Group,Status,Progress,Duration (in seconds),Finished,Age,Sex,Message Rank,Message1,Message2,Message3,Message4,Message5,Dis_AI1,Dis_AI2,Dis_AI3,Dis_AI4,Dis_AI5,Dis_AI6,Dis_AI7,Dis_AI8,Dis_AI9,Dis_AI10,Dis_AI11,Dis_AI12,Dis_AI13,Dis_AI14,Dis_AI15,Dis_Hum1,Dis_Hum2,Dis_Hum3,Dis_Hum4,Dis_Hum5,Dis_Hum6,Dis_Hum7,Dis_Hum8,Dis_Hum9,Dis_Hum10,Dis_Hum11,Dis_Hum12,Dis_Hum13,Dis_Hum14,Dis_Hum15,Con_AI1,Con_AI2,Con_AI3,Con_AI4,Con_AI5,Con_AI6,Con_AI7,Con_AI8,Con_AI9,Con_AI10,Con_AI11,Con_AI12,Con_AI13,Con_AI14,Con_AI15,Con_Hum1,Con_Hum2,Con_Hum3,Con_Hum4,Con_Hum5,Con_Hum6,Con_Hum7,Con_Hum8,Con_Hum9,Con_Hum10,Con_Hum11,Con_Hum12,Con_Hum13,Con_Hum14,Con_Hum15,Unp_AI1,Unp_AI2,Unp_AI3,Unp_AI4,Unp_AI5,Unp_AI6,Unp_AI7,Unp_AI8,Unp_AI9,Unp_AI10,Unp_AI11,Unp_AI12,Unp_AI13,Unp_AI14,Unp_AI15,Unp_Hum1,Unp_Hum2,Unp_Hum3,Unp_Hum4,Unp_Hum5,Unp_Hum6,Unp_Hum7,Unp_Hum8,Unp_Hum9,Unp_Hum10,Unp_Hum11,Unp_Hum12,Unp_Hum13,Unp_Hum14,Unp_Hum15,C_Message Rank,C_Message1,C_Message2,C_Message3,C_Message4,C_Message5,C_Dis_AI1,C_Dis_AI2,C_Dis_AI3,C_Dis_AI4,C_Dis_AI5,C_Dis_AI6,C_Dis_AI7,C_Dis_AI8,C_Dis_AI9,C_Dis_AI10,C_Dis_AI11,C_Dis_AI12,C_Dis_AI13,C_Dis_AI14,C_Dis_AI15,C_Dis_Hum1,C_Dis_Hum2,C_Dis_Hum3,C_Dis_Hum4,C_Dis_Hum5,C_Dis_Hum6,C_Dis_Hum7,C_Dis_Hum8,C_Dis_Hum9,C_Dis_Hum10,C_Dis_Hum11,C_Dis_Hum12,C_Dis_Hum13,C_Dis_Hum14,C_Dis_Hum15,C_Con_AI1,C_Con_AI2,C_Con_AI3,C_Con_AI4,C_Con_AI5,C_Con_AI6,C_Con_AI7,C_Con_AI8,C_Con_AI9,C_Con_AI10,C_Con_AI11,C_Con_AI12,C_Con_AI13,C_Con_AI14,C_Con_AI15,C_Con_Hum1,C_Con_Hum2,C_Con_Hum3,C_Con_Hum4,C_Con_Hum5,C_Con_Hum6,C_Con_Hum7,C_Con_Hum8,C_Con_Hum9,C_Con_Hum10,C_Con_Hum11,C_Con_Hum12,C_Con_Hum13,C_Con_Hum14,C_Con_Hum15,C_Unp_AI1,C_Unp_AI2,C_Unp_AI3,C_Unp_AI4,C_Unp_AI5,C_Unp_AI6,C_Unp_AI7,C_Unp_AI8,C_Unp_AI9,C_Unp_AI10,C_Unp_AI11,C_Unp_AI12,C_Unp_AI13,C_Unp_AI14,C_Unp_AI15,C_Unp_Hum1,C_Unp_Hum2,C_Unp_Hum3,C_Unp_Hum4,C_Unp_Hum5,C_Unp_Hum6,C_Unp_Hum7,C_Unp_Hum8,C_Unp_Hum9,C_Unp_Hum10,C_Unp_Hum11,C_Unp_Hum12,C_Unp_Hum13,C_Unp_Hum14,C_Unp_Hum15,T_Message Ranking,T_Message1,T_Message2,T_Message3,T_Message4,T_Message5,T_Dis_AI1_1,T_Dis_AI2_1,T_Dis_AI3_1,T_Dis_AI4_1,T_Dis_AI5_1,T_Dis_AI6_1,T_Dis_AI7_1,T_Dis_AI8_1,T_Dis_AI9_1,T_Dis_AI10_1,T_Dis_AI11_1,T_Dis_AI12_1,T_Dis_AI13_1,T_Dis_AI14_1,T_Dis_AI15_1,T_Dis_Hum1_1,T_Dis_Hum2_1,T_Dis_Hum3_1,T_Dis_Hum4_1,T_Dis_Hum5_1,T_Dis_Hum6_1,T_Dis_Hum7_1,T_Dis_Hum8_1,T_Dis_Hum9_1,T_Dis_Hum10_1,T_Dis_Hum11_1,T_Dis_Hum12_1,T_Dis_Hum13_1,T_Dis_Hum14_1,T_Dis_Hum15_1,T_Con_AI1_1,T_Con_AI2_1,T_Con_AI3_1,T_Con_AI4_1,T_Con_AI5_1,T_Con_AI6_1,T_Con_AI7_1,T_Con_AI8_1,T_Con_AI9_1,T_Con_AI10_1,T_Con_AI11_1,T_Con_AI12_1,T_Con_AI13_1,T_Con_AI14_1,T_Con_AI15_1,T_Con_Hum1_1,T_Con_Hum2_1,T_Con_Hum3_1,T_Con_Hum4_1,T_Con_Hum5_1,T_Con_Hum6_1,T_Con_Hum7_1,T_Con_Hum8_1,T_Con_Hum9_1,T_Con_Hum10_1,T_Con_Hum11_1,T_Con_Hum12_1,T_Con_Hum13_1,T_Con_Hum14_1,T_Con_Hum15_1,T_Unp_AI1_1,T_Unp_AI2_1,T_Unp_AI3_1,T_Unp_AI4_1,T_Unp_AI5_1,T_Unp_AI6_1,T_Unp_AI7_1,T_Unp_AI8_1,T_Unp_AI9_1,T_Unp_AI10_1,T_Unp_AI11_1,T_Unp_AI12_1,T_Unp_AI13_1,T_Unp_AI14_1,T_Unp_AI15_1,T_Unp_Hum1_1,T_Unp_Hum2_1,T_Unp_Hum3_1,T_Unp_Hum4_1,T_Unp_Hum5_1,T_Unp_Hum6_1,T_Unp_Hum7_1,T_Unp_Hum8_1,T_Unp_Hum9_1,T_Unp_Hum10_1,T_Unp_Hum11_1,T_Unp_Hum12_1,T_Unp_Hum13_1,T_Unp_Hum14_1,T_Unp_Hum15_1,Per_AI1_1,Per_AI2_1,Per_AI3_1,Per_AI4_1,Per_AI5_1,Per_AI6_1,Per_AI7_1,Per_AI8_1,Per_AI9_1,Per_AI10_1,Per_AI11_1,Per_AI12_1,Mani_check_1,Per_AI13_1,Per_AI14_1,Per_AI15_1,Per_AI16_1,Per_AI17_1,Per_AI18_1,Per_AI19_1,Per_AI20_1
Not Disclosed,0,100,727,1,21.0,Male,"11,12,19,28,29",11.0,12.0,19.0,28.0,29.0,4.0,5.0,5.0,4.0,5.0,5.0,4.0,4.0,5.0,4.0,5.0,4.0,4.0,4.0,4.0,4.0,3.0,4.0,3.0,4.0,4.0,5.0,4.0,4.0,4.0,5.0,3.0,2.0,4.0,4.0,5.0,4.0,4.0,4.0,5.0,4.0,4.0,5.0,4.0,4.0,4.0,5.0,4.0,4.0,4.0,5.0,5.0,4.0,3.0,4.0,4.0,5.0,4.0,5.0,5.0,4.0,2.0,2.0,4.0,4.0,4.0,5.0,4.0,4.0,4.0,4.0,3.0,5.0,4.0,3.0,3.0,5.0,4.0,5.0,5.0,4.0,4.0,4.0,3.0,4.0,4.0,5.0,4.0,4.0,4.0,4.0,5.0,2.0,4.0,4.0,"11,12,19,28,29",11.0,12.0,19.0,28.0,29.0,4.0,5.0,5.0,4.0,5.0,5.0,4.0,4.0,5.0,4.0,5.0,4.0,4.0,4.0,4.0,4.0,3.0,4.0,3.0,4.0,4.0,5.0,4.0,4.0,4.0,5.0,3.0,2.0,4.0,4.0,5.0,4.0,4.0,4.0,5.0,4.0,4.0,5.0,4.0,4.0,4.0,5.0,4.0,4.0,4.0,5.0,5.0,4.0,3.0,4.0,4.0,5.0,4.0,5.0,5.0,4.0,2.0,2.0,4.0,4.0,4.0,5.0,4.0,4.0,4.0,4.0,3.0,5.0,4.0,3.0,3.0,5.0,4.0,5.0,5.0,4.0,4.0,4.0,3.0,4.0,4.0,5.0,4.0,4.0,4.0,4.0,5.0,2.0,4.0,4.0,,,,,,,,,,,,,,,,,,,,,,,,,,,,,,,,,,,,,,,,,,,,,,,,,,,,,,,,,,,,,,,,,,,,,,,,,,,,,,,,,,,,,,,,,,,,,,,,,5.0,5.0,2.0,5.0,5.0,2.0,4.0,1.0,3.0,2.0,5.0,5.0,5.0,5.0,5.0,1.0,5.0,5.0,5.0,1.0,5.0
Disclosed,0,100,864,1,22.0,Male,"4,9,13,15,31",4.0,9.0,13.0,15.0,31.0,2.0,4.0,4.0,5.0,4.0,3.0,4.0,4.0,4.0,3.0,4.0,1.0,1.0,4.0,4.0,1.0,4.0,1.0,4.0,4.0,4.0,2.0,4.0,4.0,4.0,4.0,4.0,2.0,4.0,2.0,4.0,4.0,2.0,4.0,4.0,3.0,2.0,2.0,4.0,2.0,4.0,2.0,2.0,2.0,2.0,1.0,2.0,1.0,3.0,4.0,4.0,1.0,4.0,3.0,4.0,4.0,5.0,2.0,2.0,4.0,4.0,4.0,3.0,5.0,5.0,4.0,4.0,4.0,4.0,4.0,4.0,2.0,2.0,2.0,4.0,1.0,2.0,1.0,4.0,4.0,2.0,2.0,4.0,4.0,4.0,4.0,4.0,4.0,2.0,1.0,,,,,,,,,,,,,,,,,,,,,,,,,,,,,,,,,,,,,,,,,,,,,,,,,,,,,,,,,,,,,,,,,,,,,,,,,,,,,,,,,,,,,,,,,,,,,,,,,"4,9,13,15,31",4.0,9.0,13.0,15.0,31.0,2.0,4.0,4.0,5.0,4.0,3.0,4.0,4.0,4.0,3.0,4.0,1.0,1.0,4.0,4.0,1.0,4.0,1.0,4.0,4.0,4.0,2.0,4.0,4.0,4.0,4.0,4.0,2.0,4.0,2.0,4.0,4.0,2.0,4.0,4.0,3.0,2.0,2.0,4.0,2.0,4.0,2.0,2.0,2.0,2.0,1.0,2.0,1.0,3.0,4.0,4.0,1.0,4.0,3.0,4.0,4.0,5.0,2.0,2.0,4.0,4.0,4.0,3.0,5.0,5.0,4.0,4.0,4.0,4.0,4.0,4.0,2.0,2.0,2.0,4.0,1.0,2.0,1.0,4.0,4.0,2.0,2.0,4.0,4.0,4.0,4.0,4.0,4.0,2.0,1.0,4.0,5.0,5.0,1.0,4.0,4.0,4.0,3.0,5.0,5.0,4.0,4.0,5.0,5.0,4.0,4.0,3.0,3.0,4.0,2.0,4.0
Not Disclosed,0,100,4037,1,21.0,Male,"4,6,7,13,31",4.0,6.0,7.0,13.0,31.0,5.0,5.0,4.0,5.0,5.0,5.0,5.0,5.0,5.0,5.0,5.0,5.0,5.0,5.0,5.0,4.0,5.0,4.0,3.0,5.0,5.0,4.0,4.0,5.0,5.0,5.0,5.0,5.0,5.0,5.0,5.0,5.0,5.0,5.0,5.0,5.0,5.0,5.0,5.0,5.0,5.0,5.0,5.0,5.0,5.0,5.0,5.0,5.0,5.0,5.0,5.0,5.0,5.0,5.0,5.0,5.0,5.0,5.0,5.0,5.0,5.0,5.0,5.0,5.0,5.0,5.0,5.0,4.0,5.0,4.0,5.0,3.0,4.0,5.0,5.0,4.0,5.0,4.0,5.0,4.0,5.0,5.0,5.0,5.0,5.0,5.0,5.0,4.0,4.0,4.0,"4,6,7,13,31",4.0,6.0,7.0,13.0,31.0,5.0,5.0,4.0,5.0,5.0,5.0,5.0,5.0,5.0,5.0,5.0,5.0,5.0,5.0,5.0,4.0,5.0,4.0,3.0,5.0,5.0,4.0,4.0,5.0,5.0,5.0,5.0,5.0,5.0,5.0,5.0,5.0,5.0,5.0,5.0,5.0,5.0,5.0,5.0,5.0,5.0,5.0,5.0,5.0,5.0,5.0,5.0,5.0,5.0,5.0,5.0,5.0,5.0,5.0,5.0,5.0,5.0,5.0,5.0,5.0,5.0,5.0,5.0,5.0,5.0,5.0,5.0,4.0,5.0,4.0,5.0,3.0,4.0,5.0,5.0,4.0,5.0,4.0,5.0,4.0,5.0,5.0,5.0,5.0,5.0,5.0,5.0,4.0,4.0,4.0,,,,,,,,,,,,,,,,,,,,,,,,,,,,,,,,,,,,,,,,,,,,,,,,,,,,,,,,,,,,,,,,,,,,,,,,,,,,,,,,,,,,,,,,,,,,,,,,,3.0,1.0,5.0,3.0,5.0,5.0,3.0,3.0,1.0,4.0,4.0,3.0,5.0,1.0,4.0,4.0,2.0,2.0,1.0,1.0,3.0
Not Disclosed,0,100,753,1,19.0,Male,"6,11,18,28,23",6.0,11.0,18.0,28.0,23.0,5.0,5.0,5.0,5.0,5.0,5.0,5.0,5.0,5.0,1.0,5.0,1.0,5.0,5.0,5.0,5.0,5.0,5.0,5.0,5.0,1.0,5.0,5.0,5.0,5.0,5.0,5.0,5.0,5.0,5.0,5.0,3.0,5.0,5.0,5.0,5.0,5.0,5.0,5.0,5.0,1.0,1.0,5.0,4.0,5.0,5.0,5.0,5.0,5.0,5.0,1.0,5.0,5.0,5.0,3.0,5.0,5.0,1.0,5.0,5.0,5.0,5.0,5.0,4.0,5.0,5.0,5.0,5.0,5.0,1.0,1.0,3.0,5.0,3.0,5.0,5.0,5.0,5.0,5.0,5.0,5.0,5.0,5.0,3.0,3.0,5.0,5.0,3.0,3.0,5.0,"6,11,18,28,23",6.0,11.0,18.0,28.0,23.0,5.0,5.0,5.0,5.0,5.0,5.0,5.0,5.0,5.0,1.0,5.0,1.0,5.0,5.0,5.0,5.0,5.0,5.0,5.0,5.0,1.0,5.0,5.0,5.0,5.0,5.0,5.0,5.0,5.0,5.0,5.0,3.0,5.0,5.0,5.0,5.0,5.0,5.0,5.0,5.0,1.0,1.0,5.0,4.0,5.0,5.0,5.0,5.0,5.0,5.0,1.0,5.0,5.0,5.0,3.0,5.0,5.0,1.0,5.0,5.0,5.0,5.0,5.0,4.0,5.0,5.0,5.0,5.0,5.0,1.0,1.0,3.0,5.0,3.0,5.0,5.0,5.0,5.0,5.0,5.0,5.0,5.0,5.0,3.0,3.0,5.0,5.0,3.0,3.0,5.0,,,,,,,,,,,,,,,,,,,,,,,,,,,,,,,,,,,,,,,,,,,,,,,,,,,,,,,,,,,,,,,,,,,,,,,,,,,,,,,,,,,,,,,,,,,,,,,,,2.0,4.0,4.0,4.0,4.0,5.0,3.0,3.0,4.0,4.0,4.0,4.0,5.0,2.0,4.0,2.0,3.0,3.0,3.0,3.0,5.0
Disclosed,0,100,617,1,20.0,Female,"6,9,22,24,28",6.0,9.0,22.0,24.0,28.0,5.0,5.0,5.0,5.0,5.0,5.0,5.0,5.0,5.0,5.0,5.0,5.0,5.0,5.0,5.0,5.0,5.0,5.0,5.0,5.0,5.0,5.0,5.0,5.0,5.0,5.0,5.0,5.0,5.0,5.0,5.0,5.0,5.0,5.0,5.0,5.0,5.0,5.0,3.0,4.0,5.0,3.0,5.0,5.0,5.0,5.0,4.0,5.0,4.0,5.0,1.0,3.0,5.0,5.0,5.0,5.0,4.0,5.0,5.0,5.0,5.0,5.0,5.0,5.0,5.0,5.0,5.0,5.0,5.0,5.0,5.0,5.0,5.0,5.0,5.0,5.0,5.0,5.0,5.0,5.0,5.0,5.0,5.0,5.0,5.0,5.0,5.0,5.0,5.0,5.0,,,,,,,,,,,,,,,,,,,,,,,,,,,,,,,,,,,,,,,,,,,,,,,,,,,,,,,,,,,,,,,,,,,,,,,,,,,,,,,,,,,,,,,,,,,,,,,,,"6,9,22,24,28",6.0,9.0,22.0,24.0,28.0,5.0,5.0,5.0,5.0,5.0,5.0,5.0,5.0,5.0,5.0,5.0,5.0,5.0,5.0,5.0,5.0,5.0,5.0,5.0,5.0,5.0,5.0,5.0,5.0,5.0,5.0,5.0,5.0,5.0,5.0,5.0,5.0,5.0,5.0,5.0,5.0,5.0,5.0,3.0,4.0,5.0,3.0,5.0,5.0,5.0,5.0,4.0,5.0,4.0,5.0,1.0,3.0,5.0,5.0,5.0,5.0,4.0,5.0,5.0,5.0,5.0,5.0,5.0,5.0,5.0,5.0,5.0,5.0,5.0,5.0,5.0,5.0,5.0,5.0,5.0,5.0,5.0,5.0,5.0,5.0,5.0,5.0,5.0,5.0,5.0,5.0,5.0,5.0,5.0,5.0,4.0,3.0,3.0,4.0,2.0,3.0,2.0,4.0,4.0,3.0,4.0,3.0,5.0,4.0,2.0,4.0,3.0,4.0,3.0,4.0,2.0
Not Disclosed,0,100,568,1,22.0,Female,"6,9,11,13,31",6.0,9.0,11.0,13.0,31.0,4.0,4.0,4.0,4.0,4.0,4.0,5.0,5.0,5.0,2.0,4.0,2.0,4.0,4.0,4.0,4.0,4.0,4.0,5.0,4.0,4.0,4.0,4.0,4.0,5.0,5.0,5.0,4.0,4.0,4.0,4.0,2.0,2.0,4.0,4.0,4.0,4.0,4.0,4.0,4.0,4.0,2.0,2.0,4.0,4.0,2.0,2.0,2.0,5.0,2.0,4.0,4.0,4.0,2.0,4.0,5.0,4.0,2.0,4.0,2.0,4.0,4.0,4.0,4.0,4.0,4.0,4.0,4.0,4.0,4.0,4.0,4.0,4.0,4.0,4.0,4.0,4.0,4.0,4.0,4.0,4.0,4.0,4.0,4.0,4.0,4.0,4.0,4.0,4.0,4.0,"6,9,11,13,31",6.0,9.0,11.0,13.0,31.0,4.0,4.0,4.0,4.0,4.0,4.0,5.0,5.0,5.0,2.0,4.0,2.0,4.0,4.0,4.0,4.0,4.0,4.0,5.0,4.0,4.0,4.0,4.0,4.0,5.0,5.0,5.0,4.0,4.0,4.0,4.0,2.0,2.0,4.0,4.0,4.0,4.0,4.0,4.0,4.0,4.0,2.0,2.0,4.0,4.0,2.0,2.0,2.0,5.0,2.0,4.0,4.0,4.0,2.0,4.0,5.0,4.0,2.0,4.0,2.0,4.0,4.0,4.0,4.0,4.0,4.0,4.0,4.0,4.0,4.0,4.0,4.0,4.0,4.0,4.0,4.0,4.0,4.0,4.0,4.0,4.0,4.0,4.0,4.0,4.0,4.0,4.0,4.0,4.0,4.0,,,,,,,,,,,,,,,,,,,,,,,,,,,,,,,,,,,,,,,,,,,,,,,,,,,,,,,,,,,,,,,,,,,,,,,,,,,,,,,,,,,,,,,,,,,,,,,,,4.0,4.0,4.0,4.0,4.0,4.0,2.0,2.0,2.0,2.0,4.0,4.0,5.0,2.0,4.0,2.0,2.0,4.0,2.0,2.0,4.0
Not Disclosed,0,100,573,1,20.0,Female,"7,13,15,26,23",7.0,13.0,15.0,26.0,23.0,5.0,5.0,5.0,5.0,5.0,5.0,5.0,5.0,5.0,5.0,5.0,5.0,5.0,5.0,5.0,5.0,5.0,5.0,5.0,5.0,5.0,5.0,5.0,5.0,5.0,5.0,5.0,5.0,5.0,5.0,5.0,5.0,5.0,5.0,5.0,5.0,5.0,5.0,5.0,5.0,5.0,5.0,5.0,5.0,5.0,5.0,5.0,5.0,5.0,5.0,5.0,5.0,5.0,5.0,5.0,5.0,5.0,5.0,5.0,5.0,5.0,5.0,5.0,5.0,5.0,5.0,5.0,5.0,5.0,5.0,5.0,5.0,5.0,5.0,5.0,5.0,5.0,5.0,5.0,5.0,5.0,5.0,5.0,5.0,5.0,5.0,5.0,5.0,5.0,5.0,"7,13,15,26,23",7.0,13.0,15.0,26.0,23.0,5.0,5.0,5.0,5.0,5.0,5.0,5.0,5.0,5.0,5.0,5.0,5.0,5.0,5.0,5.0,5.0,5.0,5.0,5.0,5.0,5.0,5.0,5.0,5.0,5.0,5.0,5.0,5.0,5.0,5.0,5.0,5.0,5.0,5.0,5.0,5.0,5.0,5.0,5.0,5.0,5.0,5.0,5.0,5.0,5.0,5.0,5.0,5.0,5.0,5.0,5.0,5.0,5.0,5.0,5.0,5.0,5.0,5.0,5.0,5.0,5.0,5.0,5.0,5.0,5.0,5.0,5.0,5.0,5.0,5.0,5.0,5.0,5.0,5.0,5.0,5.0,5.0,5.0,5.0,5.0,5.0,5.0,5.0,5.0,5.0,5.0,5.0,5.0,5.0,5.0,,,,,,,,,,,,,,,,,,,,,,,,,,,,,,,,,,,,,,,,,,,,,,,,,,,,,,,,,,,,,,,,,,,,,,,,,,,,,,,,,,,,,,,,,,,,,,,,,1.0,3.0,5.0,1.0,4.0,3.0,1.0,5.0,5.0,5.0,2.0,2.0,5.0,1.0,4.0,5.0,2.0,1.0,1.0,5.0,5.0
Disclosed,0,100,956,1,24.0,Female,"20,22,28,23,36",20.0,22.0,28.0,23.0,36.0,4.0,4.0,4.0,3.0,2.0,4.0,5.0,4.0,4.0,5.0,4.0,2.0,5.0,3.0,3.0,5.0,5.0,5.0,5.0,4.0,4.0,5.0,5.0,5.0,5.0,3.0,5.0,2.0,5.0,5.0,4.0,5.0,5.0,4.0,4.0,4.0,5.0,5.0,5.0,4.0,5.0,5.0,4.0,4.0,5.0,5.0,4.0,4.0,5.0,4.0,5.0,5.0,4.0,5.0,5.0,4.0,5.0,5.0,5.0,5.0,4.0,5.0,5.0,5.0,4.0,4.0,4.0,5.0,5.0,4.0,4.0,2.0,4.0,4.0,5.0,5.0,4.0,5.0,4.0,4.0,3.0,4.0,5.0,5.0,4.0,4.0,4.0,3.0,5.0,5.0,,,,,,,,,,,,,,,,,,,,,,,,,,,,,,,,,,,,,,,,,,,,,,,,,,,,,,,,,,,,,,,,,,,,,,,,,,,,,,,,,,,,,,,,,,,,,,,,,"20,22,28,23,36",20.0,22.0,28.0,23.0,36.0,4.0,4.0,4.0,3.0,2.0,4.0,5.0,4.0,4.0,5.0,4.0,2.0,5.0,3.0,3.0,5.0,5.0,5.0,5.0,4.0,4.0,5.0,5.0,5.0,5.0,3.0,5.0,2.0,5.0,5.0,4.0,5.0,5.0,4.0,4.0,4.0,5.0,5.0,5.0,4.0,5.0,5.0,4.0,4.0,5.0,5.0,4.0,4.0,5.0,4.0,5.0,5.0,4.0,5.0,5.0,4.0,5.0,5.0,5.0,5.0,4.0,5.0,5.0,5.0,4.0,4.0,4.0,5.0,5.0,4.0,4.0,2.0,4.0,4.0,5.0,5.0,4.0,5.0,4.0,4.0,3.0,4.0,5.0,5.0,4.0,4.0,4.0,3.0,5.0,5.0,4.0,3.0,5.0,4.0,3.0,4.0,2.0,2.0,1.0,4.0,4.0,4.0,5.0,2.0,4.0,3.0,1.0,2.0,2.0,4.0,1.0
Disclosed,0,100,880,1,19.0,Female,"5,21,30,31,23",5.0,21.0,30.0,31.0,23.0,4.0,4.0,5.0,5.0,5.0,5.0,4.0,4.0,5.0,3.0,5.0,3.0,3.0,4.0,4.0,3.0,5.0,4.0,4.0,5.0,5.0,5.0,4.0,3.0,5.0,5.0,5.0,3.0,5.0,4.0,5.0,3.0,5.0,5.0,4.0,5.0,5.0,5.0,5.0,4.0,5.0,3.0,4.0,4.0,4.0,3.0,5.0,3.0,5.0,4.0,4.0,5.0,3.0,4.0,4.0,5.0,5.0,4.0,5.0,4.0,5.0,4.0,5.0,5.0,4.0,4.0,5.0,4.0,5.0,4.0,5.0,4.0,4.0,4.0,4.0,3.0,5.0,3.0,4.0,5.0,4.0,5.0,4.0,4.0,4.0,5.0,5.0,4.0,5.0,4.0,,,,,,,,,,,,,,,,,,,,,,,,,,,,,,,,,,,,,,,,,,,,,,,,,,,,,,,,,,,,,,,,,,,,,,,,,,,,,,,,,,,,,,,,,,,,,,,,,"5,21,30,31,23",5.0,21.0,30.0,31.0,23.0,4.0,4.0,5.0,5.0,5.0,5.0,4.0,4.0,5.0,3.0,5.0,3.0,3.0,4.0,4.0,3.0,5.0,4.0,4.0,5.0,5.0,5.0,4.0,3.0,5.0,5.0,5.0,3.0,5.0,4.0,5.0,3.0,5.0,5.0,4.0,5.0,5.0,5.0,5.0,4.0,5.0,3.0,4.0,4.0,4.0,3.0,5.0,3.0,5.0,4.0,4.0,5.0,3.0,4.0,4.0,5.0,5.0,4.0,5.0,4.0,5.0,4.0,5.0,5.0,4.0,4.0,5.0,4.0,5.0,4.0,5.0,4.0,4.0,4.0,4.0,3.0,5.0,3.0,4.0,5.0,4.0,5.0,4.0,4.0,4.0,5.0,5.0,4.0,5.0,4.0,4.0,3.0,3.0,3.0,5.0,3.0,4.0,1.0,4.0,4.0,4.0,5.0,5.0,3.0,4.0,1.0,4.0,4.0,2.0,3.0,2.0
Not Disclosed,0,100,415,1,23.0,Male,"13,19,26,29,23",13.0,19.0,26.0,29.0,23.0,4.0,5.0,4.0,5.0,5.0,5.0,4.0,4.0,4.0,5.0,3.0,4.0,4.0,3.0,4.0,5.0,5.0,5.0,4.0,5.0,4.0,5.0,4.0,5.0,5.0,4.0,3.0,3.0,4.0,5.0,5.0,5.0,5.0,5.0,5.0,5.0,5.0,5.0,5.0,5.0,5.0,5.0,5.0,5.0,5.0,5.0,5.0,5.0,5.0,5.0,5.0,5.0,5.0,5.0,5.0,5.0,5.0,5.0,5.0,5.0,4.0,5.0,4.0,3.0,3.0,4.0,4.0,3.0,2.0,4.0,5.0,1.0,4.0,2.0,3.0,4.0,2.0,5.0,5.0,4.0,5.0,5.0,4.0,4.0,4.0,4.0,4.0,1.0,5.0,5.0,"13,19,26,29,23",13.0,19.0,26.0,29.0,23.0,4.0,5.0,4.0,5.0,5.0,5.0,4.0,4.0,4.0,5.0,3.0,4.0,4.0,3.0,4.0,5.0,5.0,5.0,4.0,5.0,4.0,5.0,4.0,5.0,5.0,4.0,3.0,3.0,4.0,5.0,5.0,5.0,5.0,5.0,5.0,5.0,5.0,5.0,5.0,5.0,5.0,5.0,5.0,5.0,5.0,5.0,5.0,5.0,5.0,5.0,5.0,5.0,5.0,5.0,5.0,5.0,5.0,5.0,5.0,5.0,4.0,5.0,4.0,3.0,3.0,4.0,4.0,3.0,2.0,4.0,5.0,1.0,4.0,2.0,3.0,4.0,2.0,5.0,5.0,4.0,5.0,5.0,4.0,4.0,4.0,4.0,4.0,1.0,5.0,5.0,,,,,,,,,,,,,,,,,,,,,,,,,,,,,,,,,,,,,,,,,,,,,,,,,,,,,,,,,,,,,,,,,,,,,,,,,,,,,,,,,,,,,,,,,,,,,,,,,2.0,5.0,5.0,4.0,5.0,4.0,5.0,3.0,5.0,4.0,5.0,4.0,5.0,5.0,5.0,2.0,4.0,2.0,5.0,2.0,4.0
Disclosed,0,100,991,1,20.0,Female,"1,35,24,26,36",1.0,35.0,24.0,26.0,36.0,4.0,3.0,1.0,5.0,5.0,4.0,5.0,4.0,5.0,5.0,4.0,1.0,1.0,4.0,4.0,1.0,2.0,1.0,5.0,3.0,4.0,5.0,4.0,2.0,1.0,4.0,5.0,1.0,5.0,2.0,5.0,2.0,2.0,5.0,4.0,2.0,5.0,5.0,5.0,4.0,5.0,3.0,2.0,4.0,4.0,2.0,3.0,1.0,4.0,3.0,3.0,5.0,4.0,2.0,4.0,3.0,5.0,2.0,5.0,5.0,4.0,2.0,2.0,4.0,5.0,3.0,3.0,4.0,4.0,2.0,4.0,1.0,2.0,5.0,2.0,2.0,5.0,1.0,4.0,4.0,3.0,4.0,3.0,3.0,5.0,4.0,4.0,2.0,5.0,3.0,,,,,,,,,,,,,,,,,,,,,,,,,,,,,,,,,,,,,,,,,,,,,,,,,,,,,,,,,,,,,,,,,,,,,,,,,,,,,,,,,,,,,,,,,,,,,,,,,"1,35,24,26,36",1.0,35.0,24.0,26.0,36.0,4.0,3.0,1.0,5.0,5.0,4.0,5.0,4.0,5.0,5.0,4.0,1.0,1.0,4.0,4.0,1.0,2.0,1.0,5.0,3.0,4.0,5.0,4.0,2.0,1.0,4.0,5.0,1.0,5.0,2.0,5.0,2.0,2.0,5.0,4.0,2.0,5.0,5.0,5.0,4.0,5.0,3.0,2.0,4.0,4.0,2.0,3.0,1.0,4.0,3.0,3.0,5.0,4.0,2.0,4.0,3.0,5.0,2.0,5.0,5.0,4.0,2.0,2.0,4.0,5.0,3.0,3.0,4.0,4.0,2.0,4.0,1.0,2.0,5.0,2.0,2.0,5.0,1.0,4.0,4.0,3.0,4.0,3.0,3.0,5.0,4.0,4.0,2.0,5.0,3.0,1.0,4.0,3.0,3.0,5.0,4.0,4.0,2.0,3.0,3.0,3.0,4.0,5.0,1.0,4.0,3.0,3.0,2.0,3.0,5.0,4.0
Not Disclosed,0,100,3974,1,23.0,Female,"6,13,15,29,23",6.0,13.0,15.0,29.0,23.0,3.0,4.0,2.0,4.0,4.0,4.0,4.0,3.0,5.0,3.0,4.0,3.0,3.0,3.0,3.0,3.0,4.0,3.0,4.0,4.0,3.0,3.0,4.0,3.0,4.0,3.0,3.0,2.0,5.0,3.0,4.0,4.0,3.0,4.0,4.0,4.0,4.0,3.0,4.0,4.0,4.0,3.0,4.0,4.0,4.0,3.0,4.0,3.0,4.0,5.0,3.0,3.0,3.0,3.0,4.0,4.0,3.0,3.0,5.0,3.0,2.0,3.0,2.0,2.0,3.0,2.0,2.0,2.0,2.0,2.0,3.0,2.0,2.0,3.0,2.0,2.0,2.0,2.0,2.0,2.0,3.0,3.0,2.0,2.0,3.0,3.0,2.0,3.0,3.0,3.0,"6,13,15,29,23",6.0,13.0,15.0,29.0,23.0,3.0,4.0,2.0,4.0,4.0,4.0,4.0,3.0,5.0,3.0,4.0,3.0,3.0,3.0,3.0,3.0,4.0,3.0,4.0,4.0,3.0,3.0,4.0,3.0,4.0,3.0,3.0,2.0,5.0,3.0,4.0,4.0,3.0,4.0,4.0,4.0,4.0,3.0,4.0,4.0,4.0,3.0,4.0,4.0,4.0,3.0,4.0,3.0,4.0,5.0,3.0,3.0,3.0,3.0,4.0,4.0,3.0,3.0,5.0,3.0,2.0,3.0,2.0,2.0,3.0,2.0,2.0,2.0,2.0,2.0,3.0,2.0,2.0,3.0,2.0,2.0,2.0,2.0,2.0,2.0,3.0,3.0,2.0,2.0,3.0,3.0,2.0,3.0,3.0,3.0,,,,,,,,,,,,,,,,,,,,,,,,,,,,,,,,,,,,,,,,,,,,,,,,,,,,,,,,,,,,,,,,,,,,,,,,,,,,,,,,,,,,,,,,,,,,,,,,,3.0,3.0,3.0,3.0,5.0,3.0,4.0,2.0,3.0,3.0,3.0,5.0,5.0,3.0,5.0,1.0,3.0,3.0,4.0,3.0,2.0
Not Disclosed,0,100,559,1,21.0,Female,"7,12,13,15,19",7.0,12.0,13.0,15.0,19.0,5.0,5.0,5.0,5.0,5.0,5.0,5.0,5.0,5.0,5.0,5.0,5.0,5.0,5.0,5.0,5.0,5.0,5.0,5.0,5.0,5.0,5.0,5.0,5.0,5.0,5.0,5.0,5.0,5.0,5.0,5.0,5.0,5.0,5.0,5.0,5.0,5.0,5.0,5.0,5.0,5.0,5.0,5.0,5.0,5.0,5.0,5.0,5.0,5.0,5.0,5.0,5.0,5.0,5.0,5.0,5.0,5.0,5.0,5.0,5.0,5.0,5.0,5.0,5.0,5.0,5.0,5.0,5.0,5.0,5.0,5.0,5.0,5.0,5.0,5.0,5.0,5.0,5.0,5.0,5.0,5.0,5.0,5.0,5.0,5.0,5.0,5.0,5.0,5.0,5.0,"7,12,13,15,19",7.0,12.0,13.0,15.0,19.0,5.0,5.0,5.0,5.0,5.0,5.0,5.0,5.0,5.0,5.0,5.0,5.0,5.0,5.0,5.0,5.0,5.0,5.0,5.0,5.0,5.0,5.0,5.0,5.0,5.0,5.0,5.0,5.0,5.0,5.0,5.0,5.0,5.0,5.0,5.0,5.0,5.0,5.0,5.0,5.0,5.0,5.0,5.0,5.0,5.0,5.0,5.0,5.0,5.0,5.0,5.0,5.0,5.0,5.0,5.0,5.0,5.0,5.0,5.0,5.0,5.0,5.0,5.0,5.0,5.0,5.0,5.0,5.0,5.0,5.0,5.0,5.0,5.0,5.0,5.0,5.0,5.0,5.0,5.0,5.0,5.0,5.0,5.0,5.0,5.0,5.0,5.0,5.0,5.0,5.0,,,,,,,,,,,,,,,,,,,,,,,,,,,,,,,,,,,,,,,,,,,,,,,,,,,,,,,,,,,,,,,,,,,,,,,,,,,,,,,,,,,,,,,,,,,,,,,,,3.0,4.0,3.0,3.0,4.0,4.0,4.0,3.0,3.0,4.0,4.0,4.0,5.0,3.0,4.0,3.0,4.0,4.0,4.0,3.0,3.0
Disclosed,0,100,192152,1,20.0,Female,"4,14,19,24,27",4.0,14.0,19.0,24.0,27.0,4.0,4.0,3.0,4.0,4.0,4.0,4.0,4.0,4.0,4.0,4.0,4.0,4.0,4.0,4.0,4.0,4.0,4.0,4.0,4.0,5.0,3.0,4.0,3.0,3.0,4.0,4.0,4.0,3.0,4.0,4.0,4.0,4.0,4.0,4.0,5.0,4.0,4.0,3.0,4.0,4.0,4.0,4.0,4.0,5.0,4.0,4.0,3.0,4.0,4.0,4.0,3.0,4.0,4.0,4.0,3.0,4.0,3.0,4.0,4.0,4.0,4.0,4.0,4.0,4.0,4.0,4.0,4.0,3.0,4.0,4.0,3.0,4.0,4.0,4.0,5.0,4.0,3.0,4.0,4.0,4.0,3.0,3.0,4.0,3.0,3.0,4.0,4.0,4.0,4.0,,,,,,,,,,,,,,,,,,,,,,,,,,,,,,,,,,,,,,,,,,,,,,,,,,,,,,,,,,,,,,,,,,,,,,,,,,,,,,,,,,,,,,,,,,,,,,,,,"4,14,19,24,27",4.0,14.0,19.0,24.0,27.0,4.0,4.0,3.0,4.0,4.0,4.0,4.0,4.0,4.0,4.0,4.0,4.0,4.0,4.0,4.0,4.0,4.0,4.0,4.0,4.0,5.0,3.0,4.0,3.0,3.0,4.0,4.0,4.0,3.0,4.0,4.0,4.0,4.0,4.0,4.0,5.0,4.0,4.0,3.0,4.0,4.0,4.0,4.0,4.0,5.0,4.0,4.0,3.0,4.0,4.0,4.0,3.0,4.0,4.0,4.0,3.0,4.0,3.0,4.0,4.0,4.0,4.0,4.0,4.0,4.0,4.0,4.0,4.0,3.0,4.0,4.0,3.0,4.0,4.0,4.0,5.0,4.0,3.0,4.0,4.0,4.0,3.0,3.0,4.0,3.0,3.0,4.0,4.0,4.0,4.0,4.0,3.0,4.0,3.0,5.0,4.0,4.0,4.0,3.0,5.0,5.0,4.0,5.0,4.0,4.0,2.0,5.0,4.0,4.0,3.0,5.0
Disclosed,0,100,640,1,20.0,Female,"9,11,13,26,29",9.0,11.0,13.0,26.0,29.0,5.0,5.0,5.0,5.0,5.0,5.0,5.0,5.0,5.0,5.0,5.0,5.0,5.0,5.0,5.0,5.0,5.0,5.0,5.0,5.0,5.0,5.0,5.0,5.0,5.0,5.0,5.0,5.0,5.0,5.0,5.0,5.0,5.0,5.0,5.0,5.0,5.0,5.0,5.0,5.0,5.0,5.0,5.0,5.0,5.0,5.0,5.0,5.0,5.0,5.0,5.0,5.0,5.0,5.0,5.0,5.0,5.0,5.0,5.0,5.0,5.0,5.0,5.0,5.0,5.0,5.0,5.0,5.0,5.0,5.0,5.0,5.0,5.0,5.0,5.0,5.0,5.0,5.0,5.0,5.0,5.0,5.0,5.0,5.0,5.0,5.0,5.0,5.0,5.0,5.0,,,,,,,,,,,,,,,,,,,,,,,,,,,,,,,,,,,,,,,,,,,,,,,,,,,,,,,,,,,,,,,,,,,,,,,,,,,,,,,,,,,,,,,,,,,,,,,,,"9,11,13,26,29",9.0,11.0,13.0,26.0,29.0,5.0,5.0,5.0,5.0,5.0,5.0,5.0,5.0,5.0,5.0,5.0,5.0,5.0,5.0,5.0,5.0,5.0,5.0,5.0,5.0,5.0,5.0,5.0,5.0,5.0,5.0,5.0,5.0,5.0,5.0,5.0,5.0,5.0,5.0,5.0,5.0,5.0,5.0,5.0,5.0,5.0,5.0,5.0,5.0,5.0,5.0,5.0,5.0,5.0,5.0,5.0,5.0,5.0,5.0,5.0,5.0,5.0,5.0,5.0,5.0,5.0,5.0,5.0,5.0,5.0,5.0,5.0,5.0,5.0,5.0,5.0,5.0,5.0,5.0,5.0,5.0,5.0,5.0,5.0,5.0,5.0,5.0,5.0,5.0,5.0,5.0,5.0,5.0,5.0,5.0,3.0,1.0,3.0,2.0,4.0,4.0,1.0,3.0,5.0,5.0,3.0,3.0,5.0,2.0,1.0,4.0,1.0,1.0,2.0,5.0,3.0
Not Disclosed,0,100,585,1,21.0,Female,"1,6,11,13,28",1.0,6.0,11.0,13.0,28.0,5.0,5.0,5.0,5.0,5.0,5.0,5.0,5.0,5.0,5.0,5.0,4.0,5.0,5.0,5.0,5.0,5.0,5.0,5.0,5.0,5.0,5.0,5.0,4.0,5.0,5.0,5.0,5.0,5.0,5.0,5.0,5.0,5.0,5.0,5.0,5.0,5.0,5.0,5.0,5.0,5.0,5.0,5.0,5.0,5.0,5.0,5.0,5.0,5.0,5.0,5.0,5.0,5.0,5.0,5.0,5.0,5.0,5.0,5.0,5.0,5.0,5.0,5.0,5.0,5.0,5.0,5.0,5.0,5.0,5.0,5.0,5.0,5.0,5.0,5.0,5.0,5.0,5.0,5.0,5.0,5.0,5.0,5.0,5.0,5.0,5.0,5.0,5.0,5.0,5.0,"1,6,11,13,28",1.0,6.0,11.0,13.0,28.0,5.0,5.0,5.0,5.0,5.0,5.0,5.0,5.0,5.0,5.0,5.0,4.0,5.0,5.0,5.0,5.0,5.0,5.0,5.0,5.0,5.0,5.0,5.0,4.0,5.0,5.0,5.0,5.0,5.0,5.0,5.0,5.0,5.0,5.0,5.0,5.0,5.0,5.0,5.0,5.0,5.0,5.0,5.0,5.0,5.0,5.0,5.0,5.0,5.0,5.0,5.0,5.0,5.0,5.0,5.0,5.0,5.0,5.0,5.0,5.0,5.0,5.0,5.0,5.0,5.0,5.0,5.0,5.0,5.0,5.0,5.0,5.0,5.0,5.0,5.0,5.0,5.0,5.0,5.0,5.0,5.0,5.0,5.0,5.0,5.0,5.0,5.0,5.0,5.0,5.0,,,,,,,,,,,,,,,,,,,,,,,,,,,,,,,,,,,,,,,,,,,,,,,,,,,,,,,,,,,,,,,,,,,,,,,,,,,,,,,,,,,,,,,,,,,,,,,,,1.0,4.0,3.0,4.0,5.0,3.0,1.0,4.0,5.0,5.0,4.0,4.0,5.0,2.0,3.0,5.0,3.0,1.0,1.0,3.0,4.0
Disclosed,0,100,448,1,22.0,Female,"4,11,35,25,36",4.0,11.0,35.0,25.0,36.0,4.0,5.0,5.0,5.0,5.0,5.0,5.0,4.0,4.0,4.0,5.0,4.0,5.0,4.0,4.0,5.0,5.0,4.0,5.0,5.0,4.0,3.0,3.0,4.0,5.0,5.0,4.0,4.0,5.0,5.0,5.0,4.0,5.0,4.0,5.0,5.0,4.0,4.0,5.0,4.0,4.0,2.0,5.0,4.0,5.0,4.0,3.0,4.0,5.0,4.0,4.0,3.0,5.0,5.0,4.0,3.0,4.0,5.0,4.0,4.0,5.0,5.0,4.0,4.0,5.0,4.0,5.0,4.0,5.0,4.0,4.0,4.0,4.0,4.0,4.0,5.0,5.0,4.0,5.0,4.0,5.0,5.0,3.0,5.0,4.0,3.0,4.0,4.0,5.0,5.0,,,,,,,,,,,,,,,,,,,,,,,,,,,,,,,,,,,,,,,,,,,,,,,,,,,,,,,,,,,,,,,,,,,,,,,,,,,,,,,,,,,,,,,,,,,,,,,,,"4,11,35,25,36",4.0,11.0,35.0,25.0,36.0,4.0,5.0,5.0,5.0,5.0,5.0,5.0,4.0,4.0,4.0,5.0,4.0,5.0,4.0,4.0,5.0,5.0,4.0,5.0,5.0,4.0,3.0,3.0,4.0,5.0,5.0,4.0,4.0,5.0,5.0,5.0,4.0,5.0,4.0,5.0,5.0,4.0,4.0,5.0,4.0,4.0,2.0,5.0,4.0,5.0,4.0,3.0,4.0,5.0,4.0,4.0,3.0,5.0,5.0,4.0,3.0,4.0,5.0,4.0,4.0,5.0,5.0,4.0,4.0,5.0,4.0,5.0,4.0,5.0,4.0,4.0,4.0,4.0,4.0,4.0,5.0,5.0,4.0,5.0,4.0,5.0,5.0,3.0,5.0,4.0,3.0,4.0,4.0,5.0,5.0,1.0,3.0,4.0,3.0,2.0,3.0,2.0,4.0,4.0,5.0,3.0,2.0,5.0,1.0,4.0,2.0,2.0,3.0,2.0,3.0,4.0
Not Disclosed,0,100,1346,1,18.0,Male,"6,7,9,11,18",6.0,7.0,9.0,11.0,18.0,4.0,3.0,4.0,5.0,4.0,5.0,4.0,4.0,4.0,5.0,5.0,1.0,3.0,5.0,5.0,5.0,5.0,3.0,5.0,4.0,3.0,1.0,4.0,4.0,4.0,5.0,5.0,1.0,4.0,3.0,5.0,4.0,4.0,3.0,4.0,4.0,3.0,4.0,4.0,2.0,2.0,2.0,5.0,5.0,4.0,4.0,5.0,2.0,4.0,4.0,3.0,1.0,3.0,5.0,4.0,4.0,4.0,1.0,4.0,4.0,5.0,3.0,4.0,4.0,2.0,4.0,4.0,5.0,4.0,1.0,1.0,1.0,5.0,5.0,4.0,4.0,4.0,3.0,4.0,4.0,3.0,1.0,5.0,5.0,4.0,4.0,4.0,4.0,1.0,4.0,"6,7,9,11,18",6.0,7.0,9.0,11.0,18.0,4.0,3.0,4.0,5.0,4.0,5.0,4.0,4.0,4.0,5.0,5.0,1.0,3.0,5.0,5.0,5.0,5.0,3.0,5.0,4.0,3.0,1.0,4.0,4.0,4.0,5.0,5.0,1.0,4.0,3.0,5.0,4.0,4.0,3.0,4.0,4.0,3.0,4.0,4.0,2.0,2.0,2.0,5.0,5.0,4.0,4.0,5.0,2.0,4.0,4.0,3.0,1.0,3.0,5.0,4.0,4.0,4.0,1.0,4.0,4.0,5.0,3.0,4.0,4.0,2.0,4.0,4.0,5.0,4.0,1.0,1.0,1.0,5.0,5.0,4.0,4.0,4.0,3.0,4.0,4.0,3.0,1.0,5.0,5.0,4.0,4.0,4.0,4.0,1.0,4.0,,,,,,,,,,,,,,,,,,,,,,,,,,,,,,,,,,,,,,,,,,,,,,,,,,,,,,,,,,,,,,,,,,,,,,,,,,,,,,,,,,,,,,,,,,,,,,,,,2.0,4.0,4.0,2.0,3.0,4.0,2.0,3.0,3.0,3.0,4.0,3.0,5.0,3.0,4.0,1.0,3.0,5.0,3.0,3.0,2.0
Disclosed,0,100,1001,1,21.0,Female,"9,13,15,26,23",9.0,13.0,15.0,26.0,23.0,5.0,2.0,2.0,4.0,4.0,4.0,4.0,4.0,4.0,4.0,5.0,2.0,3.0,2.0,4.0,2.0,4.0,4.0,4.0,4.0,4.0,5.0,2.0,4.0,4.0,2.0,4.0,2.0,5.0,2.0,5.0,2.0,2.0,5.0,4.0,4.0,5.0,5.0,5.0,4.0,5.0,2.0,2.0,4.0,4.0,3.0,4.0,1.0,5.0,4.0,4.0,5.0,4.0,2.0,4.0,4.0,4.0,2.0,5.0,3.0,5.0,4.0,2.0,4.0,5.0,4.0,5.0,4.0,4.0,2.0,5.0,2.0,2.0,4.0,2.0,2.0,5.0,4.0,5.0,4.0,4.0,4.0,2.0,4.0,4.0,2.0,4.0,2.0,5.0,2.0,,,,,,,,,,,,,,,,,,,,,,,,,,,,,,,,,,,,,,,,,,,,,,,,,,,,,,,,,,,,,,,,,,,,,,,,,,,,,,,,,,,,,,,,,,,,,,,,,"9,13,15,26,23",9.0,13.0,15.0,26.0,23.0,5.0,2.0,2.0,4.0,4.0,4.0,4.0,4.0,4.0,4.0,5.0,2.0,3.0,2.0,4.0,2.0,4.0,4.0,4.0,4.0,4.0,5.0,2.0,4.0,4.0,2.0,4.0,2.0,5.0,2.0,5.0,2.0,2.0,5.0,4.0,4.0,5.0,5.0,5.0,4.0,5.0,2.0,2.0,4.0,4.0,3.0,4.0,1.0,5.0,4.0,4.0,5.0,4.0,2.0,4.0,4.0,4.0,2.0,5.0,3.0,5.0,4.0,2.0,4.0,5.0,4.0,5.0,4.0,4.0,2.0,5.0,2.0,2.0,4.0,2.0,2.0,5.0,4.0,5.0,4.0,4.0,4.0,2.0,4.0,4.0,2.0,4.0,2.0,5.0,2.0,1.0,3.0,3.0,3.0,4.0,4.0,3.0,2.0,2.0,4.0,4.0,4.0,5.0,2.0,4.0,4.0,2.0,3.0,3.0,3.0,2.0
Disclosed,0,100,133689,1,24.0,Female,"5,12,13,22,26",5.0,12.0,13.0,22.0,26.0,4.0,4.0,4.0,4.0,4.0,4.0,4.0,4.0,4.0,4.0,4.0,4.0,4.0,4.0,4.0,4.0,4.0,4.0,4.0,4.0,4.0,4.0,4.0,4.0,4.0,4.0,4.0,4.0,4.0,4.0,4.0,4.0,4.0,4.0,4.0,4.0,4.0,4.0,4.0,4.0,4.0,4.0,4.0,4.0,4.0,4.0,4.0,4.0,4.0,4.0,4.0,4.0,4.0,4.0,4.0,4.0,4.0,4.0,4.0,4.0,4.0,4.0,4.0,4.0,4.0,4.0,4.0,4.0,4.0,4.0,4.0,4.0,4.0,5.0,4.0,4.0,4.0,4.0,4.0,4.0,4.0,4.0,4.0,4.0,4.0,4.0,4.0,4.0,4.0,4.0,,,,,,,,,,,,,,,,,,,,,,,,,,,,,,,,,,,,,,,,,,,,,,,,,,,,,,,,,,,,,,,,,,,,,,,,,,,,,,,,,,,,,,,,,,,,,,,,,"5,12,13,22,26",5.0,12.0,13.0,22.0,26.0,4.0,4.0,4.0,4.0,4.0,4.0,4.0,4.0,4.0,4.0,4.0,4.0,4.0,4.0,4.0,4.0,4.0,4.0,4.0,4.0,4.0,4.0,4.0,4.0,4.0,4.0,4.0,4.0,4.0,4.0,4.0,4.0,4.0,4.0,4.0,4.0,4.0,4.0,4.0,4.0,4.0,4.0,4.0,4.0,4.0,4.0,4.0,4.0,4.0,4.0,4.0,4.0,4.0,4.0,4.0,4.0,4.0,4.0,4.0,4.0,4.0,4.0,4.0,4.0,4.0,4.0,4.0,4.0,4.0,4.0,4.0,4.0,4.0,5.0,4.0,4.0,4.0,4.0,4.0,4.0,4.0,4.0,4.0,4.0,4.0,4.0,4.0,4.0,4.0,4.0,2.0,4.0,2.0,3.0,4.0,3.0,4.0,2.0,3.0,3.0,2.0,4.0,5.0,2.0,4.0,2.0,4.0,2.0,4.0,3.0,2.0
Not Disclosed,0,100,1290,1,19.0,Female,"7,11,13,24,29",7.0,11.0,13.0,24.0,29.0,3.0,3.0,2.0,5.0,4.0,5.0,4.0,3.0,5.0,4.0,5.0,2.0,5.0,4.0,2.0,2.0,5.0,3.0,4.0,5.0,3.0,4.0,4.0,3.0,5.0,3.0,5.0,1.0,4.0,2.0,5.0,3.0,2.0,5.0,5.0,5.0,5.0,4.0,5.0,3.0,4.0,1.0,2.0,5.0,4.0,3.0,2.0,2.0,5.0,4.0,4.0,3.0,3.0,4.0,5.0,4.0,4.0,2.0,5.0,4.0,5.0,2.0,2.0,5.0,4.0,4.0,5.0,5.0,5.0,5.0,5.0,2.0,3.0,4.0,2.0,4.0,5.0,4.0,5.0,4.0,5.0,5.0,3.0,2.0,5.0,4.0,3.0,3.0,5.0,3.0,"7,11,13,24,29",7.0,11.0,13.0,24.0,29.0,3.0,3.0,2.0,5.0,4.0,5.0,4.0,3.0,5.0,4.0,5.0,2.0,5.0,4.0,2.0,2.0,5.0,3.0,4.0,5.0,3.0,4.0,4.0,3.0,5.0,3.0,5.0,1.0,4.0,2.0,5.0,3.0,2.0,5.0,5.0,5.0,5.0,4.0,5.0,3.0,4.0,1.0,2.0,5.0,4.0,3.0,2.0,2.0,5.0,4.0,4.0,3.0,3.0,4.0,5.0,4.0,4.0,2.0,5.0,4.0,5.0,2.0,2.0,5.0,4.0,4.0,5.0,5.0,5.0,5.0,5.0,2.0,3.0,4.0,2.0,4.0,5.0,4.0,5.0,4.0,5.0,5.0,3.0,2.0,5.0,4.0,3.0,3.0,5.0,3.0,,,,,,,,,,,,,,,,,,,,,,,,,,,,,,,,,,,,,,,,,,,,,,,,,,,,,,,,,,,,,,,,,,,,,,,,,,,,,,,,,,,,,,,,,,,,,,,,,3.0,5.0,2.0,2.0,4.0,3.0,5.0,1.0,2.0,4.0,4.0,5.0,5.0,4.0,5.0,1.0,5.0,4.0,5.0,1.0,4.0
Disclosed,0,100,416,1,22.0,Male,"4,7,18,19,25",4.0,7.0,18.0,19.0,25.0,4.0,4.0,4.0,4.0,4.0,4.0,4.0,4.0,4.0,4.0,4.0,4.0,4.0,4.0,4.0,4.0,4.0,4.0,4.0,4.0,4.0,4.0,4.0,4.0,4.0,4.0,4.0,4.0,4.0,4.0,3.0,4.0,4.0,3.0,4.0,3.0,3.0,4.0,3.0,3.0,3.0,4.0,3.0,3.0,3.0,3.0,4.0,2.0,4.0,4.0,4.0,2.0,3.0,2.0,3.0,3.0,4.0,3.0,2.0,2.0,5.0,5.0,5.0,4.0,5.0,5.0,5.0,5.0,5.0,5.0,5.0,5.0,5.0,5.0,5.0,5.0,5.0,5.0,5.0,5.0,5.0,5.0,5.0,4.0,5.0,5.0,5.0,5.0,5.0,5.0,,,,,,,,,,,,,,,,,,,,,,,,,,,,,,,,,,,,,,,,,,,,,,,,,,,,,,,,,,,,,,,,,,,,,,,,,,,,,,,,,,,,,,,,,,,,,,,,,"4,7,18,19,25",4.0,7.0,18.0,19.0,25.0,4.0,4.0,4.0,4.0,4.0,4.0,4.0,4.0,4.0,4.0,4.0,4.0,4.0,4.0,4.0,4.0,4.0,4.0,4.0,4.0,4.0,4.0,4.0,4.0,4.0,4.0,4.0,4.0,4.0,4.0,3.0,4.0,4.0,3.0,4.0,3.0,3.0,4.0,3.0,3.0,3.0,4.0,3.0,3.0,3.0,3.0,4.0,2.0,4.0,4.0,4.0,2.0,3.0,2.0,3.0,3.0,4.0,3.0,2.0,2.0,5.0,5.0,5.0,4.0,5.0,5.0,5.0,5.0,5.0,5.0,5.0,5.0,5.0,5.0,5.0,5.0,5.0,5.0,5.0,5.0,5.0,5.0,5.0,4.0,5.0,5.0,5.0,5.0,5.0,5.0,1.0,4.0,5.0,2.0,5.0,2.0,2.0,4.0,5.0,5.0,3.0,3.0,5.0,1.0,4.0,5.0,1.0,5.0,2.0,5.0,5.0
Disclosed,0,100,388,1,20.0,Female,"5,6,11,13,18",5.0,6.0,11.0,13.0,18.0,5.0,5.0,5.0,5.0,5.0,5.0,5.0,5.0,5.0,5.0,5.0,5.0,5.0,5.0,5.0,5.0,5.0,5.0,5.0,5.0,5.0,5.0,5.0,5.0,5.0,5.0,5.0,5.0,5.0,5.0,5.0,5.0,5.0,5.0,5.0,5.0,5.0,5.0,5.0,5.0,5.0,5.0,5.0,5.0,5.0,5.0,5.0,4.0,5.0,5.0,5.0,5.0,5.0,5.0,5.0,5.0,5.0,5.0,5.0,4.0,5.0,5.0,5.0,5.0,5.0,5.0,5.0,5.0,5.0,5.0,5.0,5.0,5.0,5.0,5.0,5.0,5.0,4.0,5.0,5.0,5.0,4.0,5.0,5.0,5.0,5.0,5.0,5.0,5.0,5.0,,,,,,,,,,,,,,,,,,,,,,,,,,,,,,,,,,,,,,,,,,,,,,,,,,,,,,,,,,,,,,,,,,,,,,,,,,,,,,,,,,,,,,,,,,,,,,,,,"5,6,11,13,18",5.0,6.0,11.0,13.0,18.0,5.0,5.0,5.0,5.0,5.0,5.0,5.0,5.0,5.0,5.0,5.0,5.0,5.0,5.0,5.0,5.0,5.0,5.0,5.0,5.0,5.0,5.0,5.0,5.0,5.0,5.0,5.0,5.0,5.0,5.0,5.0,5.0,5.0,5.0,5.0,5.0,5.0,5.0,5.0,5.0,5.0,5.0,5.0,5.0,5.0,5.0,5.0,4.0,5.0,5.0,5.0,5.0,5.0,5.0,5.0,5.0,5.0,5.0,5.0,4.0,5.0,5.0,5.0,5.0,5.0,5.0,5.0,5.0,5.0,5.0,5.0,5.0,5.0,5.0,5.0,5.0,5.0,4.0,5.0,5.0,5.0,4.0,5.0,5.0,5.0,5.0,5.0,5.0,5.0,5.0,2.0,4.0,3.0,3.0,4.0,4.0,3.0,3.0,4.0,2.0,4.0,4.0,5.0,2.0,4.0,2.0,2.0,4.0,2.0,3.0,5.0
Not Disclosed,0,100,565,1,18.0,Male,"1,4,7,11,26",1.0,4.0,7.0,11.0,26.0,5.0,5.0,4.0,5.0,5.0,4.0,5.0,5.0,5.0,4.0,5.0,5.0,5.0,4.0,4.0,5.0,4.0,4.0,4.0,5.0,4.0,5.0,4.0,4.0,4.0,4.0,5.0,5.0,4.0,5.0,5.0,5.0,5.0,4.0,4.0,5.0,4.0,4.0,4.0,5.0,4.0,4.0,4.0,5.0,5.0,4.0,5.0,5.0,4.0,4.0,5.0,4.0,5.0,4.0,5.0,4.0,5.0,5.0,5.0,4.0,5.0,5.0,4.0,5.0,5.0,4.0,5.0,5.0,4.0,4.0,5.0,4.0,5.0,5.0,4.0,4.0,5.0,4.0,5.0,4.0,5.0,5.0,5.0,5.0,4.0,4.0,5.0,5.0,5.0,4.0,"1,4,7,11,26",1.0,4.0,7.0,11.0,26.0,5.0,5.0,4.0,5.0,5.0,4.0,5.0,5.0,5.0,4.0,5.0,5.0,5.0,4.0,4.0,5.0,4.0,4.0,4.0,5.0,4.0,5.0,4.0,4.0,4.0,4.0,5.0,5.0,4.0,5.0,5.0,5.0,5.0,4.0,4.0,5.0,4.0,4.0,4.0,5.0,4.0,4.0,4.0,5.0,5.0,4.0,5.0,5.0,4.0,4.0,5.0,4.0,5.0,4.0,5.0,4.0,5.0,5.0,5.0,4.0,5.0,5.0,4.0,5.0,5.0,4.0,5.0,5.0,4.0,4.0,5.0,4.0,5.0,5.0,4.0,4.0,5.0,4.0,5.0,4.0,5.0,5.0,5.0,5.0,4.0,4.0,5.0,5.0,5.0,4.0,,,,,,,,,,,,,,,,,,,,,,,,,,,,,,,,,,,,,,,,,,,,,,,,,,,,,,,,,,,,,,,,,,,,,,,,,,,,,,,,,,,,,,,,,,,,,,,,,4.0,4.0,2.0,2.0,4.0,3.0,4.0,1.0,2.0,2.0,4.0,5.0,5.0,4.0,4.0,2.0,4.0,4.0,4.0,4.0,2.0
Disclosed,0,100,357,1,21.0,Male,"11,13,14,20,32",11.0,13.0,14.0,20.0,32.0,3.0,3.0,3.0,3.0,4.0,3.0,3.0,3.0,3.0,3.0,3.0,3.0,3.0,3.0,3.0,3.0,3.0,3.0,4.0,3.0,5.0,4.0,3.0,3.0,3.0,5.0,3.0,4.0,3.0,4.0,4.0,5.0,3.0,2.0,4.0,5.0,4.0,4.0,4.0,5.0,4.0,3.0,5.0,4.0,3.0,3.0,3.0,3.0,4.0,3.0,3.0,3.0,3.0,4.0,3.0,4.0,4.0,4.0,3.0,3.0,4.0,3.0,3.0,4.0,3.0,3.0,3.0,4.0,5.0,4.0,4.0,4.0,4.0,4.0,4.0,4.0,4.0,4.0,5.0,3.0,4.0,4.0,4.0,4.0,4.0,3.0,4.0,4.0,4.0,4.0,,,,,,,,,,,,,,,,,,,,,,,,,,,,,,,,,,,,,,,,,,,,,,,,,,,,,,,,,,,,,,,,,,,,,,,,,,,,,,,,,,,,,,,,,,,,,,,,,"11,13,14,20,32",11.0,13.0,14.0,20.0,32.0,3.0,3.0,3.0,3.0,4.0,3.0,3.0,3.0,3.0,3.0,3.0,3.0,3.0,3.0,3.0,3.0,3.0,3.0,4.0,3.0,5.0,4.0,3.0,3.0,3.0,5.0,3.0,4.0,3.0,4.0,4.0,5.0,3.0,2.0,4.0,5.0,4.0,4.0,4.0,5.0,4.0,3.0,5.0,4.0,3.0,3.0,3.0,3.0,4.0,3.0,3.0,3.0,3.0,4.0,3.0,4.0,4.0,4.0,3.0,3.0,4.0,3.0,3.0,4.0,3.0,3.0,3.0,4.0,5.0,4.0,4.0,4.0,4.0,4.0,4.0,4.0,4.0,4.0,5.0,3.0,4.0,4.0,4.0,4.0,4.0,3.0,4.0,4.0,4.0,4.0,3.0,5.0,4.0,3.0,5.0,3.0,3.0,1.0,3.0,2.0,3.0,5.0,5.0,1.0,4.0,1.0,4.0,4.0,3.0,1.0,3.0
Not Disclosed,0,100,606,1,19.0,Female,"9,11,13,28,31",9.0,11.0,13.0,28.0,31.0,5.0,5.0,5.0,5.0,5.0,5.0,5.0,5.0,5.0,5.0,5.0,5.0,5.0,5.0,5.0,4.0,5.0,4.0,5.0,5.0,5.0,4.0,5.0,5.0,5.0,5.0,5.0,5.0,5.0,5.0,5.0,5.0,5.0,5.0,5.0,4.0,5.0,5.0,5.0,5.0,5.0,5.0,5.0,5.0,5.0,4.0,5.0,4.0,5.0,5.0,5.0,5.0,4.0,5.0,5.0,5.0,5.0,4.0,5.0,5.0,5.0,5.0,5.0,5.0,5.0,5.0,5.0,5.0,5.0,5.0,5.0,5.0,5.0,5.0,5.0,4.0,5.0,4.0,5.0,5.0,5.0,4.0,5.0,5.0,5.0,5.0,5.0,5.0,5.0,5.0,"9,11,13,28,31",9.0,11.0,13.0,28.0,31.0,5.0,5.0,5.0,5.0,5.0,5.0,5.0,5.0,5.0,5.0,5.0,5.0,5.0,5.0,5.0,4.0,5.0,4.0,5.0,5.0,5.0,4.0,5.0,5.0,5.0,5.0,5.0,5.0,5.0,5.0,5.0,5.0,5.0,5.0,5.0,4.0,5.0,5.0,5.0,5.0,5.0,5.0,5.0,5.0,5.0,4.0,5.0,4.0,5.0,5.0,5.0,5.0,4.0,5.0,5.0,5.0,5.0,4.0,5.0,5.0,5.0,5.0,5.0,5.0,5.0,5.0,5.0,5.0,5.0,5.0,5.0,5.0,5.0,5.0,5.0,4.0,5.0,4.0,5.0,5.0,5.0,4.0,5.0,5.0,5.0,5.0,5.0,5.0,5.0,5.0,,,,,,,,,,,,,,,,,,,,,,,,,,,,,,,,,,,,,,,,,,,,,,,,,,,,,,,,,,,,,,,,,,,,,,,,,,,,,,,,,,,,,,,,,,,,,,,,,1.0,4.0,3.0,2.0,5.0,4.0,2.0,4.0,4.0,5.0,3.0,2.0,5.0,2.0,4.0,4.0,1.0,3.0,1.0,2.0,4.0
Not Disclosed,0,100,827,1,21.0,Male,"6,11,26,30,23",6.0,11.0,26.0,30.0,23.0,2.0,2.0,1.0,4.0,3.0,3.0,4.0,3.0,4.0,3.0,4.0,3.0,2.0,1.0,3.0,3.0,3.0,5.0,4.0,3.0,4.0,4.0,4.0,3.0,4.0,3.0,4.0,2.0,4.0,3.0,4.0,4.0,2.0,4.0,4.0,4.0,4.0,4.0,4.0,3.0,4.0,2.0,4.0,4.0,4.0,3.0,4.0,4.0,4.0,4.0,4.0,4.0,4.0,3.0,4.0,4.0,4.0,4.0,5.0,4.0,4.0,4.0,4.0,4.0,4.0,4.0,4.0,4.0,4.0,4.0,4.0,3.0,4.0,4.0,3.0,3.0,4.0,4.0,4.0,4.0,4.0,5.0,3.0,4.0,4.0,4.0,4.0,4.0,5.0,4.0,"6,11,26,30,23",6.0,11.0,26.0,30.0,23.0,2.0,2.0,1.0,4.0,3.0,3.0,4.0,3.0,4.0,3.0,4.0,3.0,2.0,1.0,3.0,3.0,3.0,5.0,4.0,3.0,4.0,4.0,4.0,3.0,4.0,3.0,4.0,2.0,4.0,3.0,4.0,4.0,2.0,4.0,4.0,4.0,4.0,4.0,4.0,3.0,4.0,2.0,4.0,4.0,4.0,3.0,4.0,4.0,4.0,4.0,4.0,4.0,4.0,3.0,4.0,4.0,4.0,4.0,5.0,4.0,4.0,4.0,4.0,4.0,4.0,4.0,4.0,4.0,4.0,4.0,4.0,3.0,4.0,4.0,3.0,3.0,4.0,4.0,4.0,4.0,4.0,5.0,3.0,4.0,4.0,4.0,4.0,4.0,5.0,4.0,,,,,,,,,,,,,,,,,,,,,,,,,,,,,,,,,,,,,,,,,,,,,,,,,,,,,,,,,,,,,,,,,,,,,,,,,,,,,,,,,,,,,,,,,,,,,,,,,1.0,4.0,5.0,4.0,5.0,2.0,4.0,3.0,4.0,4.0,4.0,4.0,5.0,3.0,4.0,4.0,2.0,3.0,4.0,4.0,1.0
Disclosed,0,100,1322,1,18.0,Other,"9,22,25,26,31",9.0,22.0,25.0,26.0,31.0,4.0,4.0,4.0,4.0,4.0,5.0,4.0,4.0,4.0,4.0,4.0,4.0,4.0,3.0,4.0,3.0,4.0,5.0,4.0,4.0,4.0,5.0,4.0,4.0,4.0,4.0,4.0,4.0,4.0,4.0,4.0,4.0,3.0,4.0,4.0,4.0,5.0,4.0,4.0,5.0,4.0,3.0,4.0,4.0,4.0,3.0,3.0,4.0,4.0,4.0,4.0,5.0,4.0,4.0,4.0,4.0,4.0,3.0,3.0,4.0,4.0,4.0,4.0,4.0,4.0,3.0,4.0,4.0,4.0,4.0,4.0,4.0,3.0,4.0,4.0,4.0,3.0,4.0,5.0,5.0,4.0,4.0,4.0,4.0,4.0,4.0,4.0,4.0,3.0,4.0,,,,,,,,,,,,,,,,,,,,,,,,,,,,,,,,,,,,,,,,,,,,,,,,,,,,,,,,,,,,,,,,,,,,,,,,,,,,,,,,,,,,,,,,,,,,,,,,,"9,22,25,26,31",9.0,22.0,25.0,26.0,31.0,4.0,4.0,4.0,4.0,4.0,5.0,4.0,4.0,4.0,4.0,4.0,4.0,4.0,3.0,4.0,3.0,4.0,5.0,4.0,4.0,4.0,5.0,4.0,4.0,4.0,4.0,4.0,4.0,4.0,4.0,4.0,4.0,3.0,4.0,4.0,4.0,5.0,4.0,4.0,5.0,4.0,3.0,4.0,4.0,4.0,3.0,3.0,4.0,4.0,4.0,4.0,5.0,4.0,4.0,4.0,4.0,4.0,3.0,3.0,4.0,4.0,4.0,4.0,4.0,4.0,3.0,4.0,4.0,4.0,4.0,4.0,4.0,3.0,4.0,4.0,4.0,3.0,4.0,5.0,5.0,4.0,4.0,4.0,4.0,4.0,4.0,4.0,4.0,3.0,4.0,3.0,4.0,4.0,2.0,4.0,2.0,2.0,3.0,2.0,5.0,4.0,4.0,5.0,2.0,4.0,4.0,2.0,4.0,1.0,4.0,3.0
Not Disclosed,0,100,1101,1,26.0,Prefer not to say,"4,7,13,14,23",4.0,7.0,13.0,14.0,23.0,5.0,5.0,5.0,5.0,5.0,5.0,5.0,5.0,5.0,5.0,5.0,5.0,5.0,5.0,5.0,5.0,5.0,5.0,5.0,5.0,5.0,5.0,5.0,5.0,5.0,5.0,5.0,5.0,5.0,5.0,5.0,5.0,5.0,5.0,5.0,5.0,5.0,5.0,5.0,5.0,5.0,5.0,5.0,5.0,5.0,5.0,5.0,5.0,5.0,5.0,5.0,5.0,5.0,5.0,5.0,5.0,5.0,5.0,5.0,5.0,5.0,5.0,5.0,5.0,5.0,5.0,5.0,5.0,5.0,5.0,5.0,5.0,5.0,5.0,5.0,5.0,5.0,5.0,5.0,5.0,5.0,5.0,5.0,5.0,5.0,5.0,5.0,5.0,5.0,5.0,"4,7,13,14,23",4.0,7.0,13.0,14.0,23.0,5.0,5.0,5.0,5.0,5.0,5.0,5.0,5.0,5.0,5.0,5.0,5.0,5.0,5.0,5.0,5.0,5.0,5.0,5.0,5.0,5.0,5.0,5.0,5.0,5.0,5.0,5.0,5.0,5.0,5.0,5.0,5.0,5.0,5.0,5.0,5.0,5.0,5.0,5.0,5.0,5.0,5.0,5.0,5.0,5.0,5.0,5.0,5.0,5.0,5.0,5.0,5.0,5.0,5.0,5.0,5.0,5.0,5.0,5.0,5.0,5.0,5.0,5.0,5.0,5.0,5.0,5.0,5.0,5.0,5.0,5.0,5.0,5.0,5.0,5.0,5.0,5.0,5.0,5.0,5.0,5.0,5.0,5.0,5.0,5.0,5.0,5.0,5.0,5.0,5.0,,,,,,,,,,,,,,,,,,,,,,,,,,,,,,,,,,,,,,,,,,,,,,,,,,,,,,,,,,,,,,,,,,,,,,,,,,,,,,,,,,,,,,,,,,,,,,,,,2.0,3.0,4.0,3.0,3.0,4.0,2.0,4.0,4.0,4.0,3.0,2.0,5.0,2.0,4.0,5.0,2.0,1.0,3.0,3.0,4.0
Disclosed,0,100,1003,1,23.0,Male,"1,5,7,15,19",1.0,5.0,7.0,15.0,19.0,5.0,5.0,5.0,5.0,5.0,5.0,5.0,5.0,5.0,5.0,5.0,5.0,5.0,5.0,5.0,5.0,5.0,5.0,5.0,5.0,5.0,5.0,5.0,5.0,5.0,5.0,5.0,5.0,5.0,5.0,5.0,5.0,5.0,5.0,5.0,5.0,5.0,5.0,5.0,5.0,5.0,5.0,5.0,5.0,5.0,5.0,5.0,5.0,5.0,5.0,5.0,5.0,5.0,5.0,5.0,5.0,5.0,5.0,5.0,5.0,5.0,5.0,5.0,5.0,5.0,5.0,5.0,5.0,5.0,5.0,5.0,5.0,5.0,5.0,5.0,5.0,5.0,5.0,5.0,5.0,5.0,5.0,5.0,5.0,5.0,5.0,5.0,5.0,5.0,5.0,,,,,,,,,,,,,,,,,,,,,,,,,,,,,,,,,,,,,,,,,,,,,,,,,,,,,,,,,,,,,,,,,,,,,,,,,,,,,,,,,,,,,,,,,,,,,,,,,"1,5,7,15,19",1.0,5.0,7.0,15.0,19.0,5.0,5.0,5.0,5.0,5.0,5.0,5.0,5.0,5.0,5.0,5.0,5.0,5.0,5.0,5.0,5.0,5.0,5.0,5.0,5.0,5.0,5.0,5.0,5.0,5.0,5.0,5.0,5.0,5.0,5.0,5.0,5.0,5.0,5.0,5.0,5.0,5.0,5.0,5.0,5.0,5.0,5.0,5.0,5.0,5.0,5.0,5.0,5.0,5.0,5.0,5.0,5.0,5.0,5.0,5.0,5.0,5.0,5.0,5.0,5.0,5.0,5.0,5.0,5.0,5.0,5.0,5.0,5.0,5.0,5.0,5.0,5.0,5.0,5.0,5.0,5.0,5.0,5.0,5.0,5.0,5.0,5.0,5.0,5.0,5.0,5.0,5.0,5.0,5.0,5.0,1.0,5.0,4.0,4.0,5.0,3.0,4.0,2.0,4.0,4.0,4.0,4.0,5.0,2.0,5.0,3.0,2.0,3.0,4.0,4.0,4.0
Disclosed,0,100,1106,1,20.0,Male,"4,20,22,29,23",4.0,20.0,22.0,29.0,23.0,4.0,5.0,1.0,4.0,2.0,5.0,5.0,3.0,5.0,1.0,3.0,1.0,4.0,2.0,4.0,5.0,5.0,4.0,4.0,5.0,3.0,3.0,4.0,3.0,4.0,3.0,4.0,5.0,5.0,4.0,5.0,4.0,1.0,4.0,5.0,5.0,5.0,5.0,5.0,5.0,5.0,1.0,4.0,1.0,5.0,5.0,4.0,4.0,4.0,5.0,5.0,5.0,3.0,4.0,5.0,5.0,5.0,4.0,5.0,4.0,4.0,4.0,1.0,4.0,5.0,4.0,5.0,4.0,4.0,4.0,3.0,1.0,4.0,2.0,5.0,5.0,5.0,5.0,5.0,4.0,4.0,5.0,4.0,3.0,5.0,5.0,4.0,1.0,5.0,5.0,,,,,,,,,,,,,,,,,,,,,,,,,,,,,,,,,,,,,,,,,,,,,,,,,,,,,,,,,,,,,,,,,,,,,,,,,,,,,,,,,,,,,,,,,,,,,,,,,"4,20,22,29,23",4.0,20.0,22.0,29.0,23.0,4.0,5.0,1.0,4.0,2.0,5.0,5.0,3.0,5.0,1.0,3.0,1.0,4.0,2.0,4.0,5.0,5.0,4.0,4.0,5.0,3.0,3.0,4.0,3.0,4.0,3.0,4.0,5.0,5.0,4.0,5.0,4.0,1.0,4.0,5.0,5.0,5.0,5.0,5.0,5.0,5.0,1.0,4.0,1.0,5.0,5.0,4.0,4.0,4.0,5.0,5.0,5.0,3.0,4.0,5.0,5.0,5.0,4.0,5.0,4.0,4.0,4.0,1.0,4.0,5.0,4.0,5.0,4.0,4.0,4.0,3.0,1.0,4.0,2.0,5.0,5.0,5.0,5.0,5.0,4.0,4.0,5.0,4.0,3.0,5.0,5.0,4.0,1.0,5.0,5.0,3.0,1.0,2.0,2.0,4.0,2.0,3.0,2.0,3.0,3.0,4.0,4.0,5.0,4.0,4.0,2.0,4.0,3.0,4.0,4.0,3.0
Not Disclosed,0,100,553,1,22.0,Female,"6,28,29,30,31",6.0,28.0,29.0,30.0,31.0,4.0,4.0,4.0,4.0,4.0,3.0,4.0,4.0,4.0,4.0,4.0,3.0,4.0,3.0,3.0,2.0,3.0,3.0,4.0,4.0,4.0,3.0,4.0,4.0,4.0,4.0,4.0,2.0,4.0,4.0,4.0,3.0,4.0,4.0,3.0,4.0,4.0,4.0,4.0,4.0,4.0,3.0,3.0,4.0,3.0,2.0,4.0,4.0,3.0,2.0,4.0,3.0,3.0,4.0,4.0,3.0,4.0,2.0,4.0,3.0,4.0,4.0,5.0,4.0,3.0,4.0,4.0,4.0,5.0,4.0,4.0,2.0,3.0,4.0,3.0,3.0,3.0,3.0,3.0,4.0,3.0,3.0,2.0,3.0,3.0,4.0,4.0,3.0,4.0,4.0,"6,28,29,30,31",6.0,28.0,29.0,30.0,31.0,4.0,4.0,4.0,4.0,4.0,3.0,4.0,4.0,4.0,4.0,4.0,3.0,4.0,3.0,3.0,2.0,3.0,3.0,4.0,4.0,4.0,3.0,4.0,4.0,4.0,4.0,4.0,2.0,4.0,4.0,4.0,3.0,4.0,4.0,3.0,4.0,4.0,4.0,4.0,4.0,4.0,3.0,3.0,4.0,3.0,2.0,4.0,4.0,3.0,2.0,4.0,3.0,3.0,4.0,4.0,3.0,4.0,2.0,4.0,3.0,4.0,4.0,5.0,4.0,3.0,4.0,4.0,4.0,5.0,4.0,4.0,2.0,3.0,4.0,3.0,3.0,3.0,3.0,3.0,4.0,3.0,3.0,2.0,3.0,3.0,4.0,4.0,3.0,4.0,4.0,,,,,,,,,,,,,,,,,,,,,,,,,,,,,,,,,,,,,,,,,,,,,,,,,,,,,,,,,,,,,,,,,,,,,,,,,,,,,,,,,,,,,,,,,,,,,,,,,2.0,4.0,5.0,3.0,4.0,4.0,3.0,3.0,2.0,4.0,4.0,3.0,5.0,3.0,5.0,4.0,2.0,5.0,3.0,4.0,4.0
Disclosed,0,100,1046,1,21.0,Female,"13,29,30,31,23",13.0,29.0,30.0,31.0,23.0,4.0,4.0,4.0,4.0,4.0,4.0,4.0,4.0,4.0,4.0,4.0,4.0,4.0,4.0,4.0,5.0,5.0,5.0,5.0,5.0,5.0,5.0,5.0,5.0,5.0,5.0,5.0,5.0,5.0,5.0,5.0,3.0,3.0,5.0,5.0,5.0,5.0,5.0,5.0,4.0,5.0,3.0,4.0,5.0,4.0,4.0,4.0,3.0,5.0,4.0,5.0,5.0,5.0,3.0,5.0,4.0,5.0,3.0,5.0,4.0,4.0,3.0,3.0,4.0,4.0,4.0,4.0,5.0,5.0,4.0,4.0,3.0,3.0,4.0,4.0,5.0,5.0,4.0,5.0,4.0,5.0,4.0,5.0,4.0,5.0,5.0,5.0,3.0,5.0,5.0,,,,,,,,,,,,,,,,,,,,,,,,,,,,,,,,,,,,,,,,,,,,,,,,,,,,,,,,,,,,,,,,,,,,,,,,,,,,,,,,,,,,,,,,,,,,,,,,,"13,29,30,31,23",13.0,29.0,30.0,31.0,23.0,4.0,4.0,4.0,4.0,4.0,4.0,4.0,4.0,4.0,4.0,4.0,4.0,4.0,4.0,4.0,5.0,5.0,5.0,5.0,5.0,5.0,5.0,5.0,5.0,5.0,5.0,5.0,5.0,5.0,5.0,5.0,3.0,3.0,5.0,5.0,5.0,5.0,5.0,5.0,4.0,5.0,3.0,4.0,5.0,4.0,4.0,4.0,3.0,5.0,4.0,5.0,5.0,5.0,3.0,5.0,4.0,5.0,3.0,5.0,4.0,4.0,3.0,3.0,4.0,4.0,4.0,4.0,5.0,5.0,4.0,4.0,3.0,3.0,4.0,4.0,5.0,5.0,4.0,5.0,4.0,5.0,4.0,5.0,4.0,5.0,5.0,5.0,3.0,5.0,5.0,3.0,3.0,3.0,3.0,5.0,3.0,3.0,2.0,3.0,4.0,3.0,4.0,5.0,3.0,4.0,3.0,3.0,3.0,3.0,2.0,3.0
Not Disclosed,0,100,302,1,19.0,Female,"9,18,27,29,23",9.0,18.0,27.0,29.0,23.0,5.0,5.0,5.0,5.0,5.0,5.0,5.0,5.0,5.0,5.0,5.0,5.0,5.0,5.0,5.0,5.0,5.0,5.0,5.0,5.0,5.0,5.0,5.0,5.0,5.0,5.0,5.0,5.0,5.0,5.0,5.0,5.0,5.0,5.0,5.0,5.0,5.0,5.0,5.0,5.0,5.0,5.0,5.0,5.0,5.0,5.0,5.0,5.0,5.0,5.0,5.0,5.0,5.0,5.0,5.0,5.0,5.0,5.0,5.0,5.0,5.0,5.0,5.0,5.0,5.0,5.0,5.0,5.0,5.0,5.0,5.0,5.0,5.0,5.0,5.0,5.0,5.0,5.0,5.0,5.0,5.0,5.0,5.0,5.0,5.0,5.0,5.0,5.0,5.0,5.0,"9,18,27,29,23",9.0,18.0,27.0,29.0,23.0,5.0,5.0,5.0,5.0,5.0,5.0,5.0,5.0,5.0,5.0,5.0,5.0,5.0,5.0,5.0,5.0,5.0,5.0,5.0,5.0,5.0,5.0,5.0,5.0,5.0,5.0,5.0,5.0,5.0,5.0,5.0,5.0,5.0,5.0,5.0,5.0,5.0,5.0,5.0,5.0,5.0,5.0,5.0,5.0,5.0,5.0,5.0,5.0,5.0,5.0,5.0,5.0,5.0,5.0,5.0,5.0,5.0,5.0,5.0,5.0,5.0,5.0,5.0,5.0,5.0,5.0,5.0,5.0,5.0,5.0,5.0,5.0,5.0,5.0,5.0,5.0,5.0,5.0,5.0,5.0,5.0,5.0,5.0,5.0,5.0,5.0,5.0,5.0,5.0,5.0,,,,,,,,,,,,,,,,,,,,,,,,,,,,,,,,,,,,,,,,,,,,,,,,,,,,,,,,,,,,,,,,,,,,,,,,,,,,,,,,,,,,,,,,,,,,,,,,,3.0,4.0,3.0,3.0,4.0,3.0,3.0,2.0,3.0,3.0,4.0,4.0,5.0,3.0,3.0,2.0,3.0,4.0,3.0,2.0,2.0
Disclosed,0,100,910,1,21.0,Female,"6,9,11,29,23",6.0,9.0,11.0,29.0,23.0,4.0,2.0,3.0,5.0,4.0,5.0,5.0,4.0,5.0,4.0,4.0,2.0,4.0,2.0,4.0,2.0,4.0,4.0,5.0,4.0,4.0,4.0,4.0,3.0,5.0,3.0,5.0,2.0,5.0,5.0,5.0,2.0,1.0,5.0,4.0,5.0,5.0,5.0,5.0,5.0,5.0,1.0,1.0,5.0,2.0,2.0,1.0,1.0,5.0,5.0,5.0,5.0,5.0,1.0,5.0,5.0,5.0,1.0,5.0,5.0,4.0,2.0,1.0,2.0,2.0,5.0,5.0,4.0,5.0,5.0,5.0,4.0,1.0,4.0,2.0,3.0,4.0,4.0,5.0,5.0,5.0,4.0,4.0,1.0,4.0,5.0,4.0,2.0,5.0,3.0,,,,,,,,,,,,,,,,,,,,,,,,,,,,,,,,,,,,,,,,,,,,,,,,,,,,,,,,,,,,,,,,,,,,,,,,,,,,,,,,,,,,,,,,,,,,,,,,,"6,9,11,29,23",6.0,9.0,11.0,29.0,23.0,4.0,2.0,3.0,5.0,4.0,5.0,5.0,4.0,5.0,4.0,4.0,2.0,4.0,2.0,4.0,2.0,4.0,4.0,5.0,4.0,4.0,4.0,4.0,3.0,5.0,3.0,5.0,2.0,5.0,5.0,5.0,2.0,1.0,5.0,4.0,5.0,5.0,5.0,5.0,5.0,5.0,1.0,1.0,5.0,2.0,2.0,1.0,1.0,5.0,5.0,5.0,5.0,5.0,1.0,5.0,5.0,5.0,1.0,5.0,5.0,4.0,2.0,1.0,2.0,2.0,5.0,5.0,4.0,5.0,5.0,5.0,4.0,1.0,4.0,2.0,3.0,4.0,4.0,5.0,5.0,5.0,4.0,4.0,1.0,4.0,5.0,4.0,2.0,5.0,3.0,1.0,4.0,4.0,2.0,5.0,4.0,4.0,4.0,2.0,2.0,4.0,4.0,5.0,2.0,5.0,3.0,2.0,2.0,4.0,4.0,2.0
Not Disclosed,0,100,1216,1,20.0,Male,"7,9,35,24,31",7.0,9.0,35.0,24.0,31.0,3.0,4.0,2.0,5.0,4.0,4.0,5.0,5.0,5.0,5.0,5.0,2.0,4.0,1.0,4.0,4.0,4.0,4.0,4.0,4.0,5.0,3.0,4.0,2.0,4.0,4.0,4.0,4.0,5.0,2.0,4.0,4.0,4.0,4.0,5.0,5.0,5.0,5.0,5.0,4.0,4.0,4.0,4.0,2.0,5.0,4.0,2.0,4.0,4.0,5.0,5.0,3.0,5.0,5.0,5.0,5.0,5.0,1.0,5.0,4.0,5.0,5.0,4.0,4.0,5.0,4.0,5.0,5.0,5.0,5.0,4.0,4.0,4.0,4.0,4.0,4.0,2.0,4.0,4.0,4.0,5.0,3.0,4.0,4.0,5.0,4.0,4.0,3.0,4.0,2.0,"7,9,35,24,31",7.0,9.0,35.0,24.0,31.0,3.0,4.0,2.0,5.0,4.0,4.0,5.0,5.0,5.0,5.0,5.0,2.0,4.0,1.0,4.0,4.0,4.0,4.0,4.0,4.0,5.0,3.0,4.0,2.0,4.0,4.0,4.0,4.0,5.0,2.0,4.0,4.0,4.0,4.0,5.0,5.0,5.0,5.0,5.0,4.0,4.0,4.0,4.0,2.0,5.0,4.0,2.0,4.0,4.0,5.0,5.0,3.0,5.0,5.0,5.0,5.0,5.0,1.0,5.0,4.0,5.0,5.0,4.0,4.0,5.0,4.0,5.0,5.0,5.0,5.0,4.0,4.0,4.0,4.0,4.0,4.0,2.0,4.0,4.0,4.0,5.0,3.0,4.0,4.0,5.0,4.0,4.0,3.0,4.0,2.0,,,,,,,,,,,,,,,,,,,,,,,,,,,,,,,,,,,,,,,,,,,,,,,,,,,,,,,,,,,,,,,,,,,,,,,,,,,,,,,,,,,,,,,,,,,,,,,,,2.0,4.0,3.0,4.0,5.0,3.0,4.0,2.0,2.0,3.0,4.0,4.0,5.0,3.0,4.0,2.0,3.0,2.0,4.0,4.0,2.0
Disclosed,0,100,454,1,18.0,Female,"5,6,14,17,27",5.0,6.0,14.0,17.0,27.0,3.0,3.0,3.0,2.0,3.0,5.0,3.0,3.0,2.0,3.0,4.0,3.0,4.0,2.0,3.0,4.0,4.0,4.0,1.0,4.0,3.0,3.0,3.0,3.0,4.0,2.0,3.0,3.0,5.0,3.0,5.0,3.0,3.0,5.0,4.0,4.0,3.0,3.0,3.0,3.0,2.0,4.0,2.0,4.0,2.0,4.0,3.0,3.0,4.0,3.0,3.0,4.0,2.0,3.0,4.0,4.0,2.0,2.0,3.0,4.0,3.0,3.0,3.0,3.0,4.0,2.0,3.0,4.0,4.0,4.0,3.0,4.0,3.0,2.0,3.0,4.0,2.0,3.0,4.0,3.0,3.0,3.0,3.0,3.0,2.0,4.0,4.0,3.0,2.0,4.0,,,,,,,,,,,,,,,,,,,,,,,,,,,,,,,,,,,,,,,,,,,,,,,,,,,,,,,,,,,,,,,,,,,,,,,,,,,,,,,,,,,,,,,,,,,,,,,,,"5,6,14,17,27",5.0,6.0,14.0,17.0,27.0,3.0,3.0,3.0,2.0,3.0,5.0,3.0,3.0,2.0,3.0,4.0,3.0,4.0,2.0,3.0,4.0,4.0,4.0,1.0,4.0,3.0,3.0,3.0,3.0,4.0,2.0,3.0,3.0,5.0,3.0,5.0,3.0,3.0,5.0,4.0,4.0,3.0,3.0,3.0,3.0,2.0,4.0,2.0,4.0,2.0,4.0,3.0,3.0,4.0,3.0,3.0,4.0,2.0,3.0,4.0,4.0,2.0,2.0,3.0,4.0,3.0,3.0,3.0,3.0,4.0,2.0,3.0,4.0,4.0,4.0,3.0,4.0,3.0,2.0,3.0,4.0,2.0,3.0,4.0,3.0,3.0,3.0,3.0,3.0,2.0,4.0,4.0,3.0,2.0,4.0,4.0,2.0,3.0,4.0,2.0,4.0,4.0,3.0,3.0,4.0,2.0,2.0,5.0,4.0,3.0,4.0,4.0,4.0,3.0,4.0,3.0
Disclosed,0,100,397,1,20.0,Female,"4,19,28,29,31",4.0,19.0,28.0,29.0,31.0,4.0,4.0,4.0,5.0,5.0,4.0,4.0,5.0,4.0,5.0,4.0,4.0,4.0,4.0,5.0,4.0,5.0,4.0,5.0,5.0,5.0,4.0,5.0,4.0,5.0,4.0,5.0,4.0,5.0,5.0,4.0,5.0,5.0,4.0,5.0,5.0,5.0,5.0,5.0,4.0,4.0,2.0,4.0,4.0,4.0,5.0,4.0,4.0,5.0,4.0,5.0,4.0,4.0,5.0,4.0,4.0,4.0,5.0,5.0,4.0,5.0,5.0,4.0,4.0,4.0,5.0,5.0,4.0,4.0,4.0,4.0,5.0,2.0,4.0,5.0,5.0,5.0,4.0,5.0,4.0,4.0,4.0,5.0,5.0,4.0,5.0,4.0,5.0,4.0,4.0,,,,,,,,,,,,,,,,,,,,,,,,,,,,,,,,,,,,,,,,,,,,,,,,,,,,,,,,,,,,,,,,,,,,,,,,,,,,,,,,,,,,,,,,,,,,,,,,,"4,19,28,29,31",4.0,19.0,28.0,29.0,31.0,4.0,4.0,4.0,5.0,5.0,4.0,4.0,5.0,4.0,5.0,4.0,4.0,4.0,4.0,5.0,4.0,5.0,4.0,5.0,5.0,5.0,4.0,5.0,4.0,5.0,4.0,5.0,4.0,5.0,5.0,4.0,5.0,5.0,4.0,5.0,5.0,5.0,5.0,5.0,4.0,4.0,2.0,4.0,4.0,4.0,5.0,4.0,4.0,5.0,4.0,5.0,4.0,4.0,5.0,4.0,4.0,4.0,5.0,5.0,4.0,5.0,5.0,4.0,4.0,4.0,5.0,5.0,4.0,4.0,4.0,4.0,5.0,2.0,4.0,5.0,5.0,5.0,4.0,5.0,4.0,4.0,4.0,5.0,5.0,4.0,5.0,4.0,5.0,4.0,4.0,4.0,5.0,4.0,4.0,5.0,3.0,4.0,2.0,3.0,4.0,4.0,5.0,5.0,4.0,2.0,2.0,4.0,2.0,4.0,2.0,4.0
Not Disclosed,0,100,965,1,24.0,Female,"6,15,16,35,30",6.0,15.0,16.0,35.0,30.0,5.0,3.0,2.0,5.0,5.0,5.0,5.0,5.0,5.0,4.0,5.0,4.0,3.0,4.0,4.0,5.0,4.0,3.0,5.0,4.0,4.0,5.0,4.0,3.0,5.0,4.0,5.0,4.0,5.0,4.0,5.0,4.0,4.0,5.0,5.0,5.0,5.0,5.0,5.0,5.0,5.0,4.0,4.0,5.0,5.0,5.0,5.0,3.0,5.0,5.0,5.0,5.0,5.0,4.0,5.0,5.0,5.0,3.0,5.0,5.0,5.0,5.0,4.0,5.0,5.0,5.0,5.0,5.0,5.0,5.0,5.0,4.0,4.0,5.0,4.0,5.0,5.0,4.0,5.0,5.0,5.0,5.0,5.0,5.0,5.0,5.0,5.0,4.0,5.0,5.0,"6,15,16,35,30",6.0,15.0,16.0,35.0,30.0,5.0,3.0,2.0,5.0,5.0,5.0,5.0,5.0,5.0,4.0,5.0,4.0,3.0,4.0,4.0,5.0,4.0,3.0,5.0,4.0,4.0,5.0,4.0,3.0,5.0,4.0,5.0,4.0,5.0,4.0,5.0,4.0,4.0,5.0,5.0,5.0,5.0,5.0,5.0,5.0,5.0,4.0,4.0,5.0,5.0,5.0,5.0,3.0,5.0,5.0,5.0,5.0,5.0,4.0,5.0,5.0,5.0,3.0,5.0,5.0,5.0,5.0,4.0,5.0,5.0,5.0,5.0,5.0,5.0,5.0,5.0,4.0,4.0,5.0,4.0,5.0,5.0,4.0,5.0,5.0,5.0,5.0,5.0,5.0,5.0,5.0,5.0,4.0,5.0,5.0,,,,,,,,,,,,,,,,,,,,,,,,,,,,,,,,,,,,,,,,,,,,,,,,,,,,,,,,,,,,,,,,,,,,,,,,,,,,,,,,,,,,,,,,,,,,,,,,,1.0,4.0,5.0,3.0,2.0,5.0,3.0,4.0,3.0,5.0,4.0,3.0,5.0,2.0,3.0,5.0,2.0,3.0,1.0,4.0,4.0
Not Disclosed,0,100,1280,1,21.0,Female,"6,13,30,31,23",6.0,13.0,30.0,31.0,23.0,4.0,4.0,5.0,5.0,4.0,4.0,4.0,3.0,5.0,3.0,4.0,3.0,4.0,3.0,4.0,4.0,5.0,2.0,4.0,4.0,4.0,5.0,5.0,4.0,5.0,5.0,5.0,5.0,5.0,5.0,5.0,4.0,5.0,5.0,5.0,5.0,5.0,5.0,5.0,4.0,5.0,4.0,2.0,4.0,5.0,5.0,5.0,3.0,5.0,4.0,5.0,5.0,5.0,4.0,5.0,5.0,5.0,3.0,5.0,5.0,4.0,4.0,5.0,4.0,5.0,5.0,5.0,4.0,5.0,4.0,5.0,2.0,4.0,5.0,4.0,3.0,5.0,5.0,5.0,5.0,4.0,5.0,5.0,4.0,5.0,5.0,5.0,4.0,5.0,5.0,"6,13,30,31,23",6.0,13.0,30.0,31.0,23.0,4.0,4.0,5.0,5.0,4.0,4.0,4.0,3.0,5.0,3.0,4.0,3.0,4.0,3.0,4.0,4.0,5.0,2.0,4.0,4.0,4.0,5.0,5.0,4.0,5.0,5.0,5.0,5.0,5.0,5.0,5.0,4.0,5.0,5.0,5.0,5.0,5.0,5.0,5.0,4.0,5.0,4.0,2.0,4.0,5.0,5.0,5.0,3.0,5.0,4.0,5.0,5.0,5.0,4.0,5.0,5.0,5.0,3.0,5.0,5.0,4.0,4.0,5.0,4.0,5.0,5.0,5.0,4.0,5.0,4.0,5.0,2.0,4.0,5.0,4.0,3.0,5.0,5.0,5.0,5.0,4.0,5.0,5.0,4.0,5.0,5.0,5.0,4.0,5.0,5.0,,,,,,,,,,,,,,,,,,,,,,,,,,,,,,,,,,,,,,,,,,,,,,,,,,,,,,,,,,,,,,,,,,,,,,,,,,,,,,,,,,,,,,,,,,,,,,,,,1.0,1.0,5.0,1.0,2.0,5.0,1.0,5.0,5.0,5.0,1.0,1.0,5.0,1.0,1.0,5.0,1.0,1.0,1.0,5.0,4.0
Disclosed,0,100,1126,1,20.0,Male,"9,13,17,22,23",9.0,13.0,17.0,22.0,23.0,5.0,5.0,5.0,5.0,5.0,5.0,5.0,5.0,5.0,5.0,5.0,5.0,5.0,5.0,5.0,5.0,5.0,5.0,5.0,5.0,5.0,5.0,5.0,5.0,5.0,5.0,5.0,5.0,5.0,5.0,5.0,5.0,5.0,5.0,5.0,5.0,5.0,5.0,5.0,5.0,5.0,5.0,5.0,5.0,5.0,5.0,5.0,5.0,5.0,5.0,5.0,5.0,5.0,5.0,5.0,5.0,5.0,5.0,5.0,5.0,5.0,5.0,5.0,5.0,5.0,5.0,5.0,5.0,5.0,5.0,5.0,2.0,4.0,3.0,5.0,5.0,5.0,5.0,5.0,5.0,5.0,5.0,5.0,3.0,4.0,5.0,5.0,5.0,5.0,5.0,,,,,,,,,,,,,,,,,,,,,,,,,,,,,,,,,,,,,,,,,,,,,,,,,,,,,,,,,,,,,,,,,,,,,,,,,,,,,,,,,,,,,,,,,,,,,,,,,"9,13,17,22,23",9.0,13.0,17.0,22.0,23.0,5.0,5.0,5.0,5.0,5.0,5.0,5.0,5.0,5.0,5.0,5.0,5.0,5.0,5.0,5.0,5.0,5.0,5.0,5.0,5.0,5.0,5.0,5.0,5.0,5.0,5.0,5.0,5.0,5.0,5.0,5.0,5.0,5.0,5.0,5.0,5.0,5.0,5.0,5.0,5.0,5.0,5.0,5.0,5.0,5.0,5.0,5.0,5.0,5.0,5.0,5.0,5.0,5.0,5.0,5.0,5.0,5.0,5.0,5.0,5.0,5.0,5.0,5.0,5.0,5.0,5.0,5.0,5.0,5.0,5.0,5.0,2.0,4.0,3.0,5.0,5.0,5.0,5.0,5.0,5.0,5.0,5.0,5.0,3.0,4.0,5.0,5.0,5.0,5.0,5.0,1.0,5.0,4.0,5.0,5.0,3.0,4.0,1.0,2.0,4.0,5.0,5.0,5.0,4.0,5.0,2.0,4.0,4.0,5.0,3.0,5.0
Not Disclosed,0,100,622,1,21.0,Female,"19,35,28,29,30",19.0,35.0,28.0,29.0,30.0,5.0,5.0,5.0,5.0,5.0,5.0,5.0,5.0,5.0,5.0,5.0,5.0,5.0,5.0,5.0,5.0,5.0,2.0,5.0,5.0,2.0,5.0,5.0,5.0,5.0,5.0,5.0,5.0,5.0,5.0,5.0,3.0,5.0,4.0,5.0,4.0,4.0,4.0,4.0,5.0,5.0,5.0,5.0,4.0,4.0,5.0,4.0,5.0,5.0,5.0,4.0,5.0,5.0,5.0,4.0,5.0,5.0,4.0,5.0,5.0,3.0,4.0,5.0,4.0,5.0,5.0,5.0,5.0,5.0,4.0,4.0,5.0,3.0,3.0,5.0,5.0,5.0,2.0,5.0,5.0,5.0,5.0,4.0,5.0,5.0,5.0,5.0,5.0,5.0,5.0,"19,35,28,29,30",19.0,35.0,28.0,29.0,30.0,5.0,5.0,5.0,5.0,5.0,5.0,5.0,5.0,5.0,5.0,5.0,5.0,5.0,5.0,5.0,5.0,5.0,2.0,5.0,5.0,2.0,5.0,5.0,5.0,5.0,5.0,5.0,5.0,5.0,5.0,5.0,3.0,5.0,4.0,5.0,4.0,4.0,4.0,4.0,5.0,5.0,5.0,5.0,4.0,4.0,5.0,4.0,5.0,5.0,5.0,4.0,5.0,5.0,5.0,4.0,5.0,5.0,4.0,5.0,5.0,3.0,4.0,5.0,4.0,5.0,5.0,5.0,5.0,5.0,4.0,4.0,5.0,3.0,3.0,5.0,5.0,5.0,2.0,5.0,5.0,5.0,5.0,4.0,5.0,5.0,5.0,5.0,5.0,5.0,5.0,,,,,,,,,,,,,,,,,,,,,,,,,,,,,,,,,,,,,,,,,,,,,,,,,,,,,,,,,,,,,,,,,,,,,,,,,,,,,,,,,,,,,,,,,,,,,,,,,5.0,5.0,4.0,5.0,5.0,3.0,5.0,1.0,1.0,1.0,4.0,5.0,5.0,5.0,5.0,1.0,5.0,5.0,5.0,1.0,1.0
Not Disclosed,0,100,847,1,22.0,Male,"6,11,12,28,29",6.0,11.0,12.0,28.0,29.0,5.0,4.0,5.0,5.0,4.0,5.0,4.0,4.0,5.0,4.0,4.0,4.0,5.0,4.0,4.0,4.0,4.0,4.0,5.0,5.0,4.0,4.0,4.0,4.0,4.0,4.0,5.0,4.0,5.0,4.0,4.0,4.0,5.0,5.0,4.0,5.0,4.0,4.0,4.0,4.0,4.0,4.0,4.0,4.0,4.0,3.0,5.0,4.0,4.0,5.0,4.0,4.0,4.0,4.0,4.0,4.0,5.0,4.0,4.0,4.0,4.0,3.0,4.0,4.0,4.0,4.0,5.0,4.0,5.0,4.0,4.0,2.0,4.0,4.0,4.0,2.0,4.0,4.0,4.0,4.0,4.0,3.0,4.0,3.0,4.0,5.0,5.0,4.0,4.0,4.0,"6,11,12,28,29",6.0,11.0,12.0,28.0,29.0,5.0,4.0,5.0,5.0,4.0,5.0,4.0,4.0,5.0,4.0,4.0,4.0,5.0,4.0,4.0,4.0,4.0,4.0,5.0,5.0,4.0,4.0,4.0,4.0,4.0,4.0,5.0,4.0,5.0,4.0,4.0,4.0,5.0,5.0,4.0,5.0,4.0,4.0,4.0,4.0,4.0,4.0,4.0,4.0,4.0,3.0,5.0,4.0,4.0,5.0,4.0,4.0,4.0,4.0,4.0,4.0,5.0,4.0,4.0,4.0,4.0,3.0,4.0,4.0,4.0,4.0,5.0,4.0,5.0,4.0,4.0,2.0,4.0,4.0,4.0,2.0,4.0,4.0,4.0,4.0,4.0,3.0,4.0,3.0,4.0,5.0,5.0,4.0,4.0,4.0,,,,,,,,,,,,,,,,,,,,,,,,,,,,,,,,,,,,,,,,,,,,,,,,,,,,,,,,,,,,,,,,,,,,,,,,,,,,,,,,,,,,,,,,,,,,,,,,,4.0,4.0,5.0,4.0,4.0,4.0,4.0,3.0,2.0,3.0,4.0,4.0,5.0,5.0,5.0,3.0,3.0,4.0,5.0,2.0,3.0
Not Disclosed,0,100,474,1,21.0,Other,"9,22,27,29,30",9.0,22.0,27.0,29.0,30.0,2.0,4.0,4.0,2.0,2.0,4.0,2.0,2.0,2.0,2.0,2.0,2.0,4.0,2.0,4.0,4.0,4.0,2.0,2.0,4.0,2.0,2.0,4.0,4.0,2.0,2.0,2.0,2.0,2.0,2.0,4.0,2.0,4.0,4.0,2.0,4.0,2.0,2.0,2.0,2.0,2.0,2.0,2.0,2.0,4.0,3.0,2.0,4.0,2.0,2.0,2.0,2.0,4.0,2.0,2.0,2.0,2.0,2.0,4.0,2.0,4.0,4.0,4.0,2.0,2.0,2.0,2.0,4.0,4.0,2.0,2.0,2.0,2.0,4.0,2.0,4.0,4.0,2.0,2.0,2.0,4.0,4.0,4.0,4.0,4.0,2.0,2.0,4.0,4.0,4.0,"9,22,27,29,30",9.0,22.0,27.0,29.0,30.0,2.0,4.0,4.0,2.0,2.0,4.0,2.0,2.0,2.0,2.0,2.0,2.0,4.0,2.0,4.0,4.0,4.0,2.0,2.0,4.0,2.0,2.0,4.0,4.0,2.0,2.0,2.0,2.0,2.0,2.0,4.0,2.0,4.0,4.0,2.0,4.0,2.0,2.0,2.0,2.0,2.0,2.0,2.0,2.0,4.0,3.0,2.0,4.0,2.0,2.0,2.0,2.0,4.0,2.0,2.0,2.0,2.0,2.0,4.0,2.0,4.0,4.0,4.0,2.0,2.0,2.0,2.0,4.0,4.0,2.0,2.0,2.0,2.0,4.0,2.0,4.0,4.0,2.0,2.0,2.0,4.0,4.0,4.0,4.0,4.0,2.0,2.0,4.0,4.0,4.0,,,,,,,,,,,,,,,,,,,,,,,,,,,,,,,,,,,,,,,,,,,,,,,,,,,,,,,,,,,,,,,,,,,,,,,,,,,,,,,,,,,,,,,,,,,,,,,,,2.0,4.0,4.0,4.0,4.0,3.0,3.0,2.0,2.0,2.0,4.0,4.0,5.0,3.0,4.0,2.0,4.0,4.0,4.0,3.0,2.0
Not Disclosed,0,100,578,1,21.0,Male,"1,5,7,12,22",1.0,5.0,7.0,12.0,22.0,5.0,5.0,5.0,5.0,5.0,5.0,5.0,5.0,5.0,5.0,5.0,5.0,5.0,5.0,5.0,5.0,5.0,5.0,5.0,5.0,5.0,5.0,5.0,5.0,5.0,5.0,5.0,5.0,5.0,5.0,5.0,4.0,5.0,5.0,5.0,5.0,5.0,5.0,5.0,5.0,5.0,5.0,5.0,5.0,5.0,5.0,5.0,5.0,5.0,5.0,5.0,5.0,5.0,5.0,5.0,5.0,5.0,5.0,5.0,5.0,5.0,5.0,5.0,5.0,5.0,5.0,5.0,5.0,5.0,5.0,5.0,5.0,5.0,5.0,5.0,5.0,5.0,5.0,5.0,5.0,5.0,5.0,5.0,5.0,5.0,5.0,5.0,5.0,5.0,5.0,"1,5,7,12,22",1.0,5.0,7.0,12.0,22.0,5.0,5.0,5.0,5.0,5.0,5.0,5.0,5.0,5.0,5.0,5.0,5.0,5.0,5.0,5.0,5.0,5.0,5.0,5.0,5.0,5.0,5.0,5.0,5.0,5.0,5.0,5.0,5.0,5.0,5.0,5.0,4.0,5.0,5.0,5.0,5.0,5.0,5.0,5.0,5.0,5.0,5.0,5.0,5.0,5.0,5.0,5.0,5.0,5.0,5.0,5.0,5.0,5.0,5.0,5.0,5.0,5.0,5.0,5.0,5.0,5.0,5.0,5.0,5.0,5.0,5.0,5.0,5.0,5.0,5.0,5.0,5.0,5.0,5.0,5.0,5.0,5.0,5.0,5.0,5.0,5.0,5.0,5.0,5.0,5.0,5.0,5.0,5.0,5.0,5.0,,,,,,,,,,,,,,,,,,,,,,,,,,,,,,,,,,,,,,,,,,,,,,,,,,,,,,,,,,,,,,,,,,,,,,,,,,,,,,,,,,,,,,,,,,,,,,,,,2.0,3.0,5.0,3.0,4.0,3.0,4.0,3.0,3.0,3.0,4.0,5.0,5.0,1.0,4.0,3.0,1.0,4.0,1.0,3.0,5.0
Disclosed,0,100,1359,1,20.0,Female,"12,18,19,35,29",12.0,18.0,19.0,35.0,29.0,5.0,4.0,4.0,5.0,5.0,5.0,5.0,5.0,5.0,5.0,5.0,1.0,5.0,5.0,4.0,4.0,5.0,4.0,5.0,5.0,5.0,5.0,5.0,5.0,5.0,5.0,5.0,1.0,5.0,4.0,5.0,4.0,4.0,5.0,5.0,5.0,5.0,5.0,5.0,5.0,5.0,1.0,5.0,5.0,5.0,4.0,5.0,2.0,5.0,5.0,5.0,5.0,5.0,4.0,5.0,5.0,5.0,1.0,5.0,4.0,5.0,5.0,4.0,5.0,5.0,5.0,5.0,5.0,5.0,5.0,5.0,5.0,5.0,5.0,5.0,5.0,5.0,5.0,5.0,5.0,5.0,5.0,5.0,4.0,5.0,5.0,5.0,4.0,5.0,5.0,,,,,,,,,,,,,,,,,,,,,,,,,,,,,,,,,,,,,,,,,,,,,,,,,,,,,,,,,,,,,,,,,,,,,,,,,,,,,,,,,,,,,,,,,,,,,,,,,"12,18,19,35,29",12.0,18.0,19.0,35.0,29.0,5.0,4.0,4.0,5.0,5.0,5.0,5.0,5.0,5.0,5.0,5.0,1.0,5.0,5.0,4.0,4.0,5.0,4.0,5.0,5.0,5.0,5.0,5.0,5.0,5.0,5.0,5.0,1.0,5.0,4.0,5.0,4.0,4.0,5.0,5.0,5.0,5.0,5.0,5.0,5.0,5.0,1.0,5.0,5.0,5.0,4.0,5.0,2.0,5.0,5.0,5.0,5.0,5.0,4.0,5.0,5.0,5.0,1.0,5.0,4.0,5.0,5.0,4.0,5.0,5.0,5.0,5.0,5.0,5.0,5.0,5.0,5.0,5.0,5.0,5.0,5.0,5.0,5.0,5.0,5.0,5.0,5.0,5.0,4.0,5.0,5.0,5.0,4.0,5.0,5.0,1.0,2.0,5.0,1.0,4.0,4.0,1.0,5.0,5.0,5.0,1.0,2.0,5.0,4.0,2.0,5.0,4.0,1.0,1.0,5.0,5.0
Disclosed,0,100,4558,1,21.0,Female,"9,13,15,22,30",9.0,13.0,15.0,22.0,30.0,2.0,5.0,2.0,5.0,5.0,4.0,5.0,4.0,5.0,3.0,4.0,2.0,2.0,3.0,4.0,2.0,2.0,2.0,5.0,4.0,4.0,4.0,4.0,4.0,5.0,5.0,5.0,2.0,2.0,2.0,4.0,2.0,5.0,5.0,4.0,4.0,5.0,4.0,5.0,4.0,5.0,2.0,2.0,2.0,5.0,2.0,2.0,2.0,5.0,4.0,2.0,4.0,5.0,5.0,4.0,5.0,5.0,2.0,2.0,4.0,2.0,2.0,4.0,5.0,5.0,4.0,4.0,4.0,4.0,4.0,4.0,2.0,2.0,2.0,4.0,2.0,1.0,2.0,4.0,4.0,2.0,5.0,4.0,5.0,5.0,5.0,4.0,2.0,2.0,2.0,,,,,,,,,,,,,,,,,,,,,,,,,,,,,,,,,,,,,,,,,,,,,,,,,,,,,,,,,,,,,,,,,,,,,,,,,,,,,,,,,,,,,,,,,,,,,,,,,"9,13,15,22,30",9.0,13.0,15.0,22.0,30.0,2.0,5.0,2.0,5.0,5.0,4.0,5.0,4.0,5.0,3.0,4.0,2.0,2.0,3.0,4.0,2.0,2.0,2.0,5.0,4.0,4.0,4.0,4.0,4.0,5.0,5.0,5.0,2.0,2.0,2.0,4.0,2.0,5.0,5.0,4.0,4.0,5.0,4.0,5.0,4.0,5.0,2.0,2.0,2.0,5.0,2.0,2.0,2.0,5.0,4.0,2.0,4.0,5.0,5.0,4.0,5.0,5.0,2.0,2.0,4.0,2.0,2.0,4.0,5.0,5.0,4.0,4.0,4.0,4.0,4.0,4.0,2.0,2.0,2.0,4.0,2.0,1.0,2.0,4.0,4.0,2.0,5.0,4.0,5.0,5.0,5.0,4.0,2.0,2.0,2.0,1.0,4.0,2.0,3.0,4.0,3.0,1.0,1.0,2.0,2.0,4.0,3.0,5.0,1.0,4.0,1.0,2.0,1.0,2.0,2.0,2.0
Not Disclosed,0,100,843,1,23.0,Female,"5,9,13,15,18",5.0,9.0,13.0,15.0,18.0,5.0,5.0,5.0,5.0,5.0,5.0,5.0,5.0,5.0,5.0,5.0,5.0,5.0,5.0,5.0,5.0,5.0,5.0,5.0,5.0,5.0,5.0,5.0,5.0,5.0,5.0,5.0,5.0,5.0,5.0,5.0,5.0,5.0,5.0,5.0,5.0,5.0,5.0,5.0,5.0,5.0,5.0,5.0,5.0,5.0,5.0,5.0,5.0,5.0,5.0,5.0,5.0,5.0,5.0,5.0,5.0,5.0,5.0,5.0,5.0,5.0,5.0,5.0,5.0,5.0,5.0,5.0,5.0,5.0,5.0,5.0,5.0,5.0,5.0,5.0,5.0,5.0,5.0,5.0,5.0,5.0,5.0,5.0,5.0,5.0,5.0,5.0,5.0,5.0,5.0,"5,9,13,15,18",5.0,9.0,13.0,15.0,18.0,5.0,5.0,5.0,5.0,5.0,5.0,5.0,5.0,5.0,5.0,5.0,5.0,5.0,5.0,5.0,5.0,5.0,5.0,5.0,5.0,5.0,5.0,5.0,5.0,5.0,5.0,5.0,5.0,5.0,5.0,5.0,5.0,5.0,5.0,5.0,5.0,5.0,5.0,5.0,5.0,5.0,5.0,5.0,5.0,5.0,5.0,5.0,5.0,5.0,5.0,5.0,5.0,5.0,5.0,5.0,5.0,5.0,5.0,5.0,5.0,5.0,5.0,5.0,5.0,5.0,5.0,5.0,5.0,5.0,5.0,5.0,5.0,5.0,5.0,5.0,5.0,5.0,5.0,5.0,5.0,5.0,5.0,5.0,5.0,5.0,5.0,5.0,5.0,5.0,5.0,,,,,,,,,,,,,,,,,,,,,,,,,,,,,,,,,,,,,,,,,,,,,,,,,,,,,,,,,,,,,,,,,,,,,,,,,,,,,,,,,,,,,,,,,,,,,,,,,1.0,4.0,3.0,3.0,5.0,2.0,1.0,3.0,4.0,3.0,3.0,3.0,5.0,5.0,5.0,4.0,4.0,3.0,1.0,4.0,3.0
Disclosed,0,100,540,1,18.0,Female,"20,26,27,29,30",20.0,26.0,27.0,29.0,30.0,4.0,4.0,4.0,4.0,4.0,4.0,4.0,4.0,4.0,4.0,4.0,4.0,4.0,4.0,4.0,4.0,4.0,4.0,4.0,4.0,4.0,4.0,4.0,4.0,4.0,4.0,4.0,4.0,4.0,4.0,5.0,5.0,5.0,5.0,5.0,5.0,5.0,5.0,5.0,5.0,5.0,5.0,5.0,5.0,5.0,5.0,5.0,5.0,5.0,5.0,5.0,5.0,5.0,5.0,5.0,5.0,5.0,5.0,5.0,5.0,4.0,4.0,4.0,4.0,4.0,4.0,4.0,4.0,4.0,4.0,4.0,4.0,4.0,4.0,4.0,4.0,4.0,4.0,4.0,4.0,4.0,4.0,4.0,4.0,4.0,4.0,4.0,4.0,4.0,4.0,,,,,,,,,,,,,,,,,,,,,,,,,,,,,,,,,,,,,,,,,,,,,,,,,,,,,,,,,,,,,,,,,,,,,,,,,,,,,,,,,,,,,,,,,,,,,,,,,"20,26,27,29,30",20.0,26.0,27.0,29.0,30.0,4.0,4.0,4.0,4.0,4.0,4.0,4.0,4.0,4.0,4.0,4.0,4.0,4.0,4.0,4.0,4.0,4.0,4.0,4.0,4.0,4.0,4.0,4.0,4.0,4.0,4.0,4.0,4.0,4.0,4.0,5.0,5.0,5.0,5.0,5.0,5.0,5.0,5.0,5.0,5.0,5.0,5.0,5.0,5.0,5.0,5.0,5.0,5.0,5.0,5.0,5.0,5.0,5.0,5.0,5.0,5.0,5.0,5.0,5.0,5.0,4.0,4.0,4.0,4.0,4.0,4.0,4.0,4.0,4.0,4.0,4.0,4.0,4.0,4.0,4.0,4.0,4.0,4.0,4.0,4.0,4.0,4.0,4.0,4.0,4.0,4.0,4.0,4.0,4.0,4.0,2.0,4.0,4.0,3.0,4.0,5.0,2.0,3.0,1.0,3.0,4.0,4.0,5.0,3.0,2.0,3.0,3.0,3.0,2.0,3.0,2.0
Not Disclosed,0,100,2327,1,22.0,Female,"7,18,24,31,32",7.0,18.0,24.0,31.0,32.0,3.0,4.0,5.0,5.0,5.0,5.0,4.0,4.0,3.0,4.0,5.0,4.0,5.0,5.0,4.0,5.0,5.0,4.0,5.0,4.0,5.0,4.0,5.0,4.0,5.0,5.0,4.0,5.0,4.0,4.0,4.0,4.0,4.0,3.0,5.0,4.0,5.0,4.0,5.0,5.0,5.0,5.0,5.0,5.0,4.0,3.0,4.0,5.0,4.0,5.0,3.0,5.0,4.0,5.0,5.0,5.0,4.0,5.0,5.0,5.0,4.0,4.0,5.0,5.0,4.0,4.0,5.0,5.0,4.0,4.0,4.0,4.0,4.0,4.0,4.0,5.0,5.0,3.0,4.0,5.0,4.0,5.0,5.0,3.0,5.0,5.0,4.0,3.0,4.0,4.0,"7,18,24,31,32",7.0,18.0,24.0,31.0,32.0,3.0,4.0,5.0,5.0,5.0,5.0,4.0,4.0,3.0,4.0,5.0,4.0,5.0,5.0,4.0,5.0,5.0,4.0,5.0,4.0,5.0,4.0,5.0,4.0,5.0,5.0,4.0,5.0,4.0,4.0,4.0,4.0,4.0,3.0,5.0,4.0,5.0,4.0,5.0,5.0,5.0,5.0,5.0,5.0,4.0,3.0,4.0,5.0,4.0,5.0,3.0,5.0,4.0,5.0,5.0,5.0,4.0,5.0,5.0,5.0,4.0,4.0,5.0,5.0,4.0,4.0,5.0,5.0,4.0,4.0,4.0,4.0,4.0,4.0,4.0,5.0,5.0,3.0,4.0,5.0,4.0,5.0,5.0,3.0,5.0,5.0,4.0,3.0,4.0,4.0,,,,,,,,,,,,,,,,,,,,,,,,,,,,,,,,,,,,,,,,,,,,,,,,,,,,,,,,,,,,,,,,,,,,,,,,,,,,,,,,,,,,,,,,,,,,,,,,,4.0,4.0,5.0,3.0,3.0,4.0,2.0,4.0,4.0,5.0,4.0,2.0,5.0,1.0,3.0,4.0,1.0,4.0,4.0,4.0,3.0
Not Disclosed,0,100,1577,1,19.0,Female,"7,9,11,15,28",7.0,9.0,11.0,15.0,28.0,2.0,3.0,3.0,5.0,4.0,5.0,5.0,4.0,5.0,4.0,5.0,2.0,3.0,2.0,3.0,3.0,3.0,2.0,5.0,3.0,3.0,2.0,3.0,3.0,4.0,4.0,5.0,2.0,3.0,3.0,2.0,4.0,5.0,5.0,4.0,3.0,5.0,4.0,4.0,2.0,5.0,2.0,2.0,3.0,4.0,2.0,5.0,2.0,5.0,4.0,4.0,2.0,2.0,3.0,4.0,5.0,5.0,5.0,3.0,1.0,2.0,3.0,3.0,5.0,5.0,4.0,4.0,3.0,5.0,2.0,4.0,1.0,2.0,3.0,3.0,3.0,3.0,3.0,5.0,2.0,4.0,1.0,2.0,3.0,4.0,4.0,4.0,2.0,2.0,1.0,"7,9,11,15,28",7.0,9.0,11.0,15.0,28.0,2.0,3.0,3.0,5.0,4.0,5.0,5.0,4.0,5.0,4.0,5.0,2.0,3.0,2.0,3.0,3.0,3.0,2.0,5.0,3.0,3.0,2.0,3.0,3.0,4.0,4.0,5.0,2.0,3.0,3.0,2.0,4.0,5.0,5.0,4.0,3.0,5.0,4.0,4.0,2.0,5.0,2.0,2.0,3.0,4.0,2.0,5.0,2.0,5.0,4.0,4.0,2.0,2.0,3.0,4.0,5.0,5.0,5.0,3.0,1.0,2.0,3.0,3.0,5.0,5.0,4.0,4.0,3.0,5.0,2.0,4.0,1.0,2.0,3.0,3.0,3.0,3.0,3.0,5.0,2.0,4.0,1.0,2.0,3.0,4.0,4.0,4.0,2.0,2.0,1.0,,,,,,,,,,,,,,,,,,,,,,,,,,,,,,,,,,,,,,,,,,,,,,,,,,,,,,,,,,,,,,,,,,,,,,,,,,,,,,,,,,,,,,,,,,,,,,,,,2.0,3.0,2.0,1.0,3.0,3.0,1.0,2.0,2.0,3.0,3.0,2.0,5.0,2.0,4.0,3.0,2.0,1.0,2.0,3.0,3.0
Not Disclosed,0,100,437,1,21.0,Male,"11,13,27,30,31",11.0,13.0,27.0,30.0,31.0,3.0,3.0,3.0,4.0,4.0,4.0,4.0,4.0,3.0,3.0,3.0,4.0,3.0,3.0,4.0,5.0,4.0,3.0,5.0,3.0,5.0,3.0,4.0,2.0,5.0,3.0,3.0,5.0,5.0,4.0,1.0,3.0,4.0,4.0,4.0,4.0,4.0,4.0,4.0,4.0,4.0,4.0,4.0,4.0,4.0,4.0,4.0,3.0,4.0,4.0,4.0,3.0,4.0,3.0,4.0,3.0,4.0,4.0,4.0,4.0,4.0,4.0,4.0,4.0,4.0,4.0,4.0,4.0,4.0,4.0,4.0,4.0,4.0,4.0,4.0,3.0,4.0,4.0,4.0,4.0,4.0,4.0,4.0,4.0,4.0,4.0,4.0,4.0,4.0,4.0,"11,13,27,30,31",11.0,13.0,27.0,30.0,31.0,3.0,3.0,3.0,4.0,4.0,4.0,4.0,4.0,3.0,3.0,3.0,4.0,3.0,3.0,4.0,5.0,4.0,3.0,5.0,3.0,5.0,3.0,4.0,2.0,5.0,3.0,3.0,5.0,5.0,4.0,1.0,3.0,4.0,4.0,4.0,4.0,4.0,4.0,4.0,4.0,4.0,4.0,4.0,4.0,4.0,4.0,4.0,3.0,4.0,4.0,4.0,3.0,4.0,3.0,4.0,3.0,4.0,4.0,4.0,4.0,4.0,4.0,4.0,4.0,4.0,4.0,4.0,4.0,4.0,4.0,4.0,4.0,4.0,4.0,4.0,3.0,4.0,4.0,4.0,4.0,4.0,4.0,4.0,4.0,4.0,4.0,4.0,4.0,4.0,4.0,,,,,,,,,,,,,,,,,,,,,,,,,,,,,,,,,,,,,,,,,,,,,,,,,,,,,,,,,,,,,,,,,,,,,,,,,,,,,,,,,,,,,,,,,,,,,,,,,1.0,4.0,3.0,3.0,5.0,4.0,2.0,4.0,4.0,4.0,4.0,4.0,5.0,1.0,4.0,4.0,4.0,3.0,3.0,3.0,3.0
Disclosed,0,100,1364,1,22.0,Male,"15,26,28,30,23",15.0,26.0,28.0,30.0,23.0,4.0,4.0,2.0,5.0,5.0,5.0,4.0,5.0,5.0,5.0,5.0,3.0,4.0,4.0,4.0,5.0,5.0,2.0,5.0,5.0,4.0,5.0,5.0,5.0,5.0,5.0,5.0,4.0,5.0,4.0,5.0,4.0,1.0,5.0,5.0,5.0,5.0,5.0,5.0,5.0,5.0,4.0,5.0,5.0,5.0,4.0,5.0,1.0,5.0,5.0,5.0,5.0,5.0,4.0,5.0,5.0,5.0,1.0,5.0,5.0,5.0,5.0,1.0,5.0,5.0,5.0,5.0,4.0,5.0,5.0,5.0,2.0,4.0,5.0,4.0,5.0,5.0,5.0,5.0,5.0,5.0,5.0,5.0,4.0,4.0,5.0,5.0,4.0,5.0,4.0,,,,,,,,,,,,,,,,,,,,,,,,,,,,,,,,,,,,,,,,,,,,,,,,,,,,,,,,,,,,,,,,,,,,,,,,,,,,,,,,,,,,,,,,,,,,,,,,,"15,26,28,30,23",15.0,26.0,28.0,30.0,23.0,4.0,4.0,2.0,5.0,5.0,5.0,4.0,5.0,5.0,5.0,5.0,3.0,4.0,4.0,4.0,5.0,5.0,2.0,5.0,5.0,4.0,5.0,5.0,5.0,5.0,5.0,5.0,4.0,5.0,4.0,5.0,4.0,1.0,5.0,5.0,5.0,5.0,5.0,5.0,5.0,5.0,4.0,5.0,5.0,5.0,4.0,5.0,1.0,5.0,5.0,5.0,5.0,5.0,4.0,5.0,5.0,5.0,1.0,5.0,5.0,5.0,5.0,1.0,5.0,5.0,5.0,5.0,4.0,5.0,5.0,5.0,2.0,4.0,5.0,4.0,5.0,5.0,5.0,5.0,5.0,5.0,5.0,5.0,4.0,4.0,5.0,5.0,4.0,5.0,4.0,1.0,4.0,3.0,4.0,4.0,4.0,4.0,2.0,4.0,4.0,5.0,5.0,5.0,2.0,5.0,2.0,4.0,2.0,2.0,2.0,4.0
Not Disclosed,0,100,689,1,21.0,Female,"9,22,29,30,31",9.0,22.0,29.0,30.0,31.0,3.0,2.0,3.0,4.0,2.0,4.0,3.0,4.0,4.0,3.0,4.0,3.0,3.0,2.0,3.0,2.0,3.0,4.0,3.0,3.0,3.0,4.0,3.0,3.0,4.0,4.0,4.0,3.0,4.0,2.0,4.0,4.0,4.0,4.0,4.0,5.0,5.0,5.0,5.0,5.0,4.0,4.0,4.0,4.0,5.0,4.0,4.0,4.0,5.0,4.0,4.0,4.0,4.0,4.0,5.0,5.0,5.0,4.0,5.0,4.0,4.0,4.0,4.0,5.0,5.0,4.0,5.0,4.0,5.0,4.0,4.0,5.0,4.0,5.0,5.0,4.0,4.0,5.0,5.0,4.0,4.0,4.0,4.0,4.0,5.0,5.0,4.0,5.0,5.0,4.0,"9,22,29,30,31",9.0,22.0,29.0,30.0,31.0,3.0,2.0,3.0,4.0,2.0,4.0,3.0,4.0,4.0,3.0,4.0,3.0,3.0,2.0,3.0,2.0,3.0,4.0,3.0,3.0,3.0,4.0,3.0,3.0,4.0,4.0,4.0,3.0,4.0,2.0,4.0,4.0,4.0,4.0,4.0,5.0,5.0,5.0,5.0,5.0,4.0,4.0,4.0,4.0,5.0,4.0,4.0,4.0,5.0,4.0,4.0,4.0,4.0,4.0,5.0,5.0,5.0,4.0,5.0,4.0,4.0,4.0,4.0,5.0,5.0,4.0,5.0,4.0,5.0,4.0,4.0,5.0,4.0,5.0,5.0,4.0,4.0,5.0,5.0,4.0,4.0,4.0,4.0,4.0,5.0,5.0,4.0,5.0,5.0,4.0,,,,,,,,,,,,,,,,,,,,,,,,,,,,,,,,,,,,,,,,,,,,,,,,,,,,,,,,,,,,,,,,,,,,,,,,,,,,,,,,,,,,,,,,,,,,,,,,,3.0,3.0,3.0,3.0,5.0,2.0,3.0,3.0,3.0,3.0,4.0,4.0,5.0,3.0,4.0,4.0,3.0,3.0,3.0,2.0,3.0
Disclosed,0,100,634,1,21.0,Female,"6,9,13,22,23",6.0,9.0,13.0,22.0,23.0,4.0,4.0,4.0,4.0,4.0,3.0,4.0,3.0,3.0,3.0,4.0,4.0,4.0,4.0,4.0,4.0,4.0,3.0,4.0,4.0,3.0,4.0,4.0,4.0,4.0,4.0,4.0,4.0,4.0,4.0,4.0,4.0,4.0,4.0,3.0,3.0,4.0,4.0,4.0,3.0,4.0,4.0,4.0,4.0,4.0,4.0,4.0,4.0,4.0,4.0,4.0,5.0,5.0,3.0,4.0,4.0,3.0,4.0,3.0,4.0,4.0,4.0,4.0,3.0,4.0,3.0,4.0,4.0,4.0,4.0,3.0,2.0,4.0,4.0,3.0,4.0,4.0,5.0,4.0,4.0,3.0,3.0,4.0,4.0,4.0,2.0,4.0,4.0,4.0,4.0,,,,,,,,,,,,,,,,,,,,,,,,,,,,,,,,,,,,,,,,,,,,,,,,,,,,,,,,,,,,,,,,,,,,,,,,,,,,,,,,,,,,,,,,,,,,,,,,,"6,9,13,22,23",6.0,9.0,13.0,22.0,23.0,4.0,4.0,4.0,4.0,4.0,3.0,4.0,3.0,3.0,3.0,4.0,4.0,4.0,4.0,4.0,4.0,4.0,3.0,4.0,4.0,3.0,4.0,4.0,4.0,4.0,4.0,4.0,4.0,4.0,4.0,4.0,4.0,4.0,4.0,3.0,3.0,4.0,4.0,4.0,3.0,4.0,4.0,4.0,4.0,4.0,4.0,4.0,4.0,4.0,4.0,4.0,5.0,5.0,3.0,4.0,4.0,3.0,4.0,3.0,4.0,4.0,4.0,4.0,3.0,4.0,3.0,4.0,4.0,4.0,4.0,3.0,2.0,4.0,4.0,3.0,4.0,4.0,5.0,4.0,4.0,3.0,3.0,4.0,4.0,4.0,2.0,4.0,4.0,4.0,4.0,2.0,4.0,3.0,3.0,5.0,4.0,2.0,1.0,2.0,3.0,4.0,3.0,5.0,2.0,4.0,1.0,4.0,4.0,3.0,2.0,2.0
Not Disclosed,0,100,554,1,20.0,Male,"5,6,14,21,22",5.0,6.0,14.0,21.0,22.0,5.0,3.0,5.0,5.0,5.0,5.0,5.0,5.0,5.0,5.0,5.0,5.0,5.0,5.0,5.0,5.0,5.0,5.0,4.0,5.0,5.0,5.0,5.0,5.0,5.0,5.0,5.0,5.0,3.0,5.0,5.0,3.0,5.0,5.0,5.0,5.0,3.0,5.0,3.0,5.0,5.0,5.0,5.0,5.0,5.0,5.0,5.0,5.0,3.0,5.0,5.0,3.0,4.0,3.0,3.0,4.0,5.0,3.0,3.0,5.0,5.0,5.0,5.0,5.0,5.0,5.0,5.0,5.0,5.0,5.0,5.0,5.0,5.0,5.0,5.0,5.0,5.0,5.0,5.0,5.0,5.0,5.0,5.0,5.0,5.0,5.0,5.0,5.0,5.0,5.0,"5,6,14,21,22",5.0,6.0,14.0,21.0,22.0,5.0,3.0,5.0,5.0,5.0,5.0,5.0,5.0,5.0,5.0,5.0,5.0,5.0,5.0,5.0,5.0,5.0,5.0,4.0,5.0,5.0,5.0,5.0,5.0,5.0,5.0,5.0,5.0,3.0,5.0,5.0,3.0,5.0,5.0,5.0,5.0,3.0,5.0,3.0,5.0,5.0,5.0,5.0,5.0,5.0,5.0,5.0,5.0,3.0,5.0,5.0,3.0,4.0,3.0,3.0,4.0,5.0,3.0,3.0,5.0,5.0,5.0,5.0,5.0,5.0,5.0,5.0,5.0,5.0,5.0,5.0,5.0,5.0,5.0,5.0,5.0,5.0,5.0,5.0,5.0,5.0,5.0,5.0,5.0,5.0,5.0,5.0,5.0,5.0,5.0,,,,,,,,,,,,,,,,,,,,,,,,,,,,,,,,,,,,,,,,,,,,,,,,,,,,,,,,,,,,,,,,,,,,,,,,,,,,,,,,,,,,,,,,,,,,,,,,,1.0,3.0,3.0,3.0,4.0,4.0,3.0,4.0,2.0,4.0,3.0,4.0,5.0,1.0,5.0,4.0,4.0,4.0,1.0,3.0,3.0
Disclosed,0,100,607,1,20.0,Female,"11,16,35,24,29",11.0,16.0,35.0,24.0,29.0,5.0,5.0,5.0,5.0,5.0,5.0,5.0,5.0,5.0,5.0,5.0,5.0,5.0,5.0,5.0,4.0,5.0,5.0,5.0,5.0,5.0,3.0,4.0,5.0,5.0,3.0,5.0,5.0,5.0,4.0,5.0,5.0,5.0,5.0,5.0,5.0,5.0,5.0,5.0,5.0,5.0,5.0,5.0,5.0,5.0,4.0,5.0,5.0,5.0,5.0,5.0,3.0,5.0,5.0,5.0,4.0,5.0,5.0,5.0,5.0,5.0,5.0,5.0,5.0,5.0,5.0,5.0,5.0,5.0,5.0,5.0,5.0,5.0,5.0,5.0,5.0,5.0,5.0,5.0,5.0,5.0,3.0,4.0,5.0,5.0,5.0,5.0,5.0,5.0,5.0,,,,,,,,,,,,,,,,,,,,,,,,,,,,,,,,,,,,,,,,,,,,,,,,,,,,,,,,,,,,,,,,,,,,,,,,,,,,,,,,,,,,,,,,,,,,,,,,,"11,16,35,24,29",11.0,16.0,35.0,24.0,29.0,5.0,5.0,5.0,5.0,5.0,5.0,5.0,5.0,5.0,5.0,5.0,5.0,5.0,5.0,5.0,4.0,5.0,5.0,5.0,5.0,5.0,3.0,4.0,5.0,5.0,3.0,5.0,5.0,5.0,4.0,5.0,5.0,5.0,5.0,5.0,5.0,5.0,5.0,5.0,5.0,5.0,5.0,5.0,5.0,5.0,4.0,5.0,5.0,5.0,5.0,5.0,3.0,5.0,5.0,5.0,4.0,5.0,5.0,5.0,5.0,5.0,5.0,5.0,5.0,5.0,5.0,5.0,5.0,5.0,5.0,5.0,5.0,5.0,5.0,5.0,5.0,5.0,5.0,5.0,5.0,5.0,3.0,4.0,5.0,5.0,5.0,5.0,5.0,5.0,5.0,1.0,2.0,3.0,1.0,4.0,4.0,3.0,1.0,2.0,4.0,3.0,4.0,5.0,3.0,5.0,1.0,1.0,2.0,4.0,3.0,2.0
Not Disclosed,0,100,1538,1,22.0,Male,"20,26,28,30,23",20.0,26.0,28.0,30.0,23.0,2.0,3.0,3.0,3.0,3.0,4.0,4.0,2.0,4.0,4.0,3.0,4.0,2.0,4.0,4.0,5.0,4.0,2.0,4.0,4.0,3.0,3.0,4.0,3.0,4.0,5.0,4.0,1.0,2.0,4.0,1.0,4.0,2.0,3.0,3.0,2.0,3.0,3.0,4.0,4.0,4.0,1.0,2.0,2.0,3.0,4.0,2.0,4.0,4.0,2.0,2.0,4.0,4.0,4.0,5.0,4.0,4.0,3.0,4.0,3.0,1.0,3.0,4.0,3.0,3.0,4.0,2.0,4.0,4.0,4.0,4.0,1.0,2.0,4.0,3.0,4.0,2.0,4.0,4.0,1.0,2.0,5.0,4.0,5.0,4.0,5.0,3.0,2.0,5.0,4.0,"20,26,28,30,23",20.0,26.0,28.0,30.0,23.0,2.0,3.0,3.0,3.0,3.0,4.0,4.0,2.0,4.0,4.0,3.0,4.0,2.0,4.0,4.0,5.0,4.0,2.0,4.0,4.0,3.0,3.0,4.0,3.0,4.0,5.0,4.0,1.0,2.0,4.0,1.0,4.0,2.0,3.0,3.0,2.0,3.0,3.0,4.0,4.0,4.0,1.0,2.0,2.0,3.0,4.0,2.0,4.0,4.0,2.0,2.0,4.0,4.0,4.0,5.0,4.0,4.0,3.0,4.0,3.0,1.0,3.0,4.0,3.0,3.0,4.0,2.0,4.0,4.0,4.0,4.0,1.0,2.0,4.0,3.0,4.0,2.0,4.0,4.0,1.0,2.0,5.0,4.0,5.0,4.0,5.0,3.0,2.0,5.0,4.0,,,,,,,,,,,,,,,,,,,,,,,,,,,,,,,,,,,,,,,,,,,,,,,,,,,,,,,,,,,,,,,,,,,,,,,,,,,,,,,,,,,,,,,,,,,,,,,,,1.0,4.0,5.0,4.0,4.0,4.0,2.0,4.0,2.0,5.0,4.0,2.0,5.0,2.0,4.0,2.0,4.0,1.0,1.0,4.0,2.0
Disclosed,0,100,721,1,19.0,Female,"9,13,21,22,31",9.0,13.0,21.0,22.0,31.0,5.0,5.0,5.0,5.0,5.0,5.0,5.0,5.0,5.0,5.0,5.0,5.0,5.0,5.0,5.0,5.0,5.0,5.0,5.0,5.0,5.0,5.0,5.0,5.0,5.0,5.0,5.0,5.0,5.0,5.0,5.0,5.0,5.0,5.0,5.0,5.0,5.0,5.0,5.0,3.0,5.0,5.0,5.0,5.0,5.0,5.0,5.0,5.0,5.0,5.0,5.0,5.0,5.0,5.0,5.0,5.0,5.0,5.0,5.0,5.0,5.0,5.0,5.0,5.0,5.0,5.0,5.0,5.0,5.0,5.0,5.0,5.0,5.0,5.0,5.0,5.0,5.0,3.0,5.0,5.0,5.0,5.0,5.0,5.0,3.0,5.0,5.0,5.0,5.0,5.0,,,,,,,,,,,,,,,,,,,,,,,,,,,,,,,,,,,,,,,,,,,,,,,,,,,,,,,,,,,,,,,,,,,,,,,,,,,,,,,,,,,,,,,,,,,,,,,,,"9,13,21,22,31",9.0,13.0,21.0,22.0,31.0,5.0,5.0,5.0,5.0,5.0,5.0,5.0,5.0,5.0,5.0,5.0,5.0,5.0,5.0,5.0,5.0,5.0,5.0,5.0,5.0,5.0,5.0,5.0,5.0,5.0,5.0,5.0,5.0,5.0,5.0,5.0,5.0,5.0,5.0,5.0,5.0,5.0,5.0,5.0,3.0,5.0,5.0,5.0,5.0,5.0,5.0,5.0,5.0,5.0,5.0,5.0,5.0,5.0,5.0,5.0,5.0,5.0,5.0,5.0,5.0,5.0,5.0,5.0,5.0,5.0,5.0,5.0,5.0,5.0,5.0,5.0,5.0,5.0,5.0,5.0,5.0,5.0,3.0,5.0,5.0,5.0,5.0,5.0,5.0,3.0,5.0,5.0,5.0,5.0,5.0,2.0,4.0,2.0,3.0,3.0,3.0,3.0,3.0,2.0,2.0,3.0,3.0,5.0,2.0,4.0,1.0,2.0,3.0,3.0,1.0,2.0
Not Disclosed,0,100,429,1,20.0,Female,"1,6,9,13,15",1.0,6.0,9.0,13.0,15.0,4.0,4.0,4.0,5.0,4.0,5.0,4.0,2.0,4.0,5.0,5.0,5.0,5.0,4.0,2.0,4.0,5.0,1.0,4.0,4.0,5.0,1.0,5.0,4.0,4.0,2.0,5.0,4.0,4.0,1.0,4.0,5.0,5.0,5.0,5.0,5.0,5.0,1.0,5.0,5.0,5.0,1.0,5.0,5.0,4.0,4.0,4.0,1.0,5.0,4.0,4.0,1.0,1.0,1.0,5.0,5.0,5.0,5.0,5.0,1.0,4.0,4.0,4.0,5.0,5.0,5.0,5.0,1.0,4.0,4.0,4.0,5.0,1.0,2.0,5.0,1.0,5.0,4.0,5.0,4.0,5.0,1.0,1.0,2.0,5.0,5.0,4.0,2.0,5.0,2.0,"1,6,9,13,15",1.0,6.0,9.0,13.0,15.0,4.0,4.0,4.0,5.0,4.0,5.0,4.0,2.0,4.0,5.0,5.0,5.0,5.0,4.0,2.0,4.0,5.0,1.0,4.0,4.0,5.0,1.0,5.0,4.0,4.0,2.0,5.0,4.0,4.0,1.0,4.0,5.0,5.0,5.0,5.0,5.0,5.0,1.0,5.0,5.0,5.0,1.0,5.0,5.0,4.0,4.0,4.0,1.0,5.0,4.0,4.0,1.0,1.0,1.0,5.0,5.0,5.0,5.0,5.0,1.0,4.0,4.0,4.0,5.0,5.0,5.0,5.0,1.0,4.0,4.0,4.0,5.0,1.0,2.0,5.0,1.0,5.0,4.0,5.0,4.0,5.0,1.0,1.0,2.0,5.0,5.0,4.0,2.0,5.0,2.0,,,,,,,,,,,,,,,,,,,,,,,,,,,,,,,,,,,,,,,,,,,,,,,,,,,,,,,,,,,,,,,,,,,,,,,,,,,,,,,,,,,,,,,,,,,,,,,,,3.0,4.0,3.0,3.0,4.0,3.0,2.0,3.0,3.0,3.0,3.0,4.0,5.0,3.0,3.0,2.0,3.0,3.0,2.0,3.0,3.0
Disclosed,0,100,493,1,21.0,Male,"6,22,26,29,23",6.0,22.0,26.0,29.0,23.0,4.0,5.0,4.0,4.0,5.0,4.0,4.0,4.0,4.0,5.0,5.0,4.0,4.0,4.0,5.0,4.0,4.0,4.0,4.0,4.0,5.0,4.0,4.0,4.0,4.0,5.0,5.0,5.0,4.0,4.0,5.0,5.0,5.0,4.0,4.0,4.0,5.0,5.0,5.0,5.0,5.0,4.0,5.0,5.0,4.0,4.0,5.0,5.0,5.0,4.0,4.0,5.0,4.0,4.0,4.0,5.0,4.0,4.0,3.0,5.0,4.0,4.0,4.0,4.0,5.0,4.0,4.0,5.0,4.0,4.0,4.0,4.0,4.0,4.0,4.0,4.0,4.0,4.0,4.0,5.0,5.0,5.0,4.0,4.0,5.0,4.0,5.0,4.0,4.0,5.0,,,,,,,,,,,,,,,,,,,,,,,,,,,,,,,,,,,,,,,,,,,,,,,,,,,,,,,,,,,,,,,,,,,,,,,,,,,,,,,,,,,,,,,,,,,,,,,,,"6,22,26,29,23",6.0,22.0,26.0,29.0,23.0,4.0,5.0,4.0,4.0,5.0,4.0,4.0,4.0,4.0,5.0,5.0,4.0,4.0,4.0,5.0,4.0,4.0,4.0,4.0,4.0,5.0,4.0,4.0,4.0,4.0,5.0,5.0,5.0,4.0,4.0,5.0,5.0,5.0,4.0,4.0,4.0,5.0,5.0,5.0,5.0,5.0,4.0,5.0,5.0,4.0,4.0,5.0,5.0,5.0,4.0,4.0,5.0,4.0,4.0,4.0,5.0,4.0,4.0,3.0,5.0,4.0,4.0,4.0,4.0,5.0,4.0,4.0,5.0,4.0,4.0,4.0,4.0,4.0,4.0,4.0,4.0,4.0,4.0,4.0,5.0,5.0,5.0,4.0,4.0,5.0,4.0,5.0,4.0,4.0,5.0,2.0,5.0,4.0,5.0,5.0,5.0,5.0,3.0,3.0,4.0,4.0,5.0,5.0,5.0,5.0,3.0,3.0,5.0,5.0,3.0,5.0
Disclosed,0,100,647,1,21.0,Female,"15,19,24,25,23",15.0,19.0,24.0,25.0,23.0,5.0,5.0,2.0,5.0,5.0,5.0,4.0,4.0,5.0,5.0,5.0,1.0,4.0,2.0,5.0,5.0,4.0,4.0,5.0,5.0,4.0,5.0,5.0,4.0,5.0,5.0,5.0,4.0,5.0,4.0,5.0,2.0,1.0,5.0,5.0,5.0,5.0,4.0,5.0,4.0,5.0,1.0,2.0,4.0,4.0,5.0,2.0,1.0,5.0,5.0,5.0,5.0,5.0,2.0,5.0,4.0,5.0,3.0,5.0,4.0,5.0,5.0,5.0,5.0,5.0,5.0,5.0,5.0,5.0,5.0,5.0,5.0,5.0,5.0,5.0,5.0,5.0,5.0,5.0,5.0,5.0,5.0,5.0,5.0,5.0,5.0,5.0,5.0,5.0,5.0,,,,,,,,,,,,,,,,,,,,,,,,,,,,,,,,,,,,,,,,,,,,,,,,,,,,,,,,,,,,,,,,,,,,,,,,,,,,,,,,,,,,,,,,,,,,,,,,,"15,19,24,25,23",15.0,19.0,24.0,25.0,23.0,5.0,5.0,2.0,5.0,5.0,5.0,4.0,4.0,5.0,5.0,5.0,1.0,4.0,2.0,5.0,5.0,4.0,4.0,5.0,5.0,4.0,5.0,5.0,4.0,5.0,5.0,5.0,4.0,5.0,4.0,5.0,2.0,1.0,5.0,5.0,5.0,5.0,4.0,5.0,4.0,5.0,1.0,2.0,4.0,4.0,5.0,2.0,1.0,5.0,5.0,5.0,5.0,5.0,2.0,5.0,4.0,5.0,3.0,5.0,4.0,5.0,5.0,5.0,5.0,5.0,5.0,5.0,5.0,5.0,5.0,5.0,5.0,5.0,5.0,5.0,5.0,5.0,5.0,5.0,5.0,5.0,5.0,5.0,5.0,5.0,5.0,5.0,5.0,5.0,5.0,1.0,3.0,2.0,2.0,5.0,3.0,2.0,2.0,2.0,4.0,4.0,4.0,5.0,2.0,4.0,3.0,2.0,1.0,1.0,4.0,4.0
Not Disclosed,0,100,927,1,20.0,Female,"6,12,17,29,30",6.0,12.0,17.0,29.0,30.0,5.0,5.0,5.0,5.0,5.0,5.0,5.0,5.0,5.0,1.0,1.0,1.0,5.0,5.0,5.0,5.0,5.0,4.0,5.0,5.0,1.0,3.0,5.0,5.0,5.0,5.0,5.0,5.0,3.0,5.0,5.0,5.0,5.0,5.0,5.0,5.0,5.0,5.0,5.0,5.0,1.0,1.0,5.0,5.0,5.0,5.0,5.0,5.0,5.0,5.0,1.0,5.0,5.0,5.0,5.0,5.0,5.0,5.0,3.0,5.0,5.0,4.0,5.0,5.0,5.0,5.0,5.0,5.0,5.0,1.0,1.0,1.0,4.0,5.0,5.0,5.0,5.0,4.0,5.0,5.0,1.0,2.0,5.0,5.0,5.0,5.0,5.0,5.0,3.0,5.0,"6,12,17,29,30",6.0,12.0,17.0,29.0,30.0,5.0,5.0,5.0,5.0,5.0,5.0,5.0,5.0,5.0,1.0,1.0,1.0,5.0,5.0,5.0,5.0,5.0,4.0,5.0,5.0,1.0,3.0,5.0,5.0,5.0,5.0,5.0,5.0,3.0,5.0,5.0,5.0,5.0,5.0,5.0,5.0,5.0,5.0,5.0,5.0,1.0,1.0,5.0,5.0,5.0,5.0,5.0,5.0,5.0,5.0,1.0,5.0,5.0,5.0,5.0,5.0,5.0,5.0,3.0,5.0,5.0,4.0,5.0,5.0,5.0,5.0,5.0,5.0,5.0,1.0,1.0,1.0,4.0,5.0,5.0,5.0,5.0,4.0,5.0,5.0,1.0,2.0,5.0,5.0,5.0,5.0,5.0,5.0,3.0,5.0,,,,,,,,,,,,,,,,,,,,,,,,,,,,,,,,,,,,,,,,,,,,,,,,,,,,,,,,,,,,,,,,,,,,,,,,,,,,,,,,,,,,,,,,,,,,,,,,,5.0,3.0,5.0,4.0,5.0,2.0,4.0,3.0,5.0,2.0,4.0,3.0,5.0,5.0,5.0,4.0,4.0,4.0,3.0,4.0,3.0
Not Disclosed,0,100,2641,1,26.0,Female,"6,7,14,27,32",6.0,7.0,14.0,27.0,32.0,5.0,4.0,3.0,5.0,4.0,5.0,5.0,4.0,5.0,5.0,5.0,1.0,5.0,5.0,4.0,4.0,4.0,1.0,5.0,5.0,3.0,4.0,5.0,5.0,4.0,5.0,4.0,5.0,4.0,3.0,4.0,4.0,4.0,5.0,4.0,5.0,4.0,4.0,5.0,4.0,4.0,2.0,3.0,2.0,3.0,4.0,1.0,3.0,5.0,5.0,4.0,4.0,5.0,5.0,5.0,5.0,5.0,5.0,4.0,4.0,5.0,5.0,4.0,5.0,5.0,5.0,5.0,4.0,5.0,5.0,5.0,2.0,4.0,5.0,4.0,5.0,5.0,3.0,4.0,3.0,4.0,3.0,5.0,5.0,3.0,5.0,5.0,5.0,5.0,3.0,"6,7,14,27,32",6.0,7.0,14.0,27.0,32.0,5.0,4.0,3.0,5.0,4.0,5.0,5.0,4.0,5.0,5.0,5.0,1.0,5.0,5.0,4.0,4.0,4.0,1.0,5.0,5.0,3.0,4.0,5.0,5.0,4.0,5.0,4.0,5.0,4.0,3.0,4.0,4.0,4.0,5.0,4.0,5.0,4.0,4.0,5.0,4.0,4.0,2.0,3.0,2.0,3.0,4.0,1.0,3.0,5.0,5.0,4.0,4.0,5.0,5.0,5.0,5.0,5.0,5.0,4.0,4.0,5.0,5.0,4.0,5.0,5.0,5.0,5.0,4.0,5.0,5.0,5.0,2.0,4.0,5.0,4.0,5.0,5.0,3.0,4.0,3.0,4.0,3.0,5.0,5.0,3.0,5.0,5.0,5.0,5.0,3.0,,,,,,,,,,,,,,,,,,,,,,,,,,,,,,,,,,,,,,,,,,,,,,,,,,,,,,,,,,,,,,,,,,,,,,,,,,,,,,,,,,,,,,,,,,,,,,,,,2.0,2.0,3.0,3.0,5.0,5.0,3.0,4.0,4.0,4.0,4.0,4.0,5.0,1.0,5.0,4.0,1.0,2.0,3.0,1.0,2.0
Disclosed,0,100,1219,1,21.0,Female,"4,6,7,9,25",4.0,6.0,7.0,9.0,25.0,5.0,5.0,5.0,4.0,5.0,4.0,5.0,3.0,5.0,5.0,5.0,3.0,5.0,4.0,5.0,4.0,5.0,1.0,5.0,5.0,5.0,2.0,3.0,4.0,4.0,5.0,5.0,2.0,5.0,3.0,5.0,5.0,5.0,5.0,5.0,5.0,5.0,4.0,5.0,5.0,5.0,5.0,5.0,5.0,5.0,2.0,5.0,5.0,5.0,5.0,5.0,2.0,4.0,5.0,5.0,4.0,5.0,1.0,5.0,2.0,5.0,5.0,5.0,5.0,5.0,5.0,5.0,5.0,5.0,5.0,5.0,5.0,5.0,5.0,5.0,3.0,5.0,5.0,5.0,5.0,5.0,2.0,5.0,5.0,5.0,5.0,5.0,5.0,5.0,5.0,,,,,,,,,,,,,,,,,,,,,,,,,,,,,,,,,,,,,,,,,,,,,,,,,,,,,,,,,,,,,,,,,,,,,,,,,,,,,,,,,,,,,,,,,,,,,,,,,"4,6,7,9,25",4.0,6.0,7.0,9.0,25.0,5.0,5.0,5.0,4.0,5.0,4.0,5.0,3.0,5.0,5.0,5.0,3.0,5.0,4.0,5.0,4.0,5.0,1.0,5.0,5.0,5.0,2.0,3.0,4.0,4.0,5.0,5.0,2.0,5.0,3.0,5.0,5.0,5.0,5.0,5.0,5.0,5.0,4.0,5.0,5.0,5.0,5.0,5.0,5.0,5.0,2.0,5.0,5.0,5.0,5.0,5.0,2.0,4.0,5.0,5.0,4.0,5.0,1.0,5.0,2.0,5.0,5.0,5.0,5.0,5.0,5.0,5.0,5.0,5.0,5.0,5.0,5.0,5.0,5.0,5.0,3.0,5.0,5.0,5.0,5.0,5.0,2.0,5.0,5.0,5.0,5.0,5.0,5.0,5.0,5.0,1.0,1.0,5.0,1.0,4.0,2.0,1.0,5.0,4.0,4.0,3.0,1.0,5.0,1.0,3.0,5.0,2.0,1.0,1.0,5.0,3.0
