"Status","Progress","Duration (in seconds)","Finished","C_Message Rank_1","C_Message Rank_2","C_Message Rank_3","C_Message Rank_4","C_Message Rank_5","C_Message Rank_6","C_Message Rank_7","C_Message Rank_8","C_Message Rank_9","C_Message Rank_10","C_Message Rank_11","C_Message Rank_12","C_Message Rank_13","C_Message Rank_14","C_Message Rank_15","C_Message Rank_16","C_Message Rank_17","C_Message Rank_18","C_Message Rank_19","C_Message Rank_20","C_Message Rank_21","C_Message Rank_22","C_Message Rank_23","C_Message Rank_24","C_Message Rank_25","C_Message Rank_26","C_Message Rank_27","C_Message Rank_28","C_Message Rank_29","C_Message Rank_30","C_Dis_AI1","C_Dis_AI2","C_Dis_AI3","C_Dis_AI4","C_Dis_AI5","C_Dis_AI6","C_Dis_AI7","C_Dis_AI8","C_Dis_AI9","C_Dis_AI10","C_Dis_AI11","C_Dis_AI12","C_Dis_AI13","C_Dis_AI14","C_Dis_AI15","C_Dis_Hum1","C_Dis_Hum2","C_Dis_Hum3","C_Dis_Hum4","C_Dis_Hum5","C_Dis_Hum6","C_Dis_Hum7","C_Dis_Hum8","C_Dis_Hum9","C_Dis_Hum10","C_Dis_Hum11","C_Dis_Hum12","C_Dis_Hum13","C_Dis_Hum14","C_Dis_Hum15","C_Con_AI1","C_Con_AI2","C_Con_AI3","C_Con_AI4","C_Con_AI5","C_Con_AI6","C_Con_AI7","C_Con_AI8","C_Con_AI9","C_Con_AI10","C_Con_AI11","C_Con_AI12","C_Con_AI13","C_Con_AI14","C_Con_AI15","C_Con_Hum1","C_Con_Hum2","C_Con_Hum3","C_Con_Hum4","C_Con_Hum5","C_Con_Hum6","C_Con_Hum7","C_Con_Hum8","C_Con_Hum9","C_Con_Hum10","C_Con_Hum11","C_Con_Hum12","C_Con_Hum13","C_Con_Hum14","C_Con_Hum15","C_Unp_AI1","C_Unp_AI2","C_Unp_AI3","C_Unp_AI4","C_Unp_AI5","C_Unp_AI6","C_Unp_AI7","C_Unp_AI8","C_Unp_AI9","C_Unp_AI10","C_Unp_AI11","C_Unp_AI12","C_Unp_AI13","C_Unp_AI14","C_Unp_AI15","C_Unp_Hum1","C_Unp_Hum2","C_Unp_Hum3","C_Unp_Hum4","C_Unp_Hum5","C_Unp_Hum6","C_Unp_Hum7","C_Unp_Hum8","C_Unp_Hum9","C_Unp_Hum10","C_Unp_Hum11","C_Unp_Hum12","C_Unp_Hum13","C_Unp_Hum14","C_Unp_Hum15","C_Lapp_AI1","C_Lapp_AI2","C_Lapp_AI3","C_Lapp_AI4","C_Lapp_AI5","C_Lapp_AI6","C_Lapp_AI7","C_Lapp_AI8","C_Lapp_AI9","C_Lapp_AI10","C_Lapp_AI11","C_Lapp_AI12","C_Lapp_AI13","C_Lapp_AI14","C_Lapp_AI15","C_Lapp_Hum1","C_Lapp_Hum2","C_Lapp_Hum3","C_Lapp_Hum4","C_Lapp_Hum5","C_Lapp_Hum6","C_Lapp_Hum7","C_Lapp_Hum8","C_Lapp_Hum9","C_Lapp_Hum10","C_Lapp_Hum11","C_Lapp_Hum12","C_Lapp_Hum13","C_Lapp_Hum14","C_Lapp_Hum15","T_Message Ranking_1","T_Message Ranking_2","T_Message Ranking_3","T_Message Ranking_4","T_Message Ranking_5","T_Message Ranking_6","T_Message Ranking_7","T_Message Ranking_8","T_Message Ranking_9","T_Message Ranking_10","T_Message Ranking_11","T_Message Ranking_12","T_Message Ranking_13","T_Message Ranking_14","T_Message Ranking_15","T_Message Ranking_16","T_Message Ranking_17","T_Message Ranking_18","T_Message Ranking_19","T_Message Ranking_20","T_Message Ranking_21","T_Message Ranking_22","T_Message Ranking_23","T_Message Ranking_24","T_Message Ranking_25","T_Message Ranking_26","T_Message Ranking_27","T_Message Ranking_28","T_Message Ranking_29","T_Message Ranking_30","T_Dis_AI1_1","T_Dis_AI2_1","T_Dis_AI3_1","T_Dis_AI4_1","T_Dis_AI5_1","T_Dis_AI6_1","T_Dis_AI7_1","T_Dis_AI8_1","T_Dis_AI9_1","T_Dis_AI10_1","T_Dis_AI11_1","T_Dis_AI12_1","T_Dis_AI13_1","T_Dis_AI14_1","T_Dis_AI15_1","T_Dis_Hum1_1","T_Dis_Hum2_1","T_Dis_Hum3_1","T_Dis_Hum4_1","T_Dis_Hum5_1","T_Dis_Hum6_1","T_Dis_Hum7_1","T_Dis_Hum8_1","T_Dis_Hum9_1","T_Dis_Hum10_1","T_Dis_Hum11_1","T_Dis_Hum12_1","T_Dis_Hum13_1","T_Dis_Hum14_1","T_Dis_Hum15_1","T_Con_AI1_1","T_Con_AI2_1","T_Con_AI3_1","T_Con_AI4_1","T_Con_AI5_1","T_Con_AI6_1","T_Con_AI7_1","T_Con_AI8_1","T_Con_AI9_1","T_Con_AI10_1","T_Con_AI11_1","T_Con_AI12_1","T_Con_AI13_1","T_Con_AI14_1","T_Con_AI15_1","T_Con_Hum1_1","T_Con_Hum2_1","T_Con_Hum3_1","T_Con_Hum4_1","T_Con_Hum5_1","T_Con_Hum6_1","T_Con_Hum7_1","T_Con_Hum8_1","T_Con_Hum9_1","T_Con_Hum10_1","T_Con_Hum11_1","T_Con_Hum12_1","T_Con_Hum13_1","T_Con_Hum14_1","T_Con_Hum15_1","T_Unp_AI1_1","T_Unp_AI2_1","T_Unp_AI3_1","T_Unp_AI4_1","T_Unp_AI5_1","T_Unp_AI6_1","T_Unp_AI7_1","T_Unp_AI8_1","T_Unp_AI9_1","T_Unp_AI10_1","T_Unp_AI11_1","T_Unp_AI12_1","T_Unp_AI13_1","T_Unp_AI14_1","T_Unp_AI15_1","T_Unp_Hum1_1","T_Unp_Hum2_1","T_Unp_Hum3_1","T_Unp_Hum4_1","T_Unp_Hum5_1","T_Unp_Hum6_1","T_Unp_Hum7_1","T_Unp_Hum8_1","T_Unp_Hum9_1","T_Unp_Hum10_1","T_Unp_Hum11_1","T_Unp_Hum12_1","T_Unp_Hum13_1","T_Unp_Hum14_1","T_Unp_Hum15_1","T_Lapp_AI1_1","T_Lapp_AI2_1","T_Lapp_AI3_1","T_Lapp_AI4_1","T_Lapp_AI5_1","T_Lapp_AI6_1","T_Lapp_AI7_1","T_Lapp_AI8_1","T_Lapp_AI9_1","T_Lapp_AI10_1","T_Lapp_AI11_1","T_Lapp_AI12_1","T_Lapp_AI13_1","T_Lapp_AI14_1","T_Lapp_AI15_1","T_Lapp_Hum1_1","T_Lapp_Hum2_1","T_Lapp_Hum3_1","T_Lapp_Hum4_1","T_Lapp_Hum5_1","T_Lapp_Hum6_1","T_Lapp_Hum7_1","T_Lapp_Hum8_1","T_Lapp_Hum9_1","T_Lapp_Hum10_1","T_Lapp_Hum11_1","T_Lapp_Hum12_1","T_Lapp_Hum13_1","T_Lapp_Hum14_1","T_Lapp_Hum15_1","Age","Experimental_Group","Sex"
"0","100","623","1","4","3","17","22","10","5","20","24","2","9","14","7","16","6","11","28","8","30","27","12","21","29","23","19","1","18","26","15","13","25","5","5","5","5","5","5","5","5","5","5","5","5","5","5","5","4","5","4","5","5","5","5","5","5","5","5","5","5","5","5","5","5","5","5","5","5","5","5","5","5","5","5","5","5","5","5","5","5","5","5","5","5","5","5","5","5","5","5","5","5","5","5","5","5","5","5","5","5","5","5","5","5","5","5","5","5","5","5","5","5","5","5","5","5","5","5","5","5","5","5","3","3","3","3","3","3","3","3","3","3","3","3","3","3","3","3","3","3","3","3","3","3","3","3","3","3","3","3","3","3",NA,NA,NA,NA,NA,NA,NA,NA,NA,NA,NA,NA,NA,NA,NA,NA,NA,NA,NA,NA,NA,NA,NA,NA,NA,NA,NA,NA,NA,NA,NA,NA,NA,NA,NA,NA,NA,NA,NA,NA,NA,NA,NA,NA,NA,NA,NA,NA,NA,NA,NA,NA,NA,NA,NA,NA,NA,NA,NA,NA,NA,NA,NA,NA,NA,NA,NA,NA,NA,NA,NA,NA,NA,NA,NA,NA,NA,NA,NA,NA,NA,NA,NA,NA,NA,NA,NA,NA,NA,NA,NA,NA,NA,NA,NA,NA,NA,NA,NA,NA,NA,NA,NA,NA,NA,NA,NA,NA,NA,NA,NA,NA,NA,NA,NA,NA,NA,NA,NA,NA,NA,NA,NA,NA,NA,NA,NA,NA,NA,NA,NA,NA,NA,NA,NA,NA,NA,NA,NA,NA,NA,NA,NA,NA,NA,NA,NA,NA,NA,NA,"24","0","Female"
"0","100","619","1","28","12","22","16","6","17","24","10","14","13","2","29","19","7","27","9","8","26","11","30","18","1","4","23","20","21","5","15","3","25","5","5","5","5","5","5","5","5","5","5","5","5","5","5","5","5","5","5","5","5","5","5","5","5","5","5","5","5","5","5","5","5","5","5","5","5","5","5","5","5","5","5","5","5","5","5","5","5","5","5","5","5","5","5","5","5","5","5","5","5","5","5","5","5","5","5","5","5","5","4","5","4","5","5","5","4","5","4","5","5","5","5","5","5","5","5","5","5","5","5","5","5","5","5","5","5","5","5","5","5","5","5","5","5","5","5","5","4","5","5","5","5","5","5","5","5","5","5","5","5",NA,NA,NA,NA,NA,NA,NA,NA,NA,NA,NA,NA,NA,NA,NA,NA,NA,NA,NA,NA,NA,NA,NA,NA,NA,NA,NA,NA,NA,NA,NA,NA,NA,NA,NA,NA,NA,NA,NA,NA,NA,NA,NA,NA,NA,NA,NA,NA,NA,NA,NA,NA,NA,NA,NA,NA,NA,NA,NA,NA,NA,NA,NA,NA,NA,NA,NA,NA,NA,NA,NA,NA,NA,NA,NA,NA,NA,NA,NA,NA,NA,NA,NA,NA,NA,NA,NA,NA,NA,NA,NA,NA,NA,NA,NA,NA,NA,NA,NA,NA,NA,NA,NA,NA,NA,NA,NA,NA,NA,NA,NA,NA,NA,NA,NA,NA,NA,NA,NA,NA,NA,NA,NA,NA,NA,NA,NA,NA,NA,NA,NA,NA,NA,NA,NA,NA,NA,NA,NA,NA,NA,NA,NA,NA,NA,NA,NA,NA,NA,NA,"22","0","Male"
"0","100","1051","1","13","27","15","25","4","8","16","23","22","29","6","1","21","3","28","18","11","17","26","2","19","7","14","20","30","9","5","12","24","10","2","2","2","2","2","2","2","2","2","2","2","2","2","2","2","1","2","2","2","2","2","1","2","2","1","2","2","2","1","2","2","2","4","2","2","2","2","2","1","2","2","4","2","4","2","2","1","4","2","4","2","1","2","2","1","1","1","1","1","2","2","2","2","2","2","2","3","2","2","2","2","2","2","2","2","1","1","2","2","3","2","1","1","2","1","2","2","2","1","2","2","2","2","2","2","2","2","2","2","2","2","3","2","3","2","2","1","2","2","2","2","1","2","2","2","2","1","2","1","2",NA,NA,NA,NA,NA,NA,NA,NA,NA,NA,NA,NA,NA,NA,NA,NA,NA,NA,NA,NA,NA,NA,NA,NA,NA,NA,NA,NA,NA,NA,NA,NA,NA,NA,NA,NA,NA,NA,NA,NA,NA,NA,NA,NA,NA,NA,NA,NA,NA,NA,NA,NA,NA,NA,NA,NA,NA,NA,NA,NA,NA,NA,NA,NA,NA,NA,NA,NA,NA,NA,NA,NA,NA,NA,NA,NA,NA,NA,NA,NA,NA,NA,NA,NA,NA,NA,NA,NA,NA,NA,NA,NA,NA,NA,NA,NA,NA,NA,NA,NA,NA,NA,NA,NA,NA,NA,NA,NA,NA,NA,NA,NA,NA,NA,NA,NA,NA,NA,NA,NA,NA,NA,NA,NA,NA,NA,NA,NA,NA,NA,NA,NA,NA,NA,NA,NA,NA,NA,NA,NA,NA,NA,NA,NA,NA,NA,NA,NA,NA,NA,"24","0","Female"
"0","100","1591","1",NA,NA,NA,NA,NA,NA,NA,NA,NA,NA,NA,NA,NA,NA,NA,NA,NA,NA,NA,NA,NA,NA,NA,NA,NA,NA,NA,NA,NA,NA,NA,NA,NA,NA,NA,NA,NA,NA,NA,NA,NA,NA,NA,NA,NA,NA,NA,NA,NA,NA,NA,NA,NA,NA,NA,NA,NA,NA,NA,NA,NA,NA,NA,NA,NA,NA,NA,NA,NA,NA,NA,NA,NA,NA,NA,NA,NA,NA,NA,NA,NA,NA,NA,NA,NA,NA,NA,NA,NA,NA,NA,NA,NA,NA,NA,NA,NA,NA,NA,NA,NA,NA,NA,NA,NA,NA,NA,NA,NA,NA,NA,NA,NA,NA,NA,NA,NA,NA,NA,NA,NA,NA,NA,NA,NA,NA,NA,NA,NA,NA,NA,NA,NA,NA,NA,NA,NA,NA,NA,NA,NA,NA,NA,NA,NA,NA,NA,NA,NA,NA,"17","11","3","10","15","9","24","12","1","26","13","25","19","7","23","29","8","2","21","20","27","18","6","14","30","16","28","4","22","5","5","4","5","4","4","4","5","4","5","5","4","5","4","5","4","5","4","5","4","5","4","4","4","4","5","4","5","4","5","4","4","5","5","5","4","5","4","4","4","4","4","5","5","4","5","4","5","4","4","4","4","4","5","5","4","4","5","4","5","5","4","4","5","5","4","4","5","5","4","4","4","4","5","4","4","5","5","5","5","4","4","5","5","4","4","4","5","5","5","4","4","5","5","4","4","4","4","4","5","4","4","4","5","3","5","4","4","5","5","5","5","4","4","4","4","4","4","5","5","4","24","1","Male"
"0","99","1757","0",NA,NA,NA,NA,NA,NA,NA,NA,NA,NA,NA,NA,NA,NA,NA,NA,NA,NA,NA,NA,NA,NA,NA,NA,NA,NA,NA,NA,NA,NA,NA,NA,NA,NA,NA,NA,NA,NA,NA,NA,NA,NA,NA,NA,NA,NA,NA,NA,NA,NA,NA,NA,NA,NA,NA,NA,NA,NA,NA,NA,NA,NA,NA,NA,NA,NA,NA,NA,NA,NA,NA,NA,NA,NA,NA,NA,NA,NA,NA,NA,NA,NA,NA,NA,NA,NA,NA,NA,NA,NA,NA,NA,NA,NA,NA,NA,NA,NA,NA,NA,NA,NA,NA,NA,NA,NA,NA,NA,NA,NA,NA,NA,NA,NA,NA,NA,NA,NA,NA,NA,NA,NA,NA,NA,NA,NA,NA,NA,NA,NA,NA,NA,NA,NA,NA,NA,NA,NA,NA,NA,NA,NA,NA,NA,NA,NA,NA,NA,NA,NA,NA,NA,NA,NA,NA,NA,NA,NA,NA,NA,NA,NA,NA,NA,NA,NA,NA,NA,NA,NA,NA,NA,NA,NA,NA,NA,NA,NA,NA,NA,"5","4","4","5","5","5","5","5","5","5","5","2","4","5","4","4","5","5","5","5","5","5","5","4","5","5","5","4","5","5","5","4","4","5","5","5","5","5","5","5","5","4","5","5","4","4","5","3","5","4","5","5","5","4","5","5","5","4","5","5","5","4","3","5","5","5","5","5","5","5","5","4","4","5","5","4","5","5","5","5","4","5","5","4","5","5","5","3","5","5","5","4","2","5","5","5","5","5","5","5","5","2","4","4","4","4","5","5","5","5","4","5","5","4","5","5","5","4","5","5","23","1","NA"
"0","100","392","1",NA,NA,NA,NA,NA,NA,NA,NA,NA,NA,NA,NA,NA,NA,NA,NA,NA,NA,NA,NA,NA,NA,NA,NA,NA,NA,NA,NA,NA,NA,NA,NA,NA,NA,NA,NA,NA,NA,NA,NA,NA,NA,NA,NA,NA,NA,NA,NA,NA,NA,NA,NA,NA,NA,NA,NA,NA,NA,NA,NA,NA,NA,NA,NA,NA,NA,NA,NA,NA,NA,NA,NA,NA,NA,NA,NA,NA,NA,NA,NA,NA,NA,NA,NA,NA,NA,NA,NA,NA,NA,NA,NA,NA,NA,NA,NA,NA,NA,NA,NA,NA,NA,NA,NA,NA,NA,NA,NA,NA,NA,NA,NA,NA,NA,NA,NA,NA,NA,NA,NA,NA,NA,NA,NA,NA,NA,NA,NA,NA,NA,NA,NA,NA,NA,NA,NA,NA,NA,NA,NA,NA,NA,NA,NA,NA,NA,NA,NA,NA,NA,"29","14","27","2","23","1","3","19","11","24","6","28","13","16","5","22","18","15","21","20","17","9","8","10","12","25","26","30","4","7","5","5","4","5","5","5","5","5","4","4","5","1","5","5","5","5","5","4","4","5","5","5","5","4","4","5","4","5","4","5","5","5","5","5","5","5","5","4","5","4","5","5","5","5","5","3","4","1","5","5","5","4","5","3","5","4","4","5","5","5","4","3","5","5","4","4","4","5","5","4","5","1","5","5","5","4","4","5","5","5","4","4","5","4","4","4","5","4","5","5","5","5","5","5","4","5","5","5","5","5","5","5","4","4","5","5","5","5","5","4","5","5","5","5","5","4","4","5","4","4","22","1","Male"
"0","100","1065","1","6","20","14","1","7","4","3","5","25","24","13","17","19","11","28","18","27","30","15","22","23","9","8","10","26","29","2","21","12","16","4","2","3","5","5","5","5","4","4","3","5","2","2","4","4","1","4","2","4","1","4","4","5","1","5","4","5","1","4","1","5","2","1","5","5","3","5","4","4","4","5","2","1","5","2","2","4","1","5","3","3","4","4","2","5","3","5","1","4","1","5","3","2","5","2","4","5","5","5","4","5","3","2","5","4","1","3","3","4","4","4","5","5","4","5","3","4","2","3","2","4","2","2","5","4","4","4","4","5","3","5","2","3","4","3","1","4","2","5","4","4","3","2","2","5","4","4","2","4","1",NA,NA,NA,NA,NA,NA,NA,NA,NA,NA,NA,NA,NA,NA,NA,NA,NA,NA,NA,NA,NA,NA,NA,NA,NA,NA,NA,NA,NA,NA,NA,NA,NA,NA,NA,NA,NA,NA,NA,NA,NA,NA,NA,NA,NA,NA,NA,NA,NA,NA,NA,NA,NA,NA,NA,NA,NA,NA,NA,NA,NA,NA,NA,NA,NA,NA,NA,NA,NA,NA,NA,NA,NA,NA,NA,NA,NA,NA,NA,NA,NA,NA,NA,NA,NA,NA,NA,NA,NA,NA,NA,NA,NA,NA,NA,NA,NA,NA,NA,NA,NA,NA,NA,NA,NA,NA,NA,NA,NA,NA,NA,NA,NA,NA,NA,NA,NA,NA,NA,NA,NA,NA,NA,NA,NA,NA,NA,NA,NA,NA,NA,NA,NA,NA,NA,NA,NA,NA,NA,NA,NA,NA,NA,NA,NA,NA,NA,NA,NA,NA,"24","0","Male"
"0","100","386","1","20","4","2","29","30","16","17","18","21","12","19","11","28","25","3","26","22","7","8","14","1","24","15","6","10","27","9","13","5","23","5","5","5","5","5","5","5","5","5","5","5","5","5","5","5","5","5","5","5","5","5","5","5","5","5","5","5","5","5","5","5","5","5","5","5","5","5","5","5","5","5","5","5","5","5","5","5","5","5","5","5","5","5","5","5","5","5","5","5","5","5","5","5","5","5","5","5","5","5","5","5","5","5","5","5","5","5","5","5","5","5","5","5","5","5","5","5","5","5","5","5","5","5","5","5","5","5","5","5","5","5","5","5","5","5","5","5","5","5","5","5","5","5","5","5","5","5","5","5","5",NA,NA,NA,NA,NA,NA,NA,NA,NA,NA,NA,NA,NA,NA,NA,NA,NA,NA,NA,NA,NA,NA,NA,NA,NA,NA,NA,NA,NA,NA,NA,NA,NA,NA,NA,NA,NA,NA,NA,NA,NA,NA,NA,NA,NA,NA,NA,NA,NA,NA,NA,NA,NA,NA,NA,NA,NA,NA,NA,NA,NA,NA,NA,NA,NA,NA,NA,NA,NA,NA,NA,NA,NA,NA,NA,NA,NA,NA,NA,NA,NA,NA,NA,NA,NA,NA,NA,NA,NA,NA,NA,NA,NA,NA,NA,NA,NA,NA,NA,NA,NA,NA,NA,NA,NA,NA,NA,NA,NA,NA,NA,NA,NA,NA,NA,NA,NA,NA,NA,NA,NA,NA,NA,NA,NA,NA,NA,NA,NA,NA,NA,NA,NA,NA,NA,NA,NA,NA,NA,NA,NA,NA,NA,NA,NA,NA,NA,NA,NA,NA,"23","0","Male"
"0","100","2558","1",NA,NA,NA,NA,NA,NA,NA,NA,NA,NA,NA,NA,NA,NA,NA,NA,NA,NA,NA,NA,NA,NA,NA,NA,NA,NA,NA,NA,NA,NA,NA,NA,NA,NA,NA,NA,NA,NA,NA,NA,NA,NA,NA,NA,NA,NA,NA,NA,NA,NA,NA,NA,NA,NA,NA,NA,NA,NA,NA,NA,NA,NA,NA,NA,NA,NA,NA,NA,NA,NA,NA,NA,NA,NA,NA,NA,NA,NA,NA,NA,NA,NA,NA,NA,NA,NA,NA,NA,NA,NA,NA,NA,NA,NA,NA,NA,NA,NA,NA,NA,NA,NA,NA,NA,NA,NA,NA,NA,NA,NA,NA,NA,NA,NA,NA,NA,NA,NA,NA,NA,NA,NA,NA,NA,NA,NA,NA,NA,NA,NA,NA,NA,NA,NA,NA,NA,NA,NA,NA,NA,NA,NA,NA,NA,NA,NA,NA,NA,NA,NA,"26","19","6","12","17","18","27","15","8","22","23","13","5","9","16","28","11","1","21","14","24","2","20","3","7","25","30","10","4","29","5","5","5","5","4","5","4","4","4","4","5","4","4","2","5","2","4","3","4","5","5","5","5","5","3","5","4","5","5","4","5","5","4","4","5","5","4","5","5","4","4","2","5","5","4","2","4","3","5","5","5","5","4","4","5","5","4","5","5","3","5","4","4","4","5","5","5","4","5","3","4","4","5","5","4","2","5","3","4","5","5","5","5","5","3","5","5","5","5","4","3","2","5","4","5","2","4","4","4","2","4","3","2","2","4","3","1","2","5","5","2","1","2","1","4","2","4","1","1","3","20","1","Female"
"0","100","2523","1",NA,NA,NA,NA,NA,NA,NA,NA,NA,NA,NA,NA,NA,NA,NA,NA,NA,NA,NA,NA,NA,NA,NA,NA,NA,NA,NA,NA,NA,NA,NA,NA,NA,NA,NA,NA,NA,NA,NA,NA,NA,NA,NA,NA,NA,NA,NA,NA,NA,NA,NA,NA,NA,NA,NA,NA,NA,NA,NA,NA,NA,NA,NA,NA,NA,NA,NA,NA,NA,NA,NA,NA,NA,NA,NA,NA,NA,NA,NA,NA,NA,NA,NA,NA,NA,NA,NA,NA,NA,NA,NA,NA,NA,NA,NA,NA,NA,NA,NA,NA,NA,NA,NA,NA,NA,NA,NA,NA,NA,NA,NA,NA,NA,NA,NA,NA,NA,NA,NA,NA,NA,NA,NA,NA,NA,NA,NA,NA,NA,NA,NA,NA,NA,NA,NA,NA,NA,NA,NA,NA,NA,NA,NA,NA,NA,NA,NA,NA,NA,NA,"22","14","13","19","24","11","1","25","5","8","6","30","15","4","27","9","17","10","3","28","7","18","16","12","26","20","23","29","2","21","5","5","3","5","5","5","5","5","5","5","5","2","5","5","5","5","5","5","5","5","5","5","5","5","5","5","5","3","5","5","4","3","2","5","4","5","5","5","5","4","3","2","4","3","3","4","4","2","5","5","4","5","5","5","5","5","5","3","5","5","5","5","2","5","5","5","5","5","5","5","5","3","5","4","5","5","4","5","5","5","5","5","5","5","5","5","5","4","5","5","5","3","2","4","5","5","5","5","5","4","5","2","3","3","4","4","4","5","5","3","4","5","5","4","5","5","5","3","5","5","22","1","Male"
"0","100","778","1",NA,NA,NA,NA,NA,NA,NA,NA,NA,NA,NA,NA,NA,NA,NA,NA,NA,NA,NA,NA,NA,NA,NA,NA,NA,NA,NA,NA,NA,NA,NA,NA,NA,NA,NA,NA,NA,NA,NA,NA,NA,NA,NA,NA,NA,NA,NA,NA,NA,NA,NA,NA,NA,NA,NA,NA,NA,NA,NA,NA,NA,NA,NA,NA,NA,NA,NA,NA,NA,NA,NA,NA,NA,NA,NA,NA,NA,NA,NA,NA,NA,NA,NA,NA,NA,NA,NA,NA,NA,NA,NA,NA,NA,NA,NA,NA,NA,NA,NA,NA,NA,NA,NA,NA,NA,NA,NA,NA,NA,NA,NA,NA,NA,NA,NA,NA,NA,NA,NA,NA,NA,NA,NA,NA,NA,NA,NA,NA,NA,NA,NA,NA,NA,NA,NA,NA,NA,NA,NA,NA,NA,NA,NA,NA,NA,NA,NA,NA,NA,NA,"27","30","14","24","7","19","2","22","11","25","18","6","13","29","4","26","23","12","1","17","5","20","10","16","15","8","28","9","3","21","5","4","4","3","3","5","5","3","4","5","5","4","5","4","3","4","4","4","4","3","4","4","2","5","4","4","3","4","4","4","3","5","3","5","5","3","3","3","5","5","3","3","3","4","4","3","4","2","4","5","4","3","3","3","4","3","3","5","3","5","3","3","3","5","5","5","5","4","5","5","5","4","3","3","4","1","4","4","5","3","3","1","4","4","3","5","5","4","3","5","4","4","4","4","4","4","4","3","2","4","4","4","3","4","4","4","4","4","4","4","3","4","3","4","3","4","4","4","4","4","23","1","Female"
"0","100","12","1",NA,NA,NA,NA,NA,NA,NA,NA,NA,NA,NA,NA,NA,NA,NA,NA,NA,NA,NA,NA,NA,NA,NA,NA,NA,NA,NA,NA,NA,NA,NA,NA,NA,NA,NA,NA,NA,NA,NA,NA,NA,NA,NA,NA,NA,NA,NA,NA,NA,NA,NA,NA,NA,NA,NA,NA,NA,NA,NA,NA,NA,NA,NA,NA,NA,NA,NA,NA,NA,NA,NA,NA,NA,NA,NA,NA,NA,NA,NA,NA,NA,NA,NA,NA,NA,NA,NA,NA,NA,NA,NA,NA,NA,NA,NA,NA,NA,NA,NA,NA,NA,NA,NA,NA,NA,NA,NA,NA,NA,NA,NA,NA,NA,NA,NA,NA,NA,NA,NA,NA,NA,NA,NA,NA,NA,NA,NA,NA,NA,NA,NA,NA,NA,NA,NA,NA,NA,NA,NA,NA,NA,NA,NA,NA,NA,NA,NA,NA,NA,NA,NA,NA,NA,NA,NA,NA,NA,NA,NA,NA,NA,NA,NA,NA,NA,NA,NA,NA,NA,NA,NA,NA,NA,NA,NA,NA,NA,NA,NA,NA,NA,NA,NA,NA,NA,NA,NA,NA,NA,NA,NA,NA,NA,NA,NA,NA,NA,NA,NA,NA,NA,NA,NA,NA,NA,NA,NA,NA,NA,NA,NA,NA,NA,NA,NA,NA,NA,NA,NA,NA,NA,NA,NA,NA,NA,NA,NA,NA,NA,NA,NA,NA,NA,NA,NA,NA,NA,NA,NA,NA,NA,NA,NA,NA,NA,NA,NA,NA,NA,NA,NA,NA,NA,NA,NA,NA,NA,NA,NA,NA,NA,NA,NA,NA,NA,NA,NA,NA,NA,NA,NA,NA,NA,NA,NA,NA,NA,NA,NA,NA,NA,NA,NA,NA,NA,NA,NA,NA,NA,NA,NA,NA,NA,NA,NA,NA,NA,NA,NA,NA,"60",NA,"Male"
"0","100","18","1",NA,NA,NA,NA,NA,NA,NA,NA,NA,NA,NA,NA,NA,NA,NA,NA,NA,NA,NA,NA,NA,NA,NA,NA,NA,NA,NA,NA,NA,NA,NA,NA,NA,NA,NA,NA,NA,NA,NA,NA,NA,NA,NA,NA,NA,NA,NA,NA,NA,NA,NA,NA,NA,NA,NA,NA,NA,NA,NA,NA,NA,NA,NA,NA,NA,NA,NA,NA,NA,NA,NA,NA,NA,NA,NA,NA,NA,NA,NA,NA,NA,NA,NA,NA,NA,NA,NA,NA,NA,NA,NA,NA,NA,NA,NA,NA,NA,NA,NA,NA,NA,NA,NA,NA,NA,NA,NA,NA,NA,NA,NA,NA,NA,NA,NA,NA,NA,NA,NA,NA,NA,NA,NA,NA,NA,NA,NA,NA,NA,NA,NA,NA,NA,NA,NA,NA,NA,NA,NA,NA,NA,NA,NA,NA,NA,NA,NA,NA,NA,NA,NA,NA,NA,NA,NA,NA,NA,NA,NA,NA,NA,NA,NA,NA,NA,NA,NA,NA,NA,NA,NA,NA,NA,NA,NA,NA,NA,NA,NA,NA,NA,NA,NA,NA,NA,NA,NA,NA,NA,NA,NA,NA,NA,NA,NA,NA,NA,NA,NA,NA,NA,NA,NA,NA,NA,NA,NA,NA,NA,NA,NA,NA,NA,NA,NA,NA,NA,NA,NA,NA,NA,NA,NA,NA,NA,NA,NA,NA,NA,NA,NA,NA,NA,NA,NA,NA,NA,NA,NA,NA,NA,NA,NA,NA,NA,NA,NA,NA,NA,NA,NA,NA,NA,NA,NA,NA,NA,NA,NA,NA,NA,NA,NA,NA,NA,NA,NA,NA,NA,NA,NA,NA,NA,NA,NA,NA,NA,NA,NA,NA,NA,NA,NA,NA,NA,NA,NA,NA,NA,NA,NA,NA,NA,NA,NA,NA,NA,NA,NA,NA,"30",NA,"Male"
"0","100","885","1",NA,NA,NA,NA,NA,NA,NA,NA,NA,NA,NA,NA,NA,NA,NA,NA,NA,NA,NA,NA,NA,NA,NA,NA,NA,NA,NA,NA,NA,NA,NA,NA,NA,NA,NA,NA,NA,NA,NA,NA,NA,NA,NA,NA,NA,NA,NA,NA,NA,NA,NA,NA,NA,NA,NA,NA,NA,NA,NA,NA,NA,NA,NA,NA,NA,NA,NA,NA,NA,NA,NA,NA,NA,NA,NA,NA,NA,NA,NA,NA,NA,NA,NA,NA,NA,NA,NA,NA,NA,NA,NA,NA,NA,NA,NA,NA,NA,NA,NA,NA,NA,NA,NA,NA,NA,NA,NA,NA,NA,NA,NA,NA,NA,NA,NA,NA,NA,NA,NA,NA,NA,NA,NA,NA,NA,NA,NA,NA,NA,NA,NA,NA,NA,NA,NA,NA,NA,NA,NA,NA,NA,NA,NA,NA,NA,NA,NA,NA,NA,NA,"18","19","24","30","10","16","27","22","20","21","12","8","1","25","14","11","7","3","2","4","5","15","29","23","6","9","28","13","26","17","4","5","3","3","3","4","3","5","4","4","4","3","3","4","4","4","3","4","4","4","3","4","4","3","5","3","3","3","3","5","4","3","3","3","4","4","3","5","4","3","5","3","3","4","4","4","4","3","4","5","3","3","3","3","4","4","4","4","3","4","5","4","4","4","4","5","4","4","3","4","3","3","4","3","4","4","3","3","3","4","4","3","3","3","3","3","5","4","4","4","4","3","3","3","4","4","5","5","3","5","3","4","5","4","4","5","3","4","4","3","4","3","3","5","4","4","5","3","4","4","24","1","Male"
"0","100","2168","1","28","2","20","12","8","24","19","11","29","21","26","5","3","7","17","18","4","9","10","14","30","16","27","6","13","1","25","23","15","22","4","5","5","5","5","5","5","5","5","5","5","5","4","4","5","5","5","2","5","5","4","5","4","4","5","5","5","4","5","5","2","5","5","4","5","4","4","5","5","5","4","2","4","4","5","4","4","4","5","5","4","5","4","4","5","5","5","5","5","4","5","5","5","5","5","5","5","5","5","5","5","2","5","5","5","5","5","5","5","5","5","5","4","4","5","5","5","4","5","4","4","5","4","5","5","4","5","5","4","5","5","1","4","4","5","4","2","2","5","4","4","5","4","4","5","4","5","5","5","4",NA,NA,NA,NA,NA,NA,NA,NA,NA,NA,NA,NA,NA,NA,NA,NA,NA,NA,NA,NA,NA,NA,NA,NA,NA,NA,NA,NA,NA,NA,NA,NA,NA,NA,NA,NA,NA,NA,NA,NA,NA,NA,NA,NA,NA,NA,NA,NA,NA,NA,NA,NA,NA,NA,NA,NA,NA,NA,NA,NA,NA,NA,NA,NA,NA,NA,NA,NA,NA,NA,NA,NA,NA,NA,NA,NA,NA,NA,NA,NA,NA,NA,NA,NA,NA,NA,NA,NA,NA,NA,NA,NA,NA,NA,NA,NA,NA,NA,NA,NA,NA,NA,NA,NA,NA,NA,NA,NA,NA,NA,NA,NA,NA,NA,NA,NA,NA,NA,NA,NA,NA,NA,NA,NA,NA,NA,NA,NA,NA,NA,NA,NA,NA,NA,NA,NA,NA,NA,NA,NA,NA,NA,NA,NA,NA,NA,NA,NA,NA,NA,"24","0","Female"
"0","100","1187","1",NA,NA,NA,NA,NA,NA,NA,NA,NA,NA,NA,NA,NA,NA,NA,NA,NA,NA,NA,NA,NA,NA,NA,NA,NA,NA,NA,NA,NA,NA,NA,NA,NA,NA,NA,NA,NA,NA,NA,NA,NA,NA,NA,NA,NA,NA,NA,NA,NA,NA,NA,NA,NA,NA,NA,NA,NA,NA,NA,NA,NA,NA,NA,NA,NA,NA,NA,NA,NA,NA,NA,NA,NA,NA,NA,NA,NA,NA,NA,NA,NA,NA,NA,NA,NA,NA,NA,NA,NA,NA,NA,NA,NA,NA,NA,NA,NA,NA,NA,NA,NA,NA,NA,NA,NA,NA,NA,NA,NA,NA,NA,NA,NA,NA,NA,NA,NA,NA,NA,NA,NA,NA,NA,NA,NA,NA,NA,NA,NA,NA,NA,NA,NA,NA,NA,NA,NA,NA,NA,NA,NA,NA,NA,NA,NA,NA,NA,NA,NA,NA,"1","30","26","7","11","18","5","13","15","4","10","29","9","27","21","23","19","20","17","24","25","28","22","16","14","8","6","12","3","2","5","5","5","5","5","5","5","5","5","5","5","5","5","5","5","2","5","5","5","5","5","2","5","5","5","5","5","5","5","5","5","5","5","5","5","5","5","5","5","5","5","5","5","5","5","4","5","5","5","5","5","4","5","5","5","5","5","5","5","5","5","4","5","5","5","5","5","5","5","5","5","1","5","2","5","5","5","5","5","5","5","4","5","5","5","5","5","5","5","5","5","4","2","5","5","5","5","5","5","5","5","1","5","4","4","2","5","5","5","5","5","2","5","2","5","5","5","4","5","5","24","1","Male"
"0","100","1222","1","8","18","13","16","19","24","11","15","2","22","5","17","20","12","7","4","6","26","9","21","10","23","14","30","29","28","1","27","3","25","5","4","4","5","5","5","5","5","5","5","5","4","4","5","4","4","5","4","5","5","5","5","5","4","4","4","5","4","5","4","5","4","4","5","5","5","5","5","5","5","5","4","5","5","5","4","5","4","5","5","5","5","5","4","5","4","5","4","5","4","5","4","4","5","5","5","5","5","5","5","5","4","5","5","5","5","5","4","5","5","5","5","5","4","5","4","5","4","5","4","5","4","4","5","5","5","5","5","5","5","5","4","5","5","5","4","5","4","5","5","5","5","5","4","5","4","5","4","5","4",NA,NA,NA,NA,NA,NA,NA,NA,NA,NA,NA,NA,NA,NA,NA,NA,NA,NA,NA,NA,NA,NA,NA,NA,NA,NA,NA,NA,NA,NA,NA,NA,NA,NA,NA,NA,NA,NA,NA,NA,NA,NA,NA,NA,NA,NA,NA,NA,NA,NA,NA,NA,NA,NA,NA,NA,NA,NA,NA,NA,NA,NA,NA,NA,NA,NA,NA,NA,NA,NA,NA,NA,NA,NA,NA,NA,NA,NA,NA,NA,NA,NA,NA,NA,NA,NA,NA,NA,NA,NA,NA,NA,NA,NA,NA,NA,NA,NA,NA,NA,NA,NA,NA,NA,NA,NA,NA,NA,NA,NA,NA,NA,NA,NA,NA,NA,NA,NA,NA,NA,NA,NA,NA,NA,NA,NA,NA,NA,NA,NA,NA,NA,NA,NA,NA,NA,NA,NA,NA,NA,NA,NA,NA,NA,NA,NA,NA,NA,NA,NA,"23","0","Female"
"0","100","341","1","20","17","19","1","8","27","10","22","16","5","11","18","14","23","9","25","4","24","6","26","13","7","21","30","29","3","28","2","15","12","5","5","5","5","5","5","5","5","5","5","5","5","5","5","5","5","5","5","5","5","5","5","5","5","5","5","5","1","5","5","5","5","5","5","5","5","5","5","5","5","5","5","5","5","5","5","5","5","5","5","5","5","5","5","5","5","5","1","5","5","5","5","5","5","5","5","5","5","5","5","5","5","5","5","5","5","5","5","5","5","5","5","5","5","5","5","5","1","5","5","5","5","5","5","5","5","5","5","5","5","5","5","5","5","5","5","5","5","5","5","5","5","5","5","5","5","5","1","5","5",NA,NA,NA,NA,NA,NA,NA,NA,NA,NA,NA,NA,NA,NA,NA,NA,NA,NA,NA,NA,NA,NA,NA,NA,NA,NA,NA,NA,NA,NA,NA,NA,NA,NA,NA,NA,NA,NA,NA,NA,NA,NA,NA,NA,NA,NA,NA,NA,NA,NA,NA,NA,NA,NA,NA,NA,NA,NA,NA,NA,NA,NA,NA,NA,NA,NA,NA,NA,NA,NA,NA,NA,NA,NA,NA,NA,NA,NA,NA,NA,NA,NA,NA,NA,NA,NA,NA,NA,NA,NA,NA,NA,NA,NA,NA,NA,NA,NA,NA,NA,NA,NA,NA,NA,NA,NA,NA,NA,NA,NA,NA,NA,NA,NA,NA,NA,NA,NA,NA,NA,NA,NA,NA,NA,NA,NA,NA,NA,NA,NA,NA,NA,NA,NA,NA,NA,NA,NA,NA,NA,NA,NA,NA,NA,NA,NA,NA,NA,NA,NA,"18","0","Female"
"0","100","3538","1",NA,NA,NA,NA,NA,NA,NA,NA,NA,NA,NA,NA,NA,NA,NA,NA,NA,NA,NA,NA,NA,NA,NA,NA,NA,NA,NA,NA,NA,NA,NA,NA,NA,NA,NA,NA,NA,NA,NA,NA,NA,NA,NA,NA,NA,NA,NA,NA,NA,NA,NA,NA,NA,NA,NA,NA,NA,NA,NA,NA,NA,NA,NA,NA,NA,NA,NA,NA,NA,NA,NA,NA,NA,NA,NA,NA,NA,NA,NA,NA,NA,NA,NA,NA,NA,NA,NA,NA,NA,NA,NA,NA,NA,NA,NA,NA,NA,NA,NA,NA,NA,NA,NA,NA,NA,NA,NA,NA,NA,NA,NA,NA,NA,NA,NA,NA,NA,NA,NA,NA,NA,NA,NA,NA,NA,NA,NA,NA,NA,NA,NA,NA,NA,NA,NA,NA,NA,NA,NA,NA,NA,NA,NA,NA,NA,NA,NA,NA,NA,NA,"21","12","4","9","14","6","13","17","19","1","24","26","11","3","27","15","5","23","7","25","29","8","10","16","20","22","2","28","30","18","5","3","5","5","4","5","5","5","5","5","5","2","2","5","3","5","4","3","5","5","5","3","5","4","3","5","5","4","3","5","4","5","5","5","5","4","5","3","5","3","5","2","5","5","5","4","5","3","5","5","5","3","5","5","5","5","5","5","3","5","5","5","5","5","5","5","5","5","5","5","5","3","3","5","3","3","5","2","5","5","4","3","5","5","3","5","5","3","3","5","5","4","3","5","5","5","5","5","5","5","5","3","5","5","4","3","4","2","5","5","5","4","5","5","3","5","5","5","5","3","23","1","Male"
"0","100","984","1",NA,NA,NA,NA,NA,NA,NA,NA,NA,NA,NA,NA,NA,NA,NA,NA,NA,NA,NA,NA,NA,NA,NA,NA,NA,NA,NA,NA,NA,NA,NA,NA,NA,NA,NA,NA,NA,NA,NA,NA,NA,NA,NA,NA,NA,NA,NA,NA,NA,NA,NA,NA,NA,NA,NA,NA,NA,NA,NA,NA,NA,NA,NA,NA,NA,NA,NA,NA,NA,NA,NA,NA,NA,NA,NA,NA,NA,NA,NA,NA,NA,NA,NA,NA,NA,NA,NA,NA,NA,NA,NA,NA,NA,NA,NA,NA,NA,NA,NA,NA,NA,NA,NA,NA,NA,NA,NA,NA,NA,NA,NA,NA,NA,NA,NA,NA,NA,NA,NA,NA,NA,NA,NA,NA,NA,NA,NA,NA,NA,NA,NA,NA,NA,NA,NA,NA,NA,NA,NA,NA,NA,NA,NA,NA,NA,NA,NA,NA,NA,NA,"25","5","14","12","20","13","2","11","6","21","16","28","30","26","19","9","27","15","1","17","18","29","10","4","7","8","3","22","23","24","4","4","4","5","4","4","5","4","5","4","4","2","4","4","4","4","4","3","5","4","4","3","4","5","5","5","5","4","4","4","4","2","2","5","4","4","5","4","5","4","5","1","4","4","4","4","4","2","5","4","5","2","4","2","4","4","5","2","4","4","4","4","4","5","4","5","5","4","5","4","4","2","4","4","4","4","4","2","5","4","4","2","4","5","5","5","5","3","4","4","4","4","5","5","5","5","5","5","5","5","4","2","4","4","4","5","4","2","5","4","4","2","5","5","5","5","5","3","4","4","23","1","Female"
"0","100","657","1",NA,NA,NA,NA,NA,NA,NA,NA,NA,NA,NA,NA,NA,NA,NA,NA,NA,NA,NA,NA,NA,NA,NA,NA,NA,NA,NA,NA,NA,NA,NA,NA,NA,NA,NA,NA,NA,NA,NA,NA,NA,NA,NA,NA,NA,NA,NA,NA,NA,NA,NA,NA,NA,NA,NA,NA,NA,NA,NA,NA,NA,NA,NA,NA,NA,NA,NA,NA,NA,NA,NA,NA,NA,NA,NA,NA,NA,NA,NA,NA,NA,NA,NA,NA,NA,NA,NA,NA,NA,NA,NA,NA,NA,NA,NA,NA,NA,NA,NA,NA,NA,NA,NA,NA,NA,NA,NA,NA,NA,NA,NA,NA,NA,NA,NA,NA,NA,NA,NA,NA,NA,NA,NA,NA,NA,NA,NA,NA,NA,NA,NA,NA,NA,NA,NA,NA,NA,NA,NA,NA,NA,NA,NA,NA,NA,NA,NA,NA,NA,NA,"17","30","5","22","20","21","11","2","25","27","18","29","7","6","13","9","8","26","14","3","15","16","28","19","12","10","23","24","1","4","5","3","3","5","5","5","5","5","5","5","5","1","5","4","5","3","3","2","5","5","3","4","5","4","5","4","5","3","5","4","4","3","2","5","5","5","5","5","5","4","5","1","3","5","4","2","4","1","5","4","5","2","4","4","5","5","4","2","5","4","5","5","3","5","5","5","5","5","5","5","5","1","5","5","5","4","5","3","5","5","5","5","5","4","5","5","5","5","5","5","5","4","2","5","5","5","5","5","5","5","5","1","5","4","5","3","4","3","5","5","5","5","5","3","5","5","5","5","5","5","22","1","Female"
"0","100","988","1","6","19","8","17","12","25","2","10","3","9","21","23","22","7","26","28","16","29","5","11","18","20","27","15","4","24","1","30","13","14","4","2","2","4","4","4","4","4","4","2","4","2","2","4","2","2","2","2","4","2","2","2","2","2","2","2","4","2","2","2","2","2","2","4","4","4","4","4","2","2","4","2","2","2","2","2","2","2","4","2","4","2","4","2","2","2","4","1","2","2","4","2","2","4","4","4","4","4","4","4","4","2","2","3","2","2","2","3","4","2","2","3","2","2","4","4","4","2","2","2","4","2","2","4","2","2","4","4","4","2","4","2","2","4","2","2","2","2","4","2","2","2","2","2","2","3","4","2","3","2",NA,NA,NA,NA,NA,NA,NA,NA,NA,NA,NA,NA,NA,NA,NA,NA,NA,NA,NA,NA,NA,NA,NA,NA,NA,NA,NA,NA,NA,NA,NA,NA,NA,NA,NA,NA,NA,NA,NA,NA,NA,NA,NA,NA,NA,NA,NA,NA,NA,NA,NA,NA,NA,NA,NA,NA,NA,NA,NA,NA,NA,NA,NA,NA,NA,NA,NA,NA,NA,NA,NA,NA,NA,NA,NA,NA,NA,NA,NA,NA,NA,NA,NA,NA,NA,NA,NA,NA,NA,NA,NA,NA,NA,NA,NA,NA,NA,NA,NA,NA,NA,NA,NA,NA,NA,NA,NA,NA,NA,NA,NA,NA,NA,NA,NA,NA,NA,NA,NA,NA,NA,NA,NA,NA,NA,NA,NA,NA,NA,NA,NA,NA,NA,NA,NA,NA,NA,NA,NA,NA,NA,NA,NA,NA,NA,NA,NA,NA,NA,NA,"22","0","Female"
"0","100","1087","1","8","15","11","28","13","6","17","5","2","22","7","27","14","16","3","25","18","29","10","12","21","30","19","9","4","1","20","24","26","23","3","4","3","2","4","4","4","3","5","2","4","1","3","2","2","1","4","1","4","4","1","1","3","5","5","4","2","3","1","1","5","5","4","2","5","3","4","4","5","4","4","1","2","4","4","1","3","1","4","3","3","1","2","4","5","5","3","4","1","2","3","3","4","2","3","4","4","4","4","2","2","1","4","2","3","1","3","1","4","3","4","1","2","4","5","5","4","3","1","1","3","3","4","2","4","4","4","4","5","3","3","1","3","3","4","1","3","1","4","4","2","1","2","4","5","5","4","3","1","3",NA,NA,NA,NA,NA,NA,NA,NA,NA,NA,NA,NA,NA,NA,NA,NA,NA,NA,NA,NA,NA,NA,NA,NA,NA,NA,NA,NA,NA,NA,NA,NA,NA,NA,NA,NA,NA,NA,NA,NA,NA,NA,NA,NA,NA,NA,NA,NA,NA,NA,NA,NA,NA,NA,NA,NA,NA,NA,NA,NA,NA,NA,NA,NA,NA,NA,NA,NA,NA,NA,NA,NA,NA,NA,NA,NA,NA,NA,NA,NA,NA,NA,NA,NA,NA,NA,NA,NA,NA,NA,NA,NA,NA,NA,NA,NA,NA,NA,NA,NA,NA,NA,NA,NA,NA,NA,NA,NA,NA,NA,NA,NA,NA,NA,NA,NA,NA,NA,NA,NA,NA,NA,NA,NA,NA,NA,NA,NA,NA,NA,NA,NA,NA,NA,NA,NA,NA,NA,NA,NA,NA,NA,NA,NA,NA,NA,NA,NA,NA,NA,"20","0","Female"
"0","100","581","1","4","6","15","13","26","2","23","17","1","10","8","28","3","14","9","30","22","29","25","11","12","18","20","21","7","27","24","19","5","16","5","5","5","5","5","5","5","2","5","5","5","1","5","5","5","5","5","2","5","5","5","5","3","5","5","5","5","5","4","5","5","5","5","5","5","5","5","2","5","3","5","5","5","5","5","4","5","5","5","5","5","5","5","5","5","5","5","5","5","5","4","2","5","5","4","5","5","2","4","5","5","1","4","3","5","3","5","3","4","5","5","4","4","5","5","4","5","5","4","5","5","5","5","5","5","5","5","5","5","5","5","5","5","5","5","5","5","5","5","5","5","5","5","5","5","5","5","5","5","5",NA,NA,NA,NA,NA,NA,NA,NA,NA,NA,NA,NA,NA,NA,NA,NA,NA,NA,NA,NA,NA,NA,NA,NA,NA,NA,NA,NA,NA,NA,NA,NA,NA,NA,NA,NA,NA,NA,NA,NA,NA,NA,NA,NA,NA,NA,NA,NA,NA,NA,NA,NA,NA,NA,NA,NA,NA,NA,NA,NA,NA,NA,NA,NA,NA,NA,NA,NA,NA,NA,NA,NA,NA,NA,NA,NA,NA,NA,NA,NA,NA,NA,NA,NA,NA,NA,NA,NA,NA,NA,NA,NA,NA,NA,NA,NA,NA,NA,NA,NA,NA,NA,NA,NA,NA,NA,NA,NA,NA,NA,NA,NA,NA,NA,NA,NA,NA,NA,NA,NA,NA,NA,NA,NA,NA,NA,NA,NA,NA,NA,NA,NA,NA,NA,NA,NA,NA,NA,NA,NA,NA,NA,NA,NA,NA,NA,NA,NA,NA,NA,"21","0","Male"
"0","100","387","1","24","25","21","18","27","12","2","22","6","13","7","28","23","26","8","30","5","9","1","11","20","17","4","29","16","15","19","14","3","10","5","4","4","5","5","5","5","5","5","4","5","4","4","4","4","4","4","4","5","4","4","4","5","4","5","5","5","5","5","4","5","5","5","5","5","5","5","5","5","5","5","5","5","5","5","5","5","5","5","5","5","5","5","5","5","5","5","5","5","5","5","4","5","5","5","5","5","5","5","5","5","5","5","5","5","5","5","5","5","5","5","5","5","5","5","5","5","5","5","4","5","5","5","5","5","5","5","5","5","5","5","5","5","5","5","5","5","5","5","5","5","5","5","5","5","5","5","5","5","5",NA,NA,NA,NA,NA,NA,NA,NA,NA,NA,NA,NA,NA,NA,NA,NA,NA,NA,NA,NA,NA,NA,NA,NA,NA,NA,NA,NA,NA,NA,NA,NA,NA,NA,NA,NA,NA,NA,NA,NA,NA,NA,NA,NA,NA,NA,NA,NA,NA,NA,NA,NA,NA,NA,NA,NA,NA,NA,NA,NA,NA,NA,NA,NA,NA,NA,NA,NA,NA,NA,NA,NA,NA,NA,NA,NA,NA,NA,NA,NA,NA,NA,NA,NA,NA,NA,NA,NA,NA,NA,NA,NA,NA,NA,NA,NA,NA,NA,NA,NA,NA,NA,NA,NA,NA,NA,NA,NA,NA,NA,NA,NA,NA,NA,NA,NA,NA,NA,NA,NA,NA,NA,NA,NA,NA,NA,NA,NA,NA,NA,NA,NA,NA,NA,NA,NA,NA,NA,NA,NA,NA,NA,NA,NA,NA,NA,NA,NA,NA,NA,"22","0","Female"
"0","100","467","1","16","10","23","4","20","22","18","5","26","15","3","29","14","19","8","12","25","30","13","7","27","2","28","9","17","6","21","24","1","11","4","4","2","3","5","4","4","5","4","4","4","3","4","4","3","2","4","4","4","4","5","5","5","4","4","4","5","2","5","4","5","2","4","5","4","5","5","5","5","4","5","2","4","4","5","4","4","2","5","4","4","5","4","2","5","4","5","2","5","5","4","4","4","4","4","4","4","4","4","4","4","4","4","4","4","2","4","3","4","3","4","4","4","4","4","4","4","2","5","4","5","3","5","5","5","5","5","4","4","4","5","5","3","5","5","3","5","3","5","4","5","5","4","5","5","4","5","2","5","5",NA,NA,NA,NA,NA,NA,NA,NA,NA,NA,NA,NA,NA,NA,NA,NA,NA,NA,NA,NA,NA,NA,NA,NA,NA,NA,NA,NA,NA,NA,NA,NA,NA,NA,NA,NA,NA,NA,NA,NA,NA,NA,NA,NA,NA,NA,NA,NA,NA,NA,NA,NA,NA,NA,NA,NA,NA,NA,NA,NA,NA,NA,NA,NA,NA,NA,NA,NA,NA,NA,NA,NA,NA,NA,NA,NA,NA,NA,NA,NA,NA,NA,NA,NA,NA,NA,NA,NA,NA,NA,NA,NA,NA,NA,NA,NA,NA,NA,NA,NA,NA,NA,NA,NA,NA,NA,NA,NA,NA,NA,NA,NA,NA,NA,NA,NA,NA,NA,NA,NA,NA,NA,NA,NA,NA,NA,NA,NA,NA,NA,NA,NA,NA,NA,NA,NA,NA,NA,NA,NA,NA,NA,NA,NA,NA,NA,NA,NA,NA,NA,"21","0","Female"
"0","100","710","1","25","23","24","15","1","13","14","22","4","16","9","29","3","10","6","28","17","8","7","19","2","30","27","26","12","5","20","11","18","21","4","2","2","4","4","4","4","4","4","4","4","2","3","3","3","2","3","3","4","4","3","4","4","2","4","4","4","3","4","2","4","2","2","4","4","4","4","4","4","4","4","2","3","2","3","2","3","2","4","4","3","4","4","3","4","4","4","3","4","3","4","3","2","4","4","4","4","4","4","4","4","2","4","2","4","2","3","3","4","3","3","3","3","2","4","3","4","2","4","3","4","2","2","4","4","4","4","4","4","4","4","2","3","2","4","2","3","3","4","3","3","4","3","2","4","4","4","3","4","2",NA,NA,NA,NA,NA,NA,NA,NA,NA,NA,NA,NA,NA,NA,NA,NA,NA,NA,NA,NA,NA,NA,NA,NA,NA,NA,NA,NA,NA,NA,NA,NA,NA,NA,NA,NA,NA,NA,NA,NA,NA,NA,NA,NA,NA,NA,NA,NA,NA,NA,NA,NA,NA,NA,NA,NA,NA,NA,NA,NA,NA,NA,NA,NA,NA,NA,NA,NA,NA,NA,NA,NA,NA,NA,NA,NA,NA,NA,NA,NA,NA,NA,NA,NA,NA,NA,NA,NA,NA,NA,NA,NA,NA,NA,NA,NA,NA,NA,NA,NA,NA,NA,NA,NA,NA,NA,NA,NA,NA,NA,NA,NA,NA,NA,NA,NA,NA,NA,NA,NA,NA,NA,NA,NA,NA,NA,NA,NA,NA,NA,NA,NA,NA,NA,NA,NA,NA,NA,NA,NA,NA,NA,NA,NA,NA,NA,NA,NA,NA,NA,"21","0","Female"
"0","100","1428","1",NA,NA,NA,NA,NA,NA,NA,NA,NA,NA,NA,NA,NA,NA,NA,NA,NA,NA,NA,NA,NA,NA,NA,NA,NA,NA,NA,NA,NA,NA,NA,NA,NA,NA,NA,NA,NA,NA,NA,NA,NA,NA,NA,NA,NA,NA,NA,NA,NA,NA,NA,NA,NA,NA,NA,NA,NA,NA,NA,NA,NA,NA,NA,NA,NA,NA,NA,NA,NA,NA,NA,NA,NA,NA,NA,NA,NA,NA,NA,NA,NA,NA,NA,NA,NA,NA,NA,NA,NA,NA,NA,NA,NA,NA,NA,NA,NA,NA,NA,NA,NA,NA,NA,NA,NA,NA,NA,NA,NA,NA,NA,NA,NA,NA,NA,NA,NA,NA,NA,NA,NA,NA,NA,NA,NA,NA,NA,NA,NA,NA,NA,NA,NA,NA,NA,NA,NA,NA,NA,NA,NA,NA,NA,NA,NA,NA,NA,NA,NA,NA,"14","26","16","19","22","21","11","2","1","3","9","8","5","12","24","17","6","7","10","30","20","29","27","4","15","23","25","28","18","13","5","5","5","5","5","5","5","5","5","5","5","5","5","5","5","5","5","1","5","5","5","5","5","5","5","5","5","5","5","5","5","2","2","5","4","5","5","4","4","4","4","1","3","4","4","2","4","1","5","4","4","4","4","2","5","4","4","4","5","2","5","5","4","5","5","5","5","5","5","5","5","5","5","5","5","5","5","1","5","5","5","5","5","5","5","5","5","5","5","5","5","2","4","5","5","5","5","5","5","5","5","5","5","5","5","4","5","1","5","5","5","5","5","4","5","5","5","3","5","4","23","1","Female"
"0","100","842","1","28","4","7","24","20","18","2","8","5","19","12","25","3","6","10","22","29","17","23","13","1","30","27","16","14","11","15","26","21","9","5","4","5","5","5","5","5","5","5","5","5","4","5","5","5","3","4","3","5","5","5","4","5","5","5","5","5","3","5","4","5","4","5","5","5","5","5","5","5","5","5","4","4","5","4","3","5","2","5","5","5","4","5","5","5","5","5","2","5","4","5","5","5","5","5","5","5","5","5","5","5","4","4","5","5","3","4","3","5","5","5","4","5","5","5","5","5","3","5","4","5","4","5","5","5","4","5","5","5","4","5","3","5","5","5","3","4","2","5","5","5","3","4","5","5","5","5","3","5","4",NA,NA,NA,NA,NA,NA,NA,NA,NA,NA,NA,NA,NA,NA,NA,NA,NA,NA,NA,NA,NA,NA,NA,NA,NA,NA,NA,NA,NA,NA,NA,NA,NA,NA,NA,NA,NA,NA,NA,NA,NA,NA,NA,NA,NA,NA,NA,NA,NA,NA,NA,NA,NA,NA,NA,NA,NA,NA,NA,NA,NA,NA,NA,NA,NA,NA,NA,NA,NA,NA,NA,NA,NA,NA,NA,NA,NA,NA,NA,NA,NA,NA,NA,NA,NA,NA,NA,NA,NA,NA,NA,NA,NA,NA,NA,NA,NA,NA,NA,NA,NA,NA,NA,NA,NA,NA,NA,NA,NA,NA,NA,NA,NA,NA,NA,NA,NA,NA,NA,NA,NA,NA,NA,NA,NA,NA,NA,NA,NA,NA,NA,NA,NA,NA,NA,NA,NA,NA,NA,NA,NA,NA,NA,NA,NA,NA,NA,NA,NA,NA,"22","0","Female"
"0","100","1473","1","26","25","27","11","12","4","16","6","1","14","7","30","21","8","18","28","20","22","3","19","13","9","15","23","10","5","2","24","17","29","5","5","4","5","5","5","5","4","5","5","5","5","5","5","5","2","5","4","5","5","5","3","5","5","5","5","5","5","5","5","4","2","2","5","5","5","4","4","5","4","5","1","3","4","4","4","4","1","5","2","5","5","4","3","4","5","5","3","5","4","5","5","5","5","5","5","5","5","5","5","5","5","5","5","5","5","5","5","5","5","5","5","5","5","5","5","5","5","5","5","5","4","2","5","5","5","5","4","5","5","5","2","2","5","4","1","5","1","5","2","5","4","4","3","5","5","5","4","5","4",NA,NA,NA,NA,NA,NA,NA,NA,NA,NA,NA,NA,NA,NA,NA,NA,NA,NA,NA,NA,NA,NA,NA,NA,NA,NA,NA,NA,NA,NA,NA,NA,NA,NA,NA,NA,NA,NA,NA,NA,NA,NA,NA,NA,NA,NA,NA,NA,NA,NA,NA,NA,NA,NA,NA,NA,NA,NA,NA,NA,NA,NA,NA,NA,NA,NA,NA,NA,NA,NA,NA,NA,NA,NA,NA,NA,NA,NA,NA,NA,NA,NA,NA,NA,NA,NA,NA,NA,NA,NA,NA,NA,NA,NA,NA,NA,NA,NA,NA,NA,NA,NA,NA,NA,NA,NA,NA,NA,NA,NA,NA,NA,NA,NA,NA,NA,NA,NA,NA,NA,NA,NA,NA,NA,NA,NA,NA,NA,NA,NA,NA,NA,NA,NA,NA,NA,NA,NA,NA,NA,NA,NA,NA,NA,NA,NA,NA,NA,NA,NA,"22","0","Female"
"0","100","1854","1","25","22","23","20","7","12","2","16","28","3","17","11","27","9","10","4","24","13","21","8","1","14","15","26","18","5","6","30","19","29","5","3","3","5","4","5","5","5","5","5","5","5","4","4","4","3","5","3","4","5","4","4","4","4","5","3","4","3","5","4","5","3","2","5","4","4","5","4","5","5","5","1","4","4","4","5","4","2","5","4","4","4","5","2","4","3","4","3","5","2","5","3","3","5","4","5","5","5","5","5","5","2","3","5","5","3","4","4","5","5","5","4","5","4","5","4","4","4","5","4","5","5","4","4","5","4","5","5","4","4","4","2","5","3","5","4","5","2","5","5","4","4","4","5","5","4","4","3","5","5",NA,NA,NA,NA,NA,NA,NA,NA,NA,NA,NA,NA,NA,NA,NA,NA,NA,NA,NA,NA,NA,NA,NA,NA,NA,NA,NA,NA,NA,NA,NA,NA,NA,NA,NA,NA,NA,NA,NA,NA,NA,NA,NA,NA,NA,NA,NA,NA,NA,NA,NA,NA,NA,NA,NA,NA,NA,NA,NA,NA,NA,NA,NA,NA,NA,NA,NA,NA,NA,NA,NA,NA,NA,NA,NA,NA,NA,NA,NA,NA,NA,NA,NA,NA,NA,NA,NA,NA,NA,NA,NA,NA,NA,NA,NA,NA,NA,NA,NA,NA,NA,NA,NA,NA,NA,NA,NA,NA,NA,NA,NA,NA,NA,NA,NA,NA,NA,NA,NA,NA,NA,NA,NA,NA,NA,NA,NA,NA,NA,NA,NA,NA,NA,NA,NA,NA,NA,NA,NA,NA,NA,NA,NA,NA,NA,NA,NA,NA,NA,NA,"24","0","Female"
"0","100","1647","1",NA,NA,NA,NA,NA,NA,NA,NA,NA,NA,NA,NA,NA,NA,NA,NA,NA,NA,NA,NA,NA,NA,NA,NA,NA,NA,NA,NA,NA,NA,NA,NA,NA,NA,NA,NA,NA,NA,NA,NA,NA,NA,NA,NA,NA,NA,NA,NA,NA,NA,NA,NA,NA,NA,NA,NA,NA,NA,NA,NA,NA,NA,NA,NA,NA,NA,NA,NA,NA,NA,NA,NA,NA,NA,NA,NA,NA,NA,NA,NA,NA,NA,NA,NA,NA,NA,NA,NA,NA,NA,NA,NA,NA,NA,NA,NA,NA,NA,NA,NA,NA,NA,NA,NA,NA,NA,NA,NA,NA,NA,NA,NA,NA,NA,NA,NA,NA,NA,NA,NA,NA,NA,NA,NA,NA,NA,NA,NA,NA,NA,NA,NA,NA,NA,NA,NA,NA,NA,NA,NA,NA,NA,NA,NA,NA,NA,NA,NA,NA,NA,"19","23","27","28","24","15","4","21","2","25","9","11","30","29","18","6","20","22","16","7","5","10","13","26","1","8","12","17","14","3","3","4","2","5","4","5","5","5","5","2","5","1","3","2","5","4","5","5","5","5","4","5","4","5","5","5","4","5","5","5","5","5","3","5","4","5","5","5","5","5","5","2","2","3","2","5","5","5","5","5","5","5","5","5","5","5","5","5","5","5","4","4","3","3","4","3","5","4","4","3","3","2","3","2","3","4","4","5","5","4","3","4","4","4","5","4","4","5","5","4","5","4","2","5","5","4","5","5","5","5","5","2","2","4","4","4","5","5","5","5","5","5","4","5","5","5","5","5","5","5","22","1","Female"
"0","100","836","1","25","16","17","2","7","3","8","24","10","13","1","29","18","9","15","23","12","19","4","6","5","21","28","27","11","20","14","30","22","26","5","5","5","5","5","5","5","5","5","5","5","1","5","5","5","4","5","3","5","5","5","4","5","5","5","5","5","5","3","3","5","5","5","5","5","5","5","5","5","5","5","5","5","5","5","5","5","5","5","5","5","5","5","5","5","5","5","5","5","5","5","5","5","5","5","5","5","5","5","5","5","5","5","5","5","5","5","5","5","5","5","5","5","5","5","5","5","5","5","5","5","5","5","5","5","5","5","5","5","5","5","5","5","5","5","5","5","5","5","5","5","5","5","5","5","5","5","5","5","5",NA,NA,NA,NA,NA,NA,NA,NA,NA,NA,NA,NA,NA,NA,NA,NA,NA,NA,NA,NA,NA,NA,NA,NA,NA,NA,NA,NA,NA,NA,NA,NA,NA,NA,NA,NA,NA,NA,NA,NA,NA,NA,NA,NA,NA,NA,NA,NA,NA,NA,NA,NA,NA,NA,NA,NA,NA,NA,NA,NA,NA,NA,NA,NA,NA,NA,NA,NA,NA,NA,NA,NA,NA,NA,NA,NA,NA,NA,NA,NA,NA,NA,NA,NA,NA,NA,NA,NA,NA,NA,NA,NA,NA,NA,NA,NA,NA,NA,NA,NA,NA,NA,NA,NA,NA,NA,NA,NA,NA,NA,NA,NA,NA,NA,NA,NA,NA,NA,NA,NA,NA,NA,NA,NA,NA,NA,NA,NA,NA,NA,NA,NA,NA,NA,NA,NA,NA,NA,NA,NA,NA,NA,NA,NA,NA,NA,NA,NA,NA,NA,"19","0","Female"
"0","100","339","1","19","11","24","7","1","8","2","25","14","26","27","29","13","12","16","30","6","10","20","22","21","18","9","28","15","17","5","4","23","3","3","4","4","5","3","5","3","4","4","4","3","3","4","5","4","1","4","5","3","4","3","4","4","4","4","5","4","4","4","3","4","4","3","4","5","5","4","3","5","5","4","3","3","3","4","3","3","4","3","4","4","3","4","3","4","4","4","5","5","4","4","4","4","3","4","3","4","5","4","5","5","5","5","3","4","4","4","4","5","4","4","5","4","3","5","3","3","4","4","3","4","4","5","3","4","5","3","3","4","4","3","3","5","4","3","3","4","4","3","5","4","4","5","5","5","4","3","3","4","4",NA,NA,NA,NA,NA,NA,NA,NA,NA,NA,NA,NA,NA,NA,NA,NA,NA,NA,NA,NA,NA,NA,NA,NA,NA,NA,NA,NA,NA,NA,NA,NA,NA,NA,NA,NA,NA,NA,NA,NA,NA,NA,NA,NA,NA,NA,NA,NA,NA,NA,NA,NA,NA,NA,NA,NA,NA,NA,NA,NA,NA,NA,NA,NA,NA,NA,NA,NA,NA,NA,NA,NA,NA,NA,NA,NA,NA,NA,NA,NA,NA,NA,NA,NA,NA,NA,NA,NA,NA,NA,NA,NA,NA,NA,NA,NA,NA,NA,NA,NA,NA,NA,NA,NA,NA,NA,NA,NA,NA,NA,NA,NA,NA,NA,NA,NA,NA,NA,NA,NA,NA,NA,NA,NA,NA,NA,NA,NA,NA,NA,NA,NA,NA,NA,NA,NA,NA,NA,NA,NA,NA,NA,NA,NA,NA,NA,NA,NA,NA,NA,"23","0","Male"
"0","100","426","1","10","3","7","6","17","9","23","20","4","19","8","12","26","21","15","16","18","14","27","25","1","29","28","24","5","11","22","13","30","2","5","5","5","5","5","5","5","5","5","5","5","5","5","5","5","5","5","5","5","5","5","5","5","5","5","5","5","5","5","5","5","5","5","5","5","5","5","5","5","5","5","5","5","5","5","5","5","5","5","5","5","5","5","5","5","5","5","5","5","5","5","5","5","5","5","5","5","5","5","5","5","5","5","5","5","5","5","5","5","5","5","5","5","5","5","5","5","5","5","5","5","5","5","5","5","5","5","5","5","5","5","5","5","5","5","5","5","5","5","5","5","5","5","5","5","5","5","5","5","5",NA,NA,NA,NA,NA,NA,NA,NA,NA,NA,NA,NA,NA,NA,NA,NA,NA,NA,NA,NA,NA,NA,NA,NA,NA,NA,NA,NA,NA,NA,NA,NA,NA,NA,NA,NA,NA,NA,NA,NA,NA,NA,NA,NA,NA,NA,NA,NA,NA,NA,NA,NA,NA,NA,NA,NA,NA,NA,NA,NA,NA,NA,NA,NA,NA,NA,NA,NA,NA,NA,NA,NA,NA,NA,NA,NA,NA,NA,NA,NA,NA,NA,NA,NA,NA,NA,NA,NA,NA,NA,NA,NA,NA,NA,NA,NA,NA,NA,NA,NA,NA,NA,NA,NA,NA,NA,NA,NA,NA,NA,NA,NA,NA,NA,NA,NA,NA,NA,NA,NA,NA,NA,NA,NA,NA,NA,NA,NA,NA,NA,NA,NA,NA,NA,NA,NA,NA,NA,NA,NA,NA,NA,NA,NA,NA,NA,NA,NA,NA,NA,"23","0","Male"
"0","100","1053","1","5","28","18","1","20","10","14","3","4","11","13","17","12","23","21","19","26","8","6","25","30","9","24","15","16","29","2","27","7","22","4","4","3","4","5","5","5","5","5","4","4","3","4","3","5","3","3","4","4","4","5","3","4","3","4","3","5","2","4","3","5","4","3","5","4","5","5","5","5","4","5","3","5","5","4","4","5","3","5","4","5","5","4","2","4","4","5","3","4","4","5","2","2","5","4","5","5","5","5","5","4","4","4","2","4","4","5","5","5","4","5","5","4","2","4","5","5","4","4","5","5","2","2","5","5","5","5","5","5","4","5","5","4","5","4","4","4","4","5","3","5","5","5","2","5","5","5","4","4","5",NA,NA,NA,NA,NA,NA,NA,NA,NA,NA,NA,NA,NA,NA,NA,NA,NA,NA,NA,NA,NA,NA,NA,NA,NA,NA,NA,NA,NA,NA,NA,NA,NA,NA,NA,NA,NA,NA,NA,NA,NA,NA,NA,NA,NA,NA,NA,NA,NA,NA,NA,NA,NA,NA,NA,NA,NA,NA,NA,NA,NA,NA,NA,NA,NA,NA,NA,NA,NA,NA,NA,NA,NA,NA,NA,NA,NA,NA,NA,NA,NA,NA,NA,NA,NA,NA,NA,NA,NA,NA,NA,NA,NA,NA,NA,NA,NA,NA,NA,NA,NA,NA,NA,NA,NA,NA,NA,NA,NA,NA,NA,NA,NA,NA,NA,NA,NA,NA,NA,NA,NA,NA,NA,NA,NA,NA,NA,NA,NA,NA,NA,NA,NA,NA,NA,NA,NA,NA,NA,NA,NA,NA,NA,NA,NA,NA,NA,NA,NA,NA,"24","0","Male"
"0","100","687","1",NA,NA,NA,NA,NA,NA,NA,NA,NA,NA,NA,NA,NA,NA,NA,NA,NA,NA,NA,NA,NA,NA,NA,NA,NA,NA,NA,NA,NA,NA,NA,NA,NA,NA,NA,NA,NA,NA,NA,NA,NA,NA,NA,NA,NA,NA,NA,NA,NA,NA,NA,NA,NA,NA,NA,NA,NA,NA,NA,NA,NA,NA,NA,NA,NA,NA,NA,NA,NA,NA,NA,NA,NA,NA,NA,NA,NA,NA,NA,NA,NA,NA,NA,NA,NA,NA,NA,NA,NA,NA,NA,NA,NA,NA,NA,NA,NA,NA,NA,NA,NA,NA,NA,NA,NA,NA,NA,NA,NA,NA,NA,NA,NA,NA,NA,NA,NA,NA,NA,NA,NA,NA,NA,NA,NA,NA,NA,NA,NA,NA,NA,NA,NA,NA,NA,NA,NA,NA,NA,NA,NA,NA,NA,NA,NA,NA,NA,NA,NA,NA,"4","5","18","23","13","25","26","8","10","27","16","15","7","12","28","17","29","19","2","20","9","22","3","11","6","30","24","14","1","21","5","5","5","4","5","5","5","5","5","5","5","5","5","5","5","5","5","5","5","5","5","5","5","5","5","5","5","5","5","5","5","5","5","5","5","5","5","5","5","5","5","5","5","5","5","5","5","5","5","5","5","5","5","5","5","5","5","4","5","5","5","5","5","5","5","5","5","5","5","5","5","5","5","5","5","5","5","4","5","5","5","5","5","5","5","5","5","5","5","5","5","5","5","5","5","5","5","4","5","5","5","5","5","5","5","4","5","5","5","5","5","4","5","5","5","5","5","5","5","5","19","1","Prefer not to say"
"0","100","1010","1","13","8","4","5","11","2","6","12","19","26","1","27","17","14","9","21","7","28","3","25","10","30","20","22","29","18","15","16","23","24","5","3","5","5","5","5","5","5","5","5","5","3","4","5","5","1","3","1","5","5","5","2","1","3","5","4","5","4","5","3","5","4","4","5","5","5","5","5","5","5","5","2","4","4","5","1","4","1","5","5","5","3","1","4","5","5","5","2","5","1","5","5","4","5","5","5","5","5","5","5","5","2","3","4","4","1","4","1","5","4","4","2","4","5","5","4","5","4","5","1","5","5","5","5","5","5","5","5","5","5","5","4","4","5","5","3","4","1","5","4","5","3","4","4","5","4","5","4","5","4",NA,NA,NA,NA,NA,NA,NA,NA,NA,NA,NA,NA,NA,NA,NA,NA,NA,NA,NA,NA,NA,NA,NA,NA,NA,NA,NA,NA,NA,NA,NA,NA,NA,NA,NA,NA,NA,NA,NA,NA,NA,NA,NA,NA,NA,NA,NA,NA,NA,NA,NA,NA,NA,NA,NA,NA,NA,NA,NA,NA,NA,NA,NA,NA,NA,NA,NA,NA,NA,NA,NA,NA,NA,NA,NA,NA,NA,NA,NA,NA,NA,NA,NA,NA,NA,NA,NA,NA,NA,NA,NA,NA,NA,NA,NA,NA,NA,NA,NA,NA,NA,NA,NA,NA,NA,NA,NA,NA,NA,NA,NA,NA,NA,NA,NA,NA,NA,NA,NA,NA,NA,NA,NA,NA,NA,NA,NA,NA,NA,NA,NA,NA,NA,NA,NA,NA,NA,NA,NA,NA,NA,NA,NA,NA,NA,NA,NA,NA,NA,NA,"24","0","Male"
"0","100","984","1","9","29","19","17","3","5","6","7","14","13","20","10","1","12","15","28","26","30","27","8","21","25","23","4","24","11","2","16","22","18","5","3","2","4","3","2","3","3","4","5","1","2","3","4","3","4","4","3","4","2","5","4","4","3","4","3","3","4","5","5","2","3","4","3","3","4","4","3","3","5","3","5","2","2","4","2","2","4","5","3","3","3","3","4","3","4","3","2","4","3","4","5","2","4","3","3","4","3","3","5","2","3","5","1","2","3","4","2","4","3","2","3","3","5","4","4","2","2","2","2","5","3","4","2","3","4","5","3","3","2","4","2","3","2","5","2","2","4","4","3","2","3","3","2","3","5","4","4","3","4",NA,NA,NA,NA,NA,NA,NA,NA,NA,NA,NA,NA,NA,NA,NA,NA,NA,NA,NA,NA,NA,NA,NA,NA,NA,NA,NA,NA,NA,NA,NA,NA,NA,NA,NA,NA,NA,NA,NA,NA,NA,NA,NA,NA,NA,NA,NA,NA,NA,NA,NA,NA,NA,NA,NA,NA,NA,NA,NA,NA,NA,NA,NA,NA,NA,NA,NA,NA,NA,NA,NA,NA,NA,NA,NA,NA,NA,NA,NA,NA,NA,NA,NA,NA,NA,NA,NA,NA,NA,NA,NA,NA,NA,NA,NA,NA,NA,NA,NA,NA,NA,NA,NA,NA,NA,NA,NA,NA,NA,NA,NA,NA,NA,NA,NA,NA,NA,NA,NA,NA,NA,NA,NA,NA,NA,NA,NA,NA,NA,NA,NA,NA,NA,NA,NA,NA,NA,NA,NA,NA,NA,NA,NA,NA,NA,NA,NA,NA,NA,NA,"23","0","Male"
"0","100","1820","1",NA,NA,NA,NA,NA,NA,NA,NA,NA,NA,NA,NA,NA,NA,NA,NA,NA,NA,NA,NA,NA,NA,NA,NA,NA,NA,NA,NA,NA,NA,NA,NA,NA,NA,NA,NA,NA,NA,NA,NA,NA,NA,NA,NA,NA,NA,NA,NA,NA,NA,NA,NA,NA,NA,NA,NA,NA,NA,NA,NA,NA,NA,NA,NA,NA,NA,NA,NA,NA,NA,NA,NA,NA,NA,NA,NA,NA,NA,NA,NA,NA,NA,NA,NA,NA,NA,NA,NA,NA,NA,NA,NA,NA,NA,NA,NA,NA,NA,NA,NA,NA,NA,NA,NA,NA,NA,NA,NA,NA,NA,NA,NA,NA,NA,NA,NA,NA,NA,NA,NA,NA,NA,NA,NA,NA,NA,NA,NA,NA,NA,NA,NA,NA,NA,NA,NA,NA,NA,NA,NA,NA,NA,NA,NA,NA,NA,NA,NA,NA,NA,"4","26","14","23","21","9","20","3","5","22","30","15","29","8","27","25","16","24","6","17","7","13","28","2","18","11","1","19","12","10","5","4","2","4","4","4","5","4","4","2","4","3","4","2","5","2","4","2","4","3","3","4","2","2","4","3","5","2","5","4","5","3","3","4","4","4","5","5","5","3","4","2","2","3","4","2","3","2","5","4","4","4","3","2","4","4","5","4","4","4","4","3","3","4","4","4","5","4","4","3","4","2","3","2","4","2","4","2","4","2","4","4","2","2","4","4","4","2","4","2","4","4","3","4","4","3","5","4","4","3","4","2","3","2","3","2","4","2","4","4","4","4","4","2","2","4","5","4","3","3","24","1","Male"
"0","100","1095","1",NA,NA,NA,NA,NA,NA,NA,NA,NA,NA,NA,NA,NA,NA,NA,NA,NA,NA,NA,NA,NA,NA,NA,NA,NA,NA,NA,NA,NA,NA,NA,NA,NA,NA,NA,NA,NA,NA,NA,NA,NA,NA,NA,NA,NA,NA,NA,NA,NA,NA,NA,NA,NA,NA,NA,NA,NA,NA,NA,NA,NA,NA,NA,NA,NA,NA,NA,NA,NA,NA,NA,NA,NA,NA,NA,NA,NA,NA,NA,NA,NA,NA,NA,NA,NA,NA,NA,NA,NA,NA,NA,NA,NA,NA,NA,NA,NA,NA,NA,NA,NA,NA,NA,NA,NA,NA,NA,NA,NA,NA,NA,NA,NA,NA,NA,NA,NA,NA,NA,NA,NA,NA,NA,NA,NA,NA,NA,NA,NA,NA,NA,NA,NA,NA,NA,NA,NA,NA,NA,NA,NA,NA,NA,NA,NA,NA,NA,NA,NA,NA,"16","24","17","18","3","7","13","20","15","8","11","10","26","19","14","4","22","6","1","21","12","27","5","30","28","2","25","9","23","29","5","2","2","5","5","5","2","5","5","4","5","4","4","3","2","4","3","4","4","4","5","4","4","4","2","5","5","4","5","3","5","2","2","4","4","4","5","5","5","4","4","1","2","2","4","4","4","2","5","5","5","4","4","2","3","2","3","1","5","3","4","2","2","4","4","4","5","4","5","4","5","4","2","2","5","2","4","2","2","5","4","4","4","2","3","5","4","3","4","2","5","2","2","4","4","4","5","5","4","3","5","4","4","4","4","4","5","2","5","5","4","4","5","2","3","5","3","2","5","2","22","1","Male"
"0","100","1286","1",NA,NA,NA,NA,NA,NA,NA,NA,NA,NA,NA,NA,NA,NA,NA,NA,NA,NA,NA,NA,NA,NA,NA,NA,NA,NA,NA,NA,NA,NA,NA,NA,NA,NA,NA,NA,NA,NA,NA,NA,NA,NA,NA,NA,NA,NA,NA,NA,NA,NA,NA,NA,NA,NA,NA,NA,NA,NA,NA,NA,NA,NA,NA,NA,NA,NA,NA,NA,NA,NA,NA,NA,NA,NA,NA,NA,NA,NA,NA,NA,NA,NA,NA,NA,NA,NA,NA,NA,NA,NA,NA,NA,NA,NA,NA,NA,NA,NA,NA,NA,NA,NA,NA,NA,NA,NA,NA,NA,NA,NA,NA,NA,NA,NA,NA,NA,NA,NA,NA,NA,NA,NA,NA,NA,NA,NA,NA,NA,NA,NA,NA,NA,NA,NA,NA,NA,NA,NA,NA,NA,NA,NA,NA,NA,NA,NA,NA,NA,NA,NA,"18","3","4","16","25","13","17","21","15","22","27","20","28","11","8","10","12","30","23","7","29","2","9","14","24","26","19","5","1","6","4","4","4","5","5","4","4","5","4","4","4","1","4","4","4","4","5","3","4","4","5","5","4","3","5","4","4","2","5","4","4","3","4","4","4","5","4","5","4","4","5","4","4","5","4","5","5","3","5","5","5","4","4","4","5","4","4","2","4","4","5","4","2","4","4","4","5","4","5","4","5","2","2","3","4","3","5","1","5","4","4","4","4","4","5","4","5","1","5","4","4","4","4","5","4","4","4","5","5","3","5","2","4","4","4","4","5","3","5","4","4","5","4","4","5","4","5","2","5","3","21","1","Male"
"0","100","464","1",NA,NA,NA,NA,NA,NA,NA,NA,NA,NA,NA,NA,NA,NA,NA,NA,NA,NA,NA,NA,NA,NA,NA,NA,NA,NA,NA,NA,NA,NA,NA,NA,NA,NA,NA,NA,NA,NA,NA,NA,NA,NA,NA,NA,NA,NA,NA,NA,NA,NA,NA,NA,NA,NA,NA,NA,NA,NA,NA,NA,NA,NA,NA,NA,NA,NA,NA,NA,NA,NA,NA,NA,NA,NA,NA,NA,NA,NA,NA,NA,NA,NA,NA,NA,NA,NA,NA,NA,NA,NA,NA,NA,NA,NA,NA,NA,NA,NA,NA,NA,NA,NA,NA,NA,NA,NA,NA,NA,NA,NA,NA,NA,NA,NA,NA,NA,NA,NA,NA,NA,NA,NA,NA,NA,NA,NA,NA,NA,NA,NA,NA,NA,NA,NA,NA,NA,NA,NA,NA,NA,NA,NA,NA,NA,NA,NA,NA,NA,NA,NA,"17","8","18","12","27","6","13","19","30","9","20","22","21","10","26","3","16","2","15","14","4","7","24","29","11","5","25","1","28","23","2","4","5","5","4","4","4","3","4","5","5","4","4","5","4","5","3","5","4","5","5","2","5","4","4","4","3","2","5","5","5","5","3","5","5","5","4","4","4","4","5","4","5","3","4","2","5","5","4","4","3","4","4","4","4","3","3","2","3","5","1","5","5","3","3","5","5","5","3","4","4","4","4","5","4","3","4","4","4","5","3","5","5","4","4","4","2","3","5","4","4","3","3","5","4","5","5","5","5","4","3","5","4","3","4","3","2","2","3","4","4","5","5","5","4","4","4","2","5","4","21","1","Male"
"0","100","953","1",NA,NA,NA,NA,NA,NA,NA,NA,NA,NA,NA,NA,NA,NA,NA,NA,NA,NA,NA,NA,NA,NA,NA,NA,NA,NA,NA,NA,NA,NA,NA,NA,NA,NA,NA,NA,NA,NA,NA,NA,NA,NA,NA,NA,NA,NA,NA,NA,NA,NA,NA,NA,NA,NA,NA,NA,NA,NA,NA,NA,NA,NA,NA,NA,NA,NA,NA,NA,NA,NA,NA,NA,NA,NA,NA,NA,NA,NA,NA,NA,NA,NA,NA,NA,NA,NA,NA,NA,NA,NA,NA,NA,NA,NA,NA,NA,NA,NA,NA,NA,NA,NA,NA,NA,NA,NA,NA,NA,NA,NA,NA,NA,NA,NA,NA,NA,NA,NA,NA,NA,NA,NA,NA,NA,NA,NA,NA,NA,NA,NA,NA,NA,NA,NA,NA,NA,NA,NA,NA,NA,NA,NA,NA,NA,NA,NA,NA,NA,NA,NA,"12","6","4","21","22","2","15","16","18","26","7","20","25","10","28","24","3","23","27","14","17","30","19","9","13","5","11","29","1","8","3","4","5","3","5","2","5","4","5","4","5","2","1","5","4","3","2","2","3","3","4","1","4","4","5","4","4","2","5","4","5","3","4","2","3","3","5","4","4","5","4","4","1","4","4","3","2","3","4","5","2","1","4","2","5","4","5","4","5","1","4","4","3","4","5","5","5","4","4","4","5","2","4","3","5","2","3","3","4","4","4","3","5","3","3","5","4","5","5","5","5","2","4","4","4","5","4","3","5","5","5","2","5","4","4","2","1","2","4","4","4","3","4","4","4","4","4","4","5","5","23","1","Male"
"0","100","1207","1",NA,NA,NA,NA,NA,NA,NA,NA,NA,NA,NA,NA,NA,NA,NA,NA,NA,NA,NA,NA,NA,NA,NA,NA,NA,NA,NA,NA,NA,NA,NA,NA,NA,NA,NA,NA,NA,NA,NA,NA,NA,NA,NA,NA,NA,NA,NA,NA,NA,NA,NA,NA,NA,NA,NA,NA,NA,NA,NA,NA,NA,NA,NA,NA,NA,NA,NA,NA,NA,NA,NA,NA,NA,NA,NA,NA,NA,NA,NA,NA,NA,NA,NA,NA,NA,NA,NA,NA,NA,NA,NA,NA,NA,NA,NA,NA,NA,NA,NA,NA,NA,NA,NA,NA,NA,NA,NA,NA,NA,NA,NA,NA,NA,NA,NA,NA,NA,NA,NA,NA,NA,NA,NA,NA,NA,NA,NA,NA,NA,NA,NA,NA,NA,NA,NA,NA,NA,NA,NA,NA,NA,NA,NA,NA,NA,NA,NA,NA,NA,NA,"24","2","7","18","5","4","8","9","15","14","11","26","27","25","19","30","28","20","16","12","6","10","29","22","23","13","17","21","1","3","5","5","5","5","5","5","5","5","5","5","5","5","5","5","5","5","5","5","5","5","5","5","5","5","5","5","5","5","5","5","5","5","5","5","5","5","5","5","5","5","5","5","5","5","5","5","5","5","5","5","5","5","5","5","5","5","5","5","5","5","5","5","5","5","5","5","5","5","5","5","5","5","5","5","5","5","5","5","5","5","5","5","5","5","5","5","5","5","5","5","5","5","5","5","5","5","5","5","5","5","5","5","5","5","5","5","5","5","5","5","5","5","5","5","5","5","5","5","5","5","20","1","Male"
"0","100","15","1",NA,NA,NA,NA,NA,NA,NA,NA,NA,NA,NA,NA,NA,NA,NA,NA,NA,NA,NA,NA,NA,NA,NA,NA,NA,NA,NA,NA,NA,NA,NA,NA,NA,NA,NA,NA,NA,NA,NA,NA,NA,NA,NA,NA,NA,NA,NA,NA,NA,NA,NA,NA,NA,NA,NA,NA,NA,NA,NA,NA,NA,NA,NA,NA,NA,NA,NA,NA,NA,NA,NA,NA,NA,NA,NA,NA,NA,NA,NA,NA,NA,NA,NA,NA,NA,NA,NA,NA,NA,NA,NA,NA,NA,NA,NA,NA,NA,NA,NA,NA,NA,NA,NA,NA,NA,NA,NA,NA,NA,NA,NA,NA,NA,NA,NA,NA,NA,NA,NA,NA,NA,NA,NA,NA,NA,NA,NA,NA,NA,NA,NA,NA,NA,NA,NA,NA,NA,NA,NA,NA,NA,NA,NA,NA,NA,NA,NA,NA,NA,NA,NA,NA,NA,NA,NA,NA,NA,NA,NA,NA,NA,NA,NA,NA,NA,NA,NA,NA,NA,NA,NA,NA,NA,NA,NA,NA,NA,NA,NA,NA,NA,NA,NA,NA,NA,NA,NA,NA,NA,NA,NA,NA,NA,NA,NA,NA,NA,NA,NA,NA,NA,NA,NA,NA,NA,NA,NA,NA,NA,NA,NA,NA,NA,NA,NA,NA,NA,NA,NA,NA,NA,NA,NA,NA,NA,NA,NA,NA,NA,NA,NA,NA,NA,NA,NA,NA,NA,NA,NA,NA,NA,NA,NA,NA,NA,NA,NA,NA,NA,NA,NA,NA,NA,NA,NA,NA,NA,NA,NA,NA,NA,NA,NA,NA,NA,NA,NA,NA,NA,NA,NA,NA,NA,NA,NA,NA,NA,NA,NA,NA,NA,NA,NA,NA,NA,NA,NA,NA,NA,NA,NA,NA,NA,NA,NA,NA,NA,NA,NA,NA,"25",NA,"NA"
"0","100","796","1","3","26","9","24","13","21","11","6","5","12","8","14","27","1","2","10","16","25","19","18","22","30","29","17","23","15","20","4","28","7","5","5","5","5","5","5","5","5","5","5","5","4","5","5","5","4","5","4","5","5","5","5","5","5","4","5","5","4","5","3","5","5","5","5","5","5","5","5","5","5","5","5","5","4","5","3","5","4","5","5","5","4","5","5","4","5","5","4","5","5","5","5","5","5","5","5","5","5","5","5","5","4","5","5","5","5","5","4","5","5","5","5","5","5","5","5","5","4","5","5","5","5","5","5","5","5","5","5","5","5","5","4","5","5","5","4","5","3","5","3","5","5","5","4","4","5","5","4","5","4",NA,NA,NA,NA,NA,NA,NA,NA,NA,NA,NA,NA,NA,NA,NA,NA,NA,NA,NA,NA,NA,NA,NA,NA,NA,NA,NA,NA,NA,NA,NA,NA,NA,NA,NA,NA,NA,NA,NA,NA,NA,NA,NA,NA,NA,NA,NA,NA,NA,NA,NA,NA,NA,NA,NA,NA,NA,NA,NA,NA,NA,NA,NA,NA,NA,NA,NA,NA,NA,NA,NA,NA,NA,NA,NA,NA,NA,NA,NA,NA,NA,NA,NA,NA,NA,NA,NA,NA,NA,NA,NA,NA,NA,NA,NA,NA,NA,NA,NA,NA,NA,NA,NA,NA,NA,NA,NA,NA,NA,NA,NA,NA,NA,NA,NA,NA,NA,NA,NA,NA,NA,NA,NA,NA,NA,NA,NA,NA,NA,NA,NA,NA,NA,NA,NA,NA,NA,NA,NA,NA,NA,NA,NA,NA,NA,NA,NA,NA,NA,NA,"20","0","Male"
"0","100","471","1",NA,NA,NA,NA,NA,NA,NA,NA,NA,NA,NA,NA,NA,NA,NA,NA,NA,NA,NA,NA,NA,NA,NA,NA,NA,NA,NA,NA,NA,NA,NA,NA,NA,NA,NA,NA,NA,NA,NA,NA,NA,NA,NA,NA,NA,NA,NA,NA,NA,NA,NA,NA,NA,NA,NA,NA,NA,NA,NA,NA,NA,NA,NA,NA,NA,NA,NA,NA,NA,NA,NA,NA,NA,NA,NA,NA,NA,NA,NA,NA,NA,NA,NA,NA,NA,NA,NA,NA,NA,NA,NA,NA,NA,NA,NA,NA,NA,NA,NA,NA,NA,NA,NA,NA,NA,NA,NA,NA,NA,NA,NA,NA,NA,NA,NA,NA,NA,NA,NA,NA,NA,NA,NA,NA,NA,NA,NA,NA,NA,NA,NA,NA,NA,NA,NA,NA,NA,NA,NA,NA,NA,NA,NA,NA,NA,NA,NA,NA,NA,NA,"5","13","11","26","9","14","12","20","7","10","25","16","27","15","28","23","4","1","19","21","3","24","22","2","18","6","30","8","29","17","4","5","5","5","5","5","5","5","5","5","5","5","5","5","5","5","5","5","5","5","5","5","5","5","5","5","5","5","5","5","5","5","5","5","5","5","5","5","5","5","5","5","5","5","5","5","5","5","5","5","5","5","5","5","5","5","5","5","5","5","4","5","5","5","4","4","5","5","5","5","5","4","5","5","4","5","5","4","5","5","5","5","5","4","4","5","5","5","4","5","4","4","4","4","4","4","4","4","4","4","5","5","5","4","4","5","4","4","4","4","5","5","5","4","4","5","4","5","4","4","20","1","Female"
"0","100","1595","1",NA,NA,NA,NA,NA,NA,NA,NA,NA,NA,NA,NA,NA,NA,NA,NA,NA,NA,NA,NA,NA,NA,NA,NA,NA,NA,NA,NA,NA,NA,NA,NA,NA,NA,NA,NA,NA,NA,NA,NA,NA,NA,NA,NA,NA,NA,NA,NA,NA,NA,NA,NA,NA,NA,NA,NA,NA,NA,NA,NA,NA,NA,NA,NA,NA,NA,NA,NA,NA,NA,NA,NA,NA,NA,NA,NA,NA,NA,NA,NA,NA,NA,NA,NA,NA,NA,NA,NA,NA,NA,NA,NA,NA,NA,NA,NA,NA,NA,NA,NA,NA,NA,NA,NA,NA,NA,NA,NA,NA,NA,NA,NA,NA,NA,NA,NA,NA,NA,NA,NA,NA,NA,NA,NA,NA,NA,NA,NA,NA,NA,NA,NA,NA,NA,NA,NA,NA,NA,NA,NA,NA,NA,NA,NA,NA,NA,NA,NA,NA,NA,"22","27","30","9","20","3","6","19","7","13","4","25","26","28","24","18","14","12","1","17","2","21","16","23","15","8","5","29","10","11","5","5","4","5","5","5","5","4","5","5","5","4","4","4","5","2","4","3","5","4","5","2","5","4","5","4","5","4","5","3","5","3","2","5","5","5","5","5","5","5","5","3","4","5","4","4","5","1","5","5","5","2","5","3","5","4","4","2","5","4","4","4","4","5","5","5","5","4","5","5","5","4","4","4","4","4","5","2","5","5","5","2","5","4","5","3","5","4","5","4","4","4","4","5","5","5","5","4","5","5","5","3","4","4","4","4","5","2","5","5","5","2","5","5","5","3","5","4","5","3","22","1","Female"
"0","100","1149","1",NA,NA,NA,NA,NA,NA,NA,NA,NA,NA,NA,NA,NA,NA,NA,NA,NA,NA,NA,NA,NA,NA,NA,NA,NA,NA,NA,NA,NA,NA,NA,NA,NA,NA,NA,NA,NA,NA,NA,NA,NA,NA,NA,NA,NA,NA,NA,NA,NA,NA,NA,NA,NA,NA,NA,NA,NA,NA,NA,NA,NA,NA,NA,NA,NA,NA,NA,NA,NA,NA,NA,NA,NA,NA,NA,NA,NA,NA,NA,NA,NA,NA,NA,NA,NA,NA,NA,NA,NA,NA,NA,NA,NA,NA,NA,NA,NA,NA,NA,NA,NA,NA,NA,NA,NA,NA,NA,NA,NA,NA,NA,NA,NA,NA,NA,NA,NA,NA,NA,NA,NA,NA,NA,NA,NA,NA,NA,NA,NA,NA,NA,NA,NA,NA,NA,NA,NA,NA,NA,NA,NA,NA,NA,NA,NA,NA,NA,NA,NA,NA,"28","26","14","11","6","18","12","15","22","13","17","16","5","7","29","25","21","24","10","3","8","9","30","20","23","27","1","4","2","19","5","4","3","4","3","3","5","4","5","3","5","3","4","4","4","4","4","4","5","4","5","4","4","5","5","5","5","5","5","4","5","4","3","5","4","4","4","5","5","5","5","3","3","4","4","4","3","3","4","5","5","4","4","4","5","5","5","5","5","4","4","3","3","4","4","4","5","5","5","5","5","3","3","5","4","4","4","3","5","5","5","5","5","4","5","5","5","4","5","4","4","4","3","5","4","4","4","5","5","4","5","3","3","4","5","4","3","3","5","5","5","4","4","5","5","4","5","4","5","5","19","1","Female"
"0","100","444","1",NA,NA,NA,NA,NA,NA,NA,NA,NA,NA,NA,NA,NA,NA,NA,NA,NA,NA,NA,NA,NA,NA,NA,NA,NA,NA,NA,NA,NA,NA,NA,NA,NA,NA,NA,NA,NA,NA,NA,NA,NA,NA,NA,NA,NA,NA,NA,NA,NA,NA,NA,NA,NA,NA,NA,NA,NA,NA,NA,NA,NA,NA,NA,NA,NA,NA,NA,NA,NA,NA,NA,NA,NA,NA,NA,NA,NA,NA,NA,NA,NA,NA,NA,NA,NA,NA,NA,NA,NA,NA,NA,NA,NA,NA,NA,NA,NA,NA,NA,NA,NA,NA,NA,NA,NA,NA,NA,NA,NA,NA,NA,NA,NA,NA,NA,NA,NA,NA,NA,NA,NA,NA,NA,NA,NA,NA,NA,NA,NA,NA,NA,NA,NA,NA,NA,NA,NA,NA,NA,NA,NA,NA,NA,NA,NA,NA,NA,NA,NA,NA,"12","3","27","15","14","23","24","18","1","21","17","5","28","6","8","4","7","20","30","9","29","19","10","22","13","16","26","25","11","2","3","4","3","4","3","3","3","3","4","3","4","2","4","4","4","4","2","4","3","4","4","4","3","4","2","2","4","3","3","4","4","2","4","4","4","4","4","3","3","3","4","4","3","2","4","4","4","3","4","4","4","3","4","2","4","4","3","4","3","3","4","4","4","3","4","4","4","4","4","3","3","4","3","4","4","4","4","4","4","4","4","4","4","4","4","4","4","4","4","4","4","2","4","3","2","4","4","4","3","4","4","5","4","4","4","2","3","4","4","3","5","3","3","4","4","5","4","4","3","3","18","1","Male"
"0","100","2720","1",NA,NA,NA,NA,NA,NA,NA,NA,NA,NA,NA,NA,NA,NA,NA,NA,NA,NA,NA,NA,NA,NA,NA,NA,NA,NA,NA,NA,NA,NA,NA,NA,NA,NA,NA,NA,NA,NA,NA,NA,NA,NA,NA,NA,NA,NA,NA,NA,NA,NA,NA,NA,NA,NA,NA,NA,NA,NA,NA,NA,NA,NA,NA,NA,NA,NA,NA,NA,NA,NA,NA,NA,NA,NA,NA,NA,NA,NA,NA,NA,NA,NA,NA,NA,NA,NA,NA,NA,NA,NA,NA,NA,NA,NA,NA,NA,NA,NA,NA,NA,NA,NA,NA,NA,NA,NA,NA,NA,NA,NA,NA,NA,NA,NA,NA,NA,NA,NA,NA,NA,NA,NA,NA,NA,NA,NA,NA,NA,NA,NA,NA,NA,NA,NA,NA,NA,NA,NA,NA,NA,NA,NA,NA,NA,NA,NA,NA,NA,NA,NA,"26","17","5","3","22","18","20","28","12","27","14","29","23","19","21","30","8","13","16","6","11","1","7","4","25","9","15","10","2","24","5","4","5","5","4","3","4","2","4","2","4","2","4","4","5","2","5","3","5","4","4","5","5","5","4","4","5","4","4","4","4","5","4","5","4","4","5","4","4","4","4","3","4","5","4","4","4","2","5","5","4","5","5","5","4","5","5","3","5","4","4","4","5","5","4","4","4","3","4","4","4","3","3","4","4","4","4","4","4","5","4","5","4","5","4","5","5","5","5","4","4","4","5","5","4","4","5","4","5","4","5","3","4","4","4","3","5","4","4","5","4","5","5","5","4","5","5","5","5","4","19","1","Male"
"0","100","3279","1",NA,NA,NA,NA,NA,NA,NA,NA,NA,NA,NA,NA,NA,NA,NA,NA,NA,NA,NA,NA,NA,NA,NA,NA,NA,NA,NA,NA,NA,NA,NA,NA,NA,NA,NA,NA,NA,NA,NA,NA,NA,NA,NA,NA,NA,NA,NA,NA,NA,NA,NA,NA,NA,NA,NA,NA,NA,NA,NA,NA,NA,NA,NA,NA,NA,NA,NA,NA,NA,NA,NA,NA,NA,NA,NA,NA,NA,NA,NA,NA,NA,NA,NA,NA,NA,NA,NA,NA,NA,NA,NA,NA,NA,NA,NA,NA,NA,NA,NA,NA,NA,NA,NA,NA,NA,NA,NA,NA,NA,NA,NA,NA,NA,NA,NA,NA,NA,NA,NA,NA,NA,NA,NA,NA,NA,NA,NA,NA,NA,NA,NA,NA,NA,NA,NA,NA,NA,NA,NA,NA,NA,NA,NA,NA,NA,NA,NA,NA,NA,NA,"24","12","1","29","21","20","25","15","28","9","26","4","2","10","16","7","8","14","17","23","22","19","18","5","6","13","27","3","30","11","5","2","1","5","5","4","5","5","4","5","5","1","4","5","5","4","5","4","5","5","5","3","4","4","4","4","4","2","5","5","5","5","2","5","5","5","5","5","5","5","5","2","5","5","5","4","5","4","5","5","5","4","4","4","5","4","5","1","5","5","4","5","5","4","5","4","4","4","4","5","5","2","4","4","5","3","4","2","5","5","5","4","4","5","4","3","4","5","5","4","5","5","1","5","5","5","5","5","5","5","5","1","2","5","5","4","5","4","5","5","5","5","5","5","5","4","5","1","5","5","24","1","Male"
"0","100","700","1","7","22","24","8","5","16","3","9","17","25","14","29","23","21","13","19","28","11","6","26","18","30","10","4","12","2","1","20","27","15","3","3","4","4","3","4","4","4","3","4","3","2","1","2","3","2","3","1","4","4","3","1","2","3","4","4","4","2","2","2","2","2","4","4","2","3","3","4","4","3","3","1","2","3","3","2","3","1","4","3","3","1","2","3","3","4","5","2","2","2","4","3","4","4","4","5","3","3","4","2","3","1","2","1","4","2","2","2","2","3","3","2","2","4","2","4","3","3","2","2","3","3","2","4","4","3","2","3","2","3","3","1","2","2","3","2","2","1","3","3","2","1","2","3","3","4","4","3","1","3",NA,NA,NA,NA,NA,NA,NA,NA,NA,NA,NA,NA,NA,NA,NA,NA,NA,NA,NA,NA,NA,NA,NA,NA,NA,NA,NA,NA,NA,NA,NA,NA,NA,NA,NA,NA,NA,NA,NA,NA,NA,NA,NA,NA,NA,NA,NA,NA,NA,NA,NA,NA,NA,NA,NA,NA,NA,NA,NA,NA,NA,NA,NA,NA,NA,NA,NA,NA,NA,NA,NA,NA,NA,NA,NA,NA,NA,NA,NA,NA,NA,NA,NA,NA,NA,NA,NA,NA,NA,NA,NA,NA,NA,NA,NA,NA,NA,NA,NA,NA,NA,NA,NA,NA,NA,NA,NA,NA,NA,NA,NA,NA,NA,NA,NA,NA,NA,NA,NA,NA,NA,NA,NA,NA,NA,NA,NA,NA,NA,NA,NA,NA,NA,NA,NA,NA,NA,NA,NA,NA,NA,NA,NA,NA,NA,NA,NA,NA,NA,NA,"23","0","Male"
"0","100","861","1",NA,NA,NA,NA,NA,NA,NA,NA,NA,NA,NA,NA,NA,NA,NA,NA,NA,NA,NA,NA,NA,NA,NA,NA,NA,NA,NA,NA,NA,NA,NA,NA,NA,NA,NA,NA,NA,NA,NA,NA,NA,NA,NA,NA,NA,NA,NA,NA,NA,NA,NA,NA,NA,NA,NA,NA,NA,NA,NA,NA,NA,NA,NA,NA,NA,NA,NA,NA,NA,NA,NA,NA,NA,NA,NA,NA,NA,NA,NA,NA,NA,NA,NA,NA,NA,NA,NA,NA,NA,NA,NA,NA,NA,NA,NA,NA,NA,NA,NA,NA,NA,NA,NA,NA,NA,NA,NA,NA,NA,NA,NA,NA,NA,NA,NA,NA,NA,NA,NA,NA,NA,NA,NA,NA,NA,NA,NA,NA,NA,NA,NA,NA,NA,NA,NA,NA,NA,NA,NA,NA,NA,NA,NA,NA,NA,NA,NA,NA,NA,NA,"24","26","16","25","12","6","3","10","5","14","29","30","23","21","20","18","19","28","2","13","1","15","8","22","9","17","7","11","27","4","4","5","4","3","4","4","5","4","5","5","5","4","5","4","5","4","5","5","4","5","4","4","5","5","5","4","5","5","5","5","3","4","4","4","4","4","4","4","5","5","4","4","4","4","5","4","5","3","5","5","5","4","4","4","5","4","4","4","5","5","4","4","4","4","4","5","4","5","5","4","4","4","4","4","4","5","5","5","4","4","5","5","4","4","4","5","5","4","4","4","4","4","3","4","4","4","4","4","4","5","4","4","3","4","4","4","5","2","5","5","5","4","5","5","5","5","4","5","5","4","21","1","Male"
"0","100","1553","1","14","26","28","22","12","11","13","27","1","7","6","20","17","24","21","23","18","10","30","16","19","5","8","3","2","29","9","4","25","15","4","4","4","5","5","5","5","5","5","5","5","2","5","5","5","5","5","2","5","4","5","5","5","5","5","4","5","2","5","2","5","5","5","5","5","5","5","2","5","5","5","2","5","5","5","5","5","5","5","5","5","5","5","5","5","5","5","2","5","5","5","5","5","5","5","5","5","5","5","5","5","5","5","5","5","5","5","5","5","5","5","5","5","5","5","5","5","5","5","5","5","4","4","5","5","5","5","5","4","4","5","4","5","5","5","5","5","2","5","5","5","5","5","5","5","5","5","2","5","2",NA,NA,NA,NA,NA,NA,NA,NA,NA,NA,NA,NA,NA,NA,NA,NA,NA,NA,NA,NA,NA,NA,NA,NA,NA,NA,NA,NA,NA,NA,NA,NA,NA,NA,NA,NA,NA,NA,NA,NA,NA,NA,NA,NA,NA,NA,NA,NA,NA,NA,NA,NA,NA,NA,NA,NA,NA,NA,NA,NA,NA,NA,NA,NA,NA,NA,NA,NA,NA,NA,NA,NA,NA,NA,NA,NA,NA,NA,NA,NA,NA,NA,NA,NA,NA,NA,NA,NA,NA,NA,NA,NA,NA,NA,NA,NA,NA,NA,NA,NA,NA,NA,NA,NA,NA,NA,NA,NA,NA,NA,NA,NA,NA,NA,NA,NA,NA,NA,NA,NA,NA,NA,NA,NA,NA,NA,NA,NA,NA,NA,NA,NA,NA,NA,NA,NA,NA,NA,NA,NA,NA,NA,NA,NA,NA,NA,NA,NA,NA,NA,"19","0","Male"
"0","100","1433","1","6","9","17","4","27","3","1","14","2","30","24","5","21","20","26","12","19","28","23","10","11","16","15","13","29","18","25","22","7","8","2","4","3","4","2","4","4","2","2","3","2","4","4","4","5","4","5","5","4","3","2","2","4","5","4","4","4","4","2","5","5","5","4","5","5","5","5","5","4","4","5","5","5","5","5","4","5","4","5","5","5","4","5","4","5","4","5","3","5","5","5","5","5","5","4","5","5","5","5","4","4","4","5","5","5","4","4","2","5","4","2","3","5","4","4","4","4","4","5","5","5","3","4","4","5","5","5","4","5","5","5","2","4","5","4","4","5","2","5","4","4","4","4","4","5","4","5","2","5","4",NA,NA,NA,NA,NA,NA,NA,NA,NA,NA,NA,NA,NA,NA,NA,NA,NA,NA,NA,NA,NA,NA,NA,NA,NA,NA,NA,NA,NA,NA,NA,NA,NA,NA,NA,NA,NA,NA,NA,NA,NA,NA,NA,NA,NA,NA,NA,NA,NA,NA,NA,NA,NA,NA,NA,NA,NA,NA,NA,NA,NA,NA,NA,NA,NA,NA,NA,NA,NA,NA,NA,NA,NA,NA,NA,NA,NA,NA,NA,NA,NA,NA,NA,NA,NA,NA,NA,NA,NA,NA,NA,NA,NA,NA,NA,NA,NA,NA,NA,NA,NA,NA,NA,NA,NA,NA,NA,NA,NA,NA,NA,NA,NA,NA,NA,NA,NA,NA,NA,NA,NA,NA,NA,NA,NA,NA,NA,NA,NA,NA,NA,NA,NA,NA,NA,NA,NA,NA,NA,NA,NA,NA,NA,NA,NA,NA,NA,NA,NA,NA,"23","0","Male"
"0","100","1268","1",NA,NA,NA,NA,NA,NA,NA,NA,NA,NA,NA,NA,NA,NA,NA,NA,NA,NA,NA,NA,NA,NA,NA,NA,NA,NA,NA,NA,NA,NA,NA,NA,NA,NA,NA,NA,NA,NA,NA,NA,NA,NA,NA,NA,NA,NA,NA,NA,NA,NA,NA,NA,NA,NA,NA,NA,NA,NA,NA,NA,NA,NA,NA,NA,NA,NA,NA,NA,NA,NA,NA,NA,NA,NA,NA,NA,NA,NA,NA,NA,NA,NA,NA,NA,NA,NA,NA,NA,NA,NA,NA,NA,NA,NA,NA,NA,NA,NA,NA,NA,NA,NA,NA,NA,NA,NA,NA,NA,NA,NA,NA,NA,NA,NA,NA,NA,NA,NA,NA,NA,NA,NA,NA,NA,NA,NA,NA,NA,NA,NA,NA,NA,NA,NA,NA,NA,NA,NA,NA,NA,NA,NA,NA,NA,NA,NA,NA,NA,NA,NA,"20","4","7","19","27","28","5","23","22","25","11","2","8","1","16","6","14","18","10","12","13","29","9","30","26","24","21","3","17","15","4","3","3","5","4","5","5","4","5","5","5","4","4","3","4","5","5","5","5","4","4","5","4","5","5","5","5","5","5","5","4","2","1","5","5","5","5","5","5","5","5","1","2","3","2","5","4","3","5","5","4","5","5","1","5","5","5","1","5","5","4","4","2","5","3","5","5","4","5","4","5","2","2","2","3","5","5","5","5","4","4","5","4","4","5","5","5","3","5","5","5","3","3","5","3","5","5","5","5","5","5","3","4","3","5","5","5","5","5","5","4","5","5","4","5","5","5","4","5","5","24","1","Female"
