Experimental_Group,Status,Progress,Duration (in seconds),Finished,Age,Sex,Message Rank_1,Message Rank_2,Message Rank_3,Message Rank_4,Message Rank_5,Message Rank_6,Message Rank_7,Message Rank_8,Message Rank_9,Message Rank_10,Message Rank_11,Message Rank_12,Message Rank_13,Message Rank_14,Message Rank_15,Message Rank_16,Message Rank_17,Message Rank_18,Message Rank_19,Message Rank_20,Message Rank_21,Message Rank_22,Message Rank_23,Message Rank_24,Message Rank_25,Message Rank_26,Message Rank_27,Message Rank_28,Message Rank_29,Message Rank_30,Dis_AI1,Dis_AI2,Dis_AI3,Dis_AI4,Dis_AI5,Dis_AI6,Dis_AI7,Dis_AI8,Dis_AI9,Dis_AI10,Dis_AI11,Dis_AI12,Dis_AI13,Dis_AI14,Dis_AI15,Dis_Hum1,Dis_Hum2,Dis_Hum3,Dis_Hum4,Dis_Hum5,Dis_Hum6,Dis_Hum7,Dis_Hum8,Dis_Hum9,Dis_Hum10,Dis_Hum11,Dis_Hum12,Dis_Hum13,Dis_Hum14,Dis_Hum15,Con_AI1,Con_AI2,Con_AI3,Con_AI4,Con_AI5,Con_AI6,Con_AI7,Con_AI8,Con_AI9,Con_AI10,Con_AI11,Con_AI12,Con_AI13,Con_AI14,Con_AI15,Con_Hum1,Con_Hum2,Con_Hum3,Con_Hum4,Con_Hum5,Con_Hum6,Con_Hum7,Con_Hum8,Con_Hum9,Con_Hum10,Con_Hum11,Con_Hum12,Con_Hum13,Con_Hum14,Con_Hum15,Unp_AI1,Unp_AI2,Unp_AI3,Unp_AI4,Unp_AI5,Unp_AI6,Unp_AI7,Unp_AI8,Unp_AI9,Unp_AI10,Unp_AI11,Unp_AI12,Unp_AI13,Unp_AI14,Unp_AI15,Unp_Hum1,Unp_Hum2,Unp_Hum3,Unp_Hum4,Unp_Hum5,Unp_Hum6,Unp_Hum7,Unp_Hum8,Unp_Hum9,Unp_Hum10,Unp_Hum11,Unp_Hum12,Unp_Hum13,Unp_Hum14,Unp_Hum15,Lapp_AI1,Lapp_AI2,Lapp_AI3,Lapp_AI4,Lapp_AI5,Lapp_AI6,Lapp_AI7,Lapp_AI8,Lapp_AI9,Lapp_AI10,Lapp_AI11,Lapp_AI12,Lapp_AI13,Lapp_AI14,Lapp_AI15,Lapp_Hum1,Lapp_Hum2,Lapp_Hum3,Lapp_Hum4,Lapp_Hum5,Lapp_Hum6,Lapp_Hum7,Lapp_Hum8,Lapp_Hum9,Lapp_Hum10,Lapp_Hum11,Lapp_Hum12,Lapp_Hum13,Lapp_Hum14,Lapp_Hum15,C_Message Rank_1,C_Message Rank_2,C_Message Rank_3,C_Message Rank_4,C_Message Rank_5,C_Message Rank_6,C_Message Rank_7,C_Message Rank_8,C_Message Rank_9,C_Message Rank_10,C_Message Rank_11,C_Message Rank_12,C_Message Rank_13,C_Message Rank_14,C_Message Rank_15,C_Message Rank_16,C_Message Rank_17,C_Message Rank_18,C_Message Rank_19,C_Message Rank_20,C_Message Rank_21,C_Message Rank_22,C_Message Rank_23,C_Message Rank_24,C_Message Rank_25,C_Message Rank_26,C_Message Rank_27,C_Message Rank_28,C_Message Rank_29,C_Message Rank_30,C_Dis_AI1,C_Dis_AI2,C_Dis_AI3,C_Dis_AI4,C_Dis_AI5,C_Dis_AI6,C_Dis_AI7,C_Dis_AI8,C_Dis_AI9,C_Dis_AI10,C_Dis_AI11,C_Dis_AI12,C_Dis_AI13,C_Dis_AI14,C_Dis_AI15,C_Dis_Hum1,C_Dis_Hum2,C_Dis_Hum3,C_Dis_Hum4,C_Dis_Hum5,C_Dis_Hum6,C_Dis_Hum7,C_Dis_Hum8,C_Dis_Hum9,C_Dis_Hum10,C_Dis_Hum11,C_Dis_Hum12,C_Dis_Hum13,C_Dis_Hum14,C_Dis_Hum15,C_Con_AI1,C_Con_AI2,C_Con_AI3,C_Con_AI4,C_Con_AI5,C_Con_AI6,C_Con_AI7,C_Con_AI8,C_Con_AI9,C_Con_AI10,C_Con_AI11,C_Con_AI12,C_Con_AI13,C_Con_AI14,C_Con_AI15,C_Con_Hum1,C_Con_Hum2,C_Con_Hum3,C_Con_Hum4,C_Con_Hum5,C_Con_Hum6,C_Con_Hum7,C_Con_Hum8,C_Con_Hum9,C_Con_Hum10,C_Con_Hum11,C_Con_Hum12,C_Con_Hum13,C_Con_Hum14,C_Con_Hum15,C_Unp_AI1,C_Unp_AI2,C_Unp_AI3,C_Unp_AI4,C_Unp_AI5,C_Unp_AI6,C_Unp_AI7,C_Unp_AI8,C_Unp_AI9,C_Unp_AI10,C_Unp_AI11,C_Unp_AI12,C_Unp_AI13,C_Unp_AI14,C_Unp_AI15,C_Unp_Hum1,C_Unp_Hum2,C_Unp_Hum3,C_Unp_Hum4,C_Unp_Hum5,C_Unp_Hum6,C_Unp_Hum7,C_Unp_Hum8,C_Unp_Hum9,C_Unp_Hum10,C_Unp_Hum11,C_Unp_Hum12,C_Unp_Hum13,C_Unp_Hum14,C_Unp_Hum15,C_Lapp_AI1,C_Lapp_AI2,C_Lapp_AI3,C_Lapp_AI4,C_Lapp_AI5,C_Lapp_AI6,C_Lapp_AI7,C_Lapp_AI8,C_Lapp_AI9,C_Lapp_AI10,C_Lapp_AI11,C_Lapp_AI12,C_Lapp_AI13,C_Lapp_AI14,C_Lapp_AI15,C_Lapp_Hum1,C_Lapp_Hum2,C_Lapp_Hum3,C_Lapp_Hum4,C_Lapp_Hum5,C_Lapp_Hum6,C_Lapp_Hum7,C_Lapp_Hum8,C_Lapp_Hum9,C_Lapp_Hum10,C_Lapp_Hum11,C_Lapp_Hum12,C_Lapp_Hum13,C_Lapp_Hum14,C_Lapp_Hum15,T_Message Ranking_1,T_Message Ranking_2,T_Message Ranking_3,T_Message Ranking_4,T_Message Ranking_5,T_Message Ranking_6,T_Message Ranking_7,T_Message Ranking_8,T_Message Ranking_9,T_Message Ranking_10,T_Message Ranking_11,T_Message Ranking_12,T_Message Ranking_13,T_Message Ranking_14,T_Message Ranking_15,T_Message Ranking_16,T_Message Ranking_17,T_Message Ranking_18,T_Message Ranking_19,T_Message Ranking_20,T_Message Ranking_21,T_Message Ranking_22,T_Message Ranking_23,T_Message Ranking_24,T_Message Ranking_25,T_Message Ranking_26,T_Message Ranking_27,T_Message Ranking_28,T_Message Ranking_29,T_Message Ranking_30,T_Dis_AI1_1,T_Dis_AI2_1,T_Dis_AI3_1,T_Dis_AI4_1,T_Dis_AI5_1,T_Dis_AI6_1,T_Dis_AI7_1,T_Dis_AI8_1,T_Dis_AI9_1,T_Dis_AI10_1,T_Dis_AI11_1,T_Dis_AI12_1,T_Dis_AI13_1,T_Dis_AI14_1,T_Dis_AI15_1,T_Dis_Hum1_1,T_Dis_Hum2_1,T_Dis_Hum3_1,T_Dis_Hum4_1,T_Dis_Hum5_1,T_Dis_Hum6_1,T_Dis_Hum7_1,T_Dis_Hum8_1,T_Dis_Hum9_1,T_Dis_Hum10_1,T_Dis_Hum11_1,T_Dis_Hum12_1,T_Dis_Hum13_1,T_Dis_Hum14_1,T_Dis_Hum15_1,T_Con_AI1_1,T_Con_AI2_1,T_Con_AI3_1,T_Con_AI4_1,T_Con_AI5_1,T_Con_AI6_1,T_Con_AI7_1,T_Con_AI8_1,T_Con_AI9_1,T_Con_AI10_1,T_Con_AI11_1,T_Con_AI12_1,T_Con_AI13_1,T_Con_AI14_1,T_Con_AI15_1,T_Con_Hum1_1,T_Con_Hum2_1,T_Con_Hum3_1,T_Con_Hum4_1,T_Con_Hum5_1,T_Con_Hum6_1,T_Con_Hum7_1,T_Con_Hum8_1,T_Con_Hum9_1,T_Con_Hum10_1,T_Con_Hum11_1,T_Con_Hum12_1,T_Con_Hum13_1,T_Con_Hum14_1,T_Con_Hum15_1,T_Unp_AI1_1,T_Unp_AI2_1,T_Unp_AI3_1,T_Unp_AI4_1,T_Unp_AI5_1,T_Unp_AI6_1,T_Unp_AI7_1,T_Unp_AI8_1,T_Unp_AI9_1,T_Unp_AI10_1,T_Unp_AI11_1,T_Unp_AI12_1,T_Unp_AI13_1,T_Unp_AI14_1,T_Unp_AI15_1,T_Unp_Hum1_1,T_Unp_Hum2_1,T_Unp_Hum3_1,T_Unp_Hum4_1,T_Unp_Hum5_1,T_Unp_Hum6_1,T_Unp_Hum7_1,T_Unp_Hum8_1,T_Unp_Hum9_1,T_Unp_Hum10_1,T_Unp_Hum11_1,T_Unp_Hum12_1,T_Unp_Hum13_1,T_Unp_Hum14_1,T_Unp_Hum15_1,T_Lapp_AI1_1,T_Lapp_AI2_1,T_Lapp_AI3_1,T_Lapp_AI4_1,T_Lapp_AI5_1,T_Lapp_AI6_1,T_Lapp_AI7_1,T_Lapp_AI8_1,T_Lapp_AI9_1,T_Lapp_AI10_1,T_Lapp_AI11_1,T_Lapp_AI12_1,T_Lapp_AI13_1,T_Lapp_AI14_1,T_Lapp_AI15_1,T_Lapp_Hum1_1,T_Lapp_Hum2_1,T_Lapp_Hum3_1,T_Lapp_Hum4_1,T_Lapp_Hum5_1,T_Lapp_Hum6_1,T_Lapp_Hum7_1,T_Lapp_Hum8_1,T_Lapp_Hum9_1,T_Lapp_Hum10_1,T_Lapp_Hum11_1,T_Lapp_Hum12_1,T_Lapp_Hum13_1,T_Lapp_Hum14_1,T_Lapp_Hum15_1,recruitment_platform
Not Disclosed,0,100,623,1,24,Female,4.0,3.0,17.0,22.0,10.0,5.0,20.0,24.0,2.0,9.0,14.0,7.0,16.0,6.0,11.0,28.0,8.0,30.0,27.0,12.0,21.0,29.0,23.0,19.0,1.0,18.0,26.0,15.0,13.0,25.0,5.0,5.0,5.0,5.0,5.0,5.0,5.0,5.0,5.0,5.0,5.0,5.0,5.0,5.0,5.0,4.0,5.0,4.0,5.0,5.0,5.0,5.0,5.0,5.0,5.0,5.0,5.0,5.0,5.0,5.0,5.0,5.0,5.0,5.0,5.0,5.0,5.0,5.0,5.0,5.0,5.0,5.0,5.0,5.0,5.0,5.0,5.0,5.0,5.0,5.0,5.0,5.0,5.0,5.0,5.0,5.0,5.0,5.0,5.0,5.0,5.0,5.0,5.0,5.0,5.0,5.0,5.0,5.0,5.0,5.0,5.0,5.0,5.0,5.0,5.0,5.0,5.0,5.0,5.0,5.0,5.0,5.0,5.0,5.0,5.0,5.0,5.0,5.0,5.0,5.0,3.0,3.0,3.0,3.0,3.0,3.0,3.0,3.0,3.0,3.0,3.0,3.0,3.0,3.0,3.0,3.0,3.0,3.0,3.0,3.0,3.0,3.0,3.0,3.0,3.0,3.0,3.0,3.0,3.0,3.0,4.0,3.0,17.0,22.0,10.0,5.0,20.0,24.0,2.0,9.0,14.0,7.0,16.0,6.0,11.0,28.0,8.0,30.0,27.0,12.0,21.0,29.0,23.0,19.0,1.0,18.0,26.0,15.0,13.0,25.0,5.0,5.0,5.0,5.0,5.0,5.0,5.0,5.0,5.0,5.0,5.0,5.0,5.0,5.0,5.0,4.0,5.0,4.0,5.0,5.0,5.0,5.0,5.0,5.0,5.0,5.0,5.0,5.0,5.0,5.0,5.0,5.0,5.0,5.0,5.0,5.0,5.0,5.0,5.0,5.0,5.0,5.0,5.0,5.0,5.0,5.0,5.0,5.0,5.0,5.0,5.0,5.0,5.0,5.0,5.0,5.0,5.0,5.0,5.0,5.0,5.0,5.0,5.0,5.0,5.0,5.0,5.0,5.0,5.0,5.0,5.0,5.0,5.0,5.0,5.0,5.0,5.0,5.0,5.0,5.0,5.0,5.0,5.0,5.0,5.0,5.0,5.0,5.0,5.0,5.0,3.0,3.0,3.0,3.0,3.0,3.0,3.0,3.0,3.0,3.0,3.0,3.0,3.0,3.0,3.0,3.0,3.0,3.0,3.0,3.0,3.0,3.0,3.0,3.0,3.0,3.0,3.0,3.0,3.0,3.0,,,,,,,,,,,,,,,,,,,,,,,,,,,,,,,,,,,,,,,,,,,,,,,,,,,,,,,,,,,,,,,,,,,,,,,,,,,,,,,,,,,,,,,,,,,,,,,,,,,,,,,,,,,,,,,,,,,,,,,,,,,,,,,,,,,,,,,,,,,,,,,,,,,,,,,Prolific
Not Disclosed,0,100,619,1,22,Male,28.0,12.0,22.0,16.0,6.0,17.0,24.0,10.0,14.0,13.0,2.0,29.0,19.0,7.0,27.0,9.0,8.0,26.0,11.0,30.0,18.0,1.0,4.0,23.0,20.0,21.0,5.0,15.0,3.0,25.0,5.0,5.0,5.0,5.0,5.0,5.0,5.0,5.0,5.0,5.0,5.0,5.0,5.0,5.0,5.0,5.0,5.0,5.0,5.0,5.0,5.0,5.0,5.0,5.0,5.0,5.0,5.0,5.0,5.0,5.0,5.0,5.0,5.0,5.0,5.0,5.0,5.0,5.0,5.0,5.0,5.0,5.0,5.0,5.0,5.0,5.0,5.0,5.0,5.0,5.0,5.0,5.0,5.0,5.0,5.0,5.0,5.0,5.0,5.0,5.0,5.0,5.0,5.0,5.0,5.0,5.0,5.0,5.0,5.0,4.0,5.0,4.0,5.0,5.0,5.0,4.0,5.0,4.0,5.0,5.0,5.0,5.0,5.0,5.0,5.0,5.0,5.0,5.0,5.0,5.0,5.0,5.0,5.0,5.0,5.0,5.0,5.0,5.0,5.0,5.0,5.0,5.0,5.0,5.0,5.0,5.0,5.0,4.0,5.0,5.0,5.0,5.0,5.0,5.0,5.0,5.0,5.0,5.0,5.0,5.0,28.0,12.0,22.0,16.0,6.0,17.0,24.0,10.0,14.0,13.0,2.0,29.0,19.0,7.0,27.0,9.0,8.0,26.0,11.0,30.0,18.0,1.0,4.0,23.0,20.0,21.0,5.0,15.0,3.0,25.0,5.0,5.0,5.0,5.0,5.0,5.0,5.0,5.0,5.0,5.0,5.0,5.0,5.0,5.0,5.0,5.0,5.0,5.0,5.0,5.0,5.0,5.0,5.0,5.0,5.0,5.0,5.0,5.0,5.0,5.0,5.0,5.0,5.0,5.0,5.0,5.0,5.0,5.0,5.0,5.0,5.0,5.0,5.0,5.0,5.0,5.0,5.0,5.0,5.0,5.0,5.0,5.0,5.0,5.0,5.0,5.0,5.0,5.0,5.0,5.0,5.0,5.0,5.0,5.0,5.0,5.0,5.0,5.0,5.0,4.0,5.0,4.0,5.0,5.0,5.0,4.0,5.0,4.0,5.0,5.0,5.0,5.0,5.0,5.0,5.0,5.0,5.0,5.0,5.0,5.0,5.0,5.0,5.0,5.0,5.0,5.0,5.0,5.0,5.0,5.0,5.0,5.0,5.0,5.0,5.0,5.0,5.0,4.0,5.0,5.0,5.0,5.0,5.0,5.0,5.0,5.0,5.0,5.0,5.0,5.0,,,,,,,,,,,,,,,,,,,,,,,,,,,,,,,,,,,,,,,,,,,,,,,,,,,,,,,,,,,,,,,,,,,,,,,,,,,,,,,,,,,,,,,,,,,,,,,,,,,,,,,,,,,,,,,,,,,,,,,,,,,,,,,,,,,,,,,,,,,,,,,,,,,,,,,Prolific
Not Disclosed,0,100,1051,1,24,Female,13.0,27.0,15.0,25.0,4.0,8.0,16.0,23.0,22.0,29.0,6.0,1.0,21.0,3.0,28.0,18.0,11.0,17.0,26.0,2.0,19.0,7.0,14.0,20.0,30.0,9.0,5.0,12.0,24.0,10.0,2.0,2.0,2.0,2.0,2.0,2.0,2.0,2.0,2.0,2.0,2.0,2.0,2.0,2.0,2.0,1.0,2.0,2.0,2.0,2.0,2.0,1.0,2.0,2.0,1.0,2.0,2.0,2.0,1.0,2.0,2.0,2.0,4.0,2.0,2.0,2.0,2.0,2.0,1.0,2.0,2.0,4.0,2.0,4.0,2.0,2.0,1.0,4.0,2.0,4.0,2.0,1.0,2.0,2.0,1.0,1.0,1.0,1.0,1.0,2.0,2.0,2.0,2.0,2.0,2.0,2.0,3.0,2.0,2.0,2.0,2.0,2.0,2.0,2.0,2.0,1.0,1.0,2.0,2.0,3.0,2.0,1.0,1.0,2.0,1.0,2.0,2.0,2.0,1.0,2.0,2.0,2.0,2.0,2.0,2.0,2.0,2.0,2.0,2.0,2.0,2.0,3.0,2.0,3.0,2.0,2.0,1.0,2.0,2.0,2.0,2.0,1.0,2.0,2.0,2.0,2.0,1.0,2.0,1.0,2.0,13.0,27.0,15.0,25.0,4.0,8.0,16.0,23.0,22.0,29.0,6.0,1.0,21.0,3.0,28.0,18.0,11.0,17.0,26.0,2.0,19.0,7.0,14.0,20.0,30.0,9.0,5.0,12.0,24.0,10.0,2.0,2.0,2.0,2.0,2.0,2.0,2.0,2.0,2.0,2.0,2.0,2.0,2.0,2.0,2.0,1.0,2.0,2.0,2.0,2.0,2.0,1.0,2.0,2.0,1.0,2.0,2.0,2.0,1.0,2.0,2.0,2.0,4.0,2.0,2.0,2.0,2.0,2.0,1.0,2.0,2.0,4.0,2.0,4.0,2.0,2.0,1.0,4.0,2.0,4.0,2.0,1.0,2.0,2.0,1.0,1.0,1.0,1.0,1.0,2.0,2.0,2.0,2.0,2.0,2.0,2.0,3.0,2.0,2.0,2.0,2.0,2.0,2.0,2.0,2.0,1.0,1.0,2.0,2.0,3.0,2.0,1.0,1.0,2.0,1.0,2.0,2.0,2.0,1.0,2.0,2.0,2.0,2.0,2.0,2.0,2.0,2.0,2.0,2.0,2.0,2.0,3.0,2.0,3.0,2.0,2.0,1.0,2.0,2.0,2.0,2.0,1.0,2.0,2.0,2.0,2.0,1.0,2.0,1.0,2.0,,,,,,,,,,,,,,,,,,,,,,,,,,,,,,,,,,,,,,,,,,,,,,,,,,,,,,,,,,,,,,,,,,,,,,,,,,,,,,,,,,,,,,,,,,,,,,,,,,,,,,,,,,,,,,,,,,,,,,,,,,,,,,,,,,,,,,,,,,,,,,,,,,,,,,,Prolific
Disclosed,0,100,1591,1,24,Male,17.0,11.0,3.0,10.0,15.0,9.0,24.0,12.0,1.0,26.0,13.0,25.0,19.0,7.0,23.0,29.0,8.0,2.0,21.0,20.0,27.0,18.0,6.0,14.0,30.0,16.0,28.0,4.0,22.0,5.0,5.0,4.0,5.0,4.0,4.0,4.0,5.0,4.0,5.0,5.0,4.0,5.0,4.0,5.0,4.0,5.0,4.0,5.0,4.0,5.0,4.0,4.0,4.0,4.0,5.0,4.0,5.0,4.0,5.0,4.0,4.0,5.0,5.0,5.0,4.0,5.0,4.0,4.0,4.0,4.0,4.0,5.0,5.0,4.0,5.0,4.0,5.0,4.0,4.0,4.0,4.0,4.0,5.0,5.0,4.0,4.0,5.0,4.0,5.0,5.0,4.0,4.0,5.0,5.0,4.0,4.0,5.0,5.0,4.0,4.0,4.0,4.0,5.0,4.0,4.0,5.0,5.0,5.0,5.0,4.0,4.0,5.0,5.0,4.0,4.0,4.0,5.0,5.0,5.0,4.0,4.0,5.0,5.0,4.0,4.0,4.0,4.0,4.0,5.0,4.0,4.0,4.0,5.0,3.0,5.0,4.0,4.0,5.0,5.0,5.0,5.0,4.0,4.0,4.0,4.0,4.0,4.0,5.0,5.0,4.0,,,,,,,,,,,,,,,,,,,,,,,,,,,,,,,,,,,,,,,,,,,,,,,,,,,,,,,,,,,,,,,,,,,,,,,,,,,,,,,,,,,,,,,,,,,,,,,,,,,,,,,,,,,,,,,,,,,,,,,,,,,,,,,,,,,,,,,,,,,,,,,,,,,,,,,17.0,11.0,3.0,10.0,15.0,9.0,24.0,12.0,1.0,26.0,13.0,25.0,19.0,7.0,23.0,29.0,8.0,2.0,21.0,20.0,27.0,18.0,6.0,14.0,30.0,16.0,28.0,4.0,22.0,5.0,5.0,4.0,5.0,4.0,4.0,4.0,5.0,4.0,5.0,5.0,4.0,5.0,4.0,5.0,4.0,5.0,4.0,5.0,4.0,5.0,4.0,4.0,4.0,4.0,5.0,4.0,5.0,4.0,5.0,4.0,4.0,5.0,5.0,5.0,4.0,5.0,4.0,4.0,4.0,4.0,4.0,5.0,5.0,4.0,5.0,4.0,5.0,4.0,4.0,4.0,4.0,4.0,5.0,5.0,4.0,4.0,5.0,4.0,5.0,5.0,4.0,4.0,5.0,5.0,4.0,4.0,5.0,5.0,4.0,4.0,4.0,4.0,5.0,4.0,4.0,5.0,5.0,5.0,5.0,4.0,4.0,5.0,5.0,4.0,4.0,4.0,5.0,5.0,5.0,4.0,4.0,5.0,5.0,4.0,4.0,4.0,4.0,4.0,5.0,4.0,4.0,4.0,5.0,3.0,5.0,4.0,4.0,5.0,5.0,5.0,5.0,4.0,4.0,4.0,4.0,4.0,4.0,5.0,5.0,4.0,Prolific
Disclosed,0,100,392,1,22,Male,29.0,14.0,27.0,2.0,23.0,1.0,3.0,19.0,11.0,24.0,6.0,28.0,13.0,16.0,5.0,22.0,18.0,15.0,21.0,20.0,17.0,9.0,8.0,10.0,12.0,25.0,26.0,30.0,4.0,7.0,5.0,5.0,4.0,5.0,5.0,5.0,5.0,5.0,4.0,4.0,5.0,1.0,5.0,5.0,5.0,5.0,5.0,4.0,4.0,5.0,5.0,5.0,5.0,4.0,4.0,5.0,4.0,5.0,4.0,5.0,5.0,5.0,5.0,5.0,5.0,5.0,5.0,4.0,5.0,4.0,5.0,5.0,5.0,5.0,5.0,3.0,4.0,1.0,5.0,5.0,5.0,4.0,5.0,3.0,5.0,4.0,4.0,5.0,5.0,5.0,4.0,3.0,5.0,5.0,4.0,4.0,4.0,5.0,5.0,4.0,5.0,1.0,5.0,5.0,5.0,4.0,4.0,5.0,5.0,5.0,4.0,4.0,5.0,4.0,4.0,4.0,5.0,4.0,5.0,5.0,5.0,5.0,5.0,5.0,4.0,5.0,5.0,5.0,5.0,5.0,5.0,5.0,4.0,4.0,5.0,5.0,5.0,5.0,5.0,4.0,5.0,5.0,5.0,5.0,5.0,4.0,4.0,5.0,4.0,4.0,,,,,,,,,,,,,,,,,,,,,,,,,,,,,,,,,,,,,,,,,,,,,,,,,,,,,,,,,,,,,,,,,,,,,,,,,,,,,,,,,,,,,,,,,,,,,,,,,,,,,,,,,,,,,,,,,,,,,,,,,,,,,,,,,,,,,,,,,,,,,,,,,,,,,,,29.0,14.0,27.0,2.0,23.0,1.0,3.0,19.0,11.0,24.0,6.0,28.0,13.0,16.0,5.0,22.0,18.0,15.0,21.0,20.0,17.0,9.0,8.0,10.0,12.0,25.0,26.0,30.0,4.0,7.0,5.0,5.0,4.0,5.0,5.0,5.0,5.0,5.0,4.0,4.0,5.0,1.0,5.0,5.0,5.0,5.0,5.0,4.0,4.0,5.0,5.0,5.0,5.0,4.0,4.0,5.0,4.0,5.0,4.0,5.0,5.0,5.0,5.0,5.0,5.0,5.0,5.0,4.0,5.0,4.0,5.0,5.0,5.0,5.0,5.0,3.0,4.0,1.0,5.0,5.0,5.0,4.0,5.0,3.0,5.0,4.0,4.0,5.0,5.0,5.0,4.0,3.0,5.0,5.0,4.0,4.0,4.0,5.0,5.0,4.0,5.0,1.0,5.0,5.0,5.0,4.0,4.0,5.0,5.0,5.0,4.0,4.0,5.0,4.0,4.0,4.0,5.0,4.0,5.0,5.0,5.0,5.0,5.0,5.0,4.0,5.0,5.0,5.0,5.0,5.0,5.0,5.0,4.0,4.0,5.0,5.0,5.0,5.0,5.0,4.0,5.0,5.0,5.0,5.0,5.0,4.0,4.0,5.0,4.0,4.0,Prolific
Not Disclosed,0,100,1065,1,24,Male,6.0,20.0,14.0,1.0,7.0,4.0,3.0,5.0,25.0,24.0,13.0,17.0,19.0,11.0,28.0,18.0,27.0,30.0,15.0,22.0,23.0,9.0,8.0,10.0,26.0,29.0,2.0,21.0,12.0,16.0,4.0,2.0,3.0,5.0,5.0,5.0,5.0,4.0,4.0,3.0,5.0,2.0,2.0,4.0,4.0,1.0,4.0,2.0,4.0,1.0,4.0,4.0,5.0,1.0,5.0,4.0,5.0,1.0,4.0,1.0,5.0,2.0,1.0,5.0,5.0,3.0,5.0,4.0,4.0,4.0,5.0,2.0,1.0,5.0,2.0,2.0,4.0,1.0,5.0,3.0,3.0,4.0,4.0,2.0,5.0,3.0,5.0,1.0,4.0,1.0,5.0,3.0,2.0,5.0,2.0,4.0,5.0,5.0,5.0,4.0,5.0,3.0,2.0,5.0,4.0,1.0,3.0,3.0,4.0,4.0,4.0,5.0,5.0,4.0,5.0,3.0,4.0,2.0,3.0,2.0,4.0,2.0,2.0,5.0,4.0,4.0,4.0,4.0,5.0,3.0,5.0,2.0,3.0,4.0,3.0,1.0,4.0,2.0,5.0,4.0,4.0,3.0,2.0,2.0,5.0,4.0,4.0,2.0,4.0,1.0,6.0,20.0,14.0,1.0,7.0,4.0,3.0,5.0,25.0,24.0,13.0,17.0,19.0,11.0,28.0,18.0,27.0,30.0,15.0,22.0,23.0,9.0,8.0,10.0,26.0,29.0,2.0,21.0,12.0,16.0,4.0,2.0,3.0,5.0,5.0,5.0,5.0,4.0,4.0,3.0,5.0,2.0,2.0,4.0,4.0,1.0,4.0,2.0,4.0,1.0,4.0,4.0,5.0,1.0,5.0,4.0,5.0,1.0,4.0,1.0,5.0,2.0,1.0,5.0,5.0,3.0,5.0,4.0,4.0,4.0,5.0,2.0,1.0,5.0,2.0,2.0,4.0,1.0,5.0,3.0,3.0,4.0,4.0,2.0,5.0,3.0,5.0,1.0,4.0,1.0,5.0,3.0,2.0,5.0,2.0,4.0,5.0,5.0,5.0,4.0,5.0,3.0,2.0,5.0,4.0,1.0,3.0,3.0,4.0,4.0,4.0,5.0,5.0,4.0,5.0,3.0,4.0,2.0,3.0,2.0,4.0,2.0,2.0,5.0,4.0,4.0,4.0,4.0,5.0,3.0,5.0,2.0,3.0,4.0,3.0,1.0,4.0,2.0,5.0,4.0,4.0,3.0,2.0,2.0,5.0,4.0,4.0,2.0,4.0,1.0,,,,,,,,,,,,,,,,,,,,,,,,,,,,,,,,,,,,,,,,,,,,,,,,,,,,,,,,,,,,,,,,,,,,,,,,,,,,,,,,,,,,,,,,,,,,,,,,,,,,,,,,,,,,,,,,,,,,,,,,,,,,,,,,,,,,,,,,,,,,,,,,,,,,,,,Prolific
Not Disclosed,0,100,386,1,23,Male,20.0,4.0,2.0,29.0,30.0,16.0,17.0,18.0,21.0,12.0,19.0,11.0,28.0,25.0,3.0,26.0,22.0,7.0,8.0,14.0,1.0,24.0,15.0,6.0,10.0,27.0,9.0,13.0,5.0,23.0,5.0,5.0,5.0,5.0,5.0,5.0,5.0,5.0,5.0,5.0,5.0,5.0,5.0,5.0,5.0,5.0,5.0,5.0,5.0,5.0,5.0,5.0,5.0,5.0,5.0,5.0,5.0,5.0,5.0,5.0,5.0,5.0,5.0,5.0,5.0,5.0,5.0,5.0,5.0,5.0,5.0,5.0,5.0,5.0,5.0,5.0,5.0,5.0,5.0,5.0,5.0,5.0,5.0,5.0,5.0,5.0,5.0,5.0,5.0,5.0,5.0,5.0,5.0,5.0,5.0,5.0,5.0,5.0,5.0,5.0,5.0,5.0,5.0,5.0,5.0,5.0,5.0,5.0,5.0,5.0,5.0,5.0,5.0,5.0,5.0,5.0,5.0,5.0,5.0,5.0,5.0,5.0,5.0,5.0,5.0,5.0,5.0,5.0,5.0,5.0,5.0,5.0,5.0,5.0,5.0,5.0,5.0,5.0,5.0,5.0,5.0,5.0,5.0,5.0,5.0,5.0,5.0,5.0,5.0,5.0,20.0,4.0,2.0,29.0,30.0,16.0,17.0,18.0,21.0,12.0,19.0,11.0,28.0,25.0,3.0,26.0,22.0,7.0,8.0,14.0,1.0,24.0,15.0,6.0,10.0,27.0,9.0,13.0,5.0,23.0,5.0,5.0,5.0,5.0,5.0,5.0,5.0,5.0,5.0,5.0,5.0,5.0,5.0,5.0,5.0,5.0,5.0,5.0,5.0,5.0,5.0,5.0,5.0,5.0,5.0,5.0,5.0,5.0,5.0,5.0,5.0,5.0,5.0,5.0,5.0,5.0,5.0,5.0,5.0,5.0,5.0,5.0,5.0,5.0,5.0,5.0,5.0,5.0,5.0,5.0,5.0,5.0,5.0,5.0,5.0,5.0,5.0,5.0,5.0,5.0,5.0,5.0,5.0,5.0,5.0,5.0,5.0,5.0,5.0,5.0,5.0,5.0,5.0,5.0,5.0,5.0,5.0,5.0,5.0,5.0,5.0,5.0,5.0,5.0,5.0,5.0,5.0,5.0,5.0,5.0,5.0,5.0,5.0,5.0,5.0,5.0,5.0,5.0,5.0,5.0,5.0,5.0,5.0,5.0,5.0,5.0,5.0,5.0,5.0,5.0,5.0,5.0,5.0,5.0,5.0,5.0,5.0,5.0,5.0,5.0,,,,,,,,,,,,,,,,,,,,,,,,,,,,,,,,,,,,,,,,,,,,,,,,,,,,,,,,,,,,,,,,,,,,,,,,,,,,,,,,,,,,,,,,,,,,,,,,,,,,,,,,,,,,,,,,,,,,,,,,,,,,,,,,,,,,,,,,,,,,,,,,,,,,,,,Prolific
Disclosed,0,100,2558,1,20,Female,26.0,19.0,6.0,12.0,17.0,18.0,27.0,15.0,8.0,22.0,23.0,13.0,5.0,9.0,16.0,28.0,11.0,1.0,21.0,14.0,24.0,2.0,20.0,3.0,7.0,25.0,30.0,10.0,4.0,29.0,5.0,5.0,5.0,5.0,4.0,5.0,4.0,4.0,4.0,4.0,5.0,4.0,4.0,2.0,5.0,2.0,4.0,3.0,4.0,5.0,5.0,5.0,5.0,5.0,3.0,5.0,4.0,5.0,5.0,4.0,5.0,5.0,4.0,4.0,5.0,5.0,4.0,5.0,5.0,4.0,4.0,2.0,5.0,5.0,4.0,2.0,4.0,3.0,5.0,5.0,5.0,5.0,4.0,4.0,5.0,5.0,4.0,5.0,5.0,3.0,5.0,4.0,4.0,4.0,5.0,5.0,5.0,4.0,5.0,3.0,4.0,4.0,5.0,5.0,4.0,2.0,5.0,3.0,4.0,5.0,5.0,5.0,5.0,5.0,3.0,5.0,5.0,5.0,5.0,4.0,3.0,2.0,5.0,4.0,5.0,2.0,4.0,4.0,4.0,2.0,4.0,3.0,2.0,2.0,4.0,3.0,1.0,2.0,5.0,5.0,2.0,1.0,2.0,1.0,4.0,2.0,4.0,1.0,1.0,3.0,,,,,,,,,,,,,,,,,,,,,,,,,,,,,,,,,,,,,,,,,,,,,,,,,,,,,,,,,,,,,,,,,,,,,,,,,,,,,,,,,,,,,,,,,,,,,,,,,,,,,,,,,,,,,,,,,,,,,,,,,,,,,,,,,,,,,,,,,,,,,,,,,,,,,,,26.0,19.0,6.0,12.0,17.0,18.0,27.0,15.0,8.0,22.0,23.0,13.0,5.0,9.0,16.0,28.0,11.0,1.0,21.0,14.0,24.0,2.0,20.0,3.0,7.0,25.0,30.0,10.0,4.0,29.0,5.0,5.0,5.0,5.0,4.0,5.0,4.0,4.0,4.0,4.0,5.0,4.0,4.0,2.0,5.0,2.0,4.0,3.0,4.0,5.0,5.0,5.0,5.0,5.0,3.0,5.0,4.0,5.0,5.0,4.0,5.0,5.0,4.0,4.0,5.0,5.0,4.0,5.0,5.0,4.0,4.0,2.0,5.0,5.0,4.0,2.0,4.0,3.0,5.0,5.0,5.0,5.0,4.0,4.0,5.0,5.0,4.0,5.0,5.0,3.0,5.0,4.0,4.0,4.0,5.0,5.0,5.0,4.0,5.0,3.0,4.0,4.0,5.0,5.0,4.0,2.0,5.0,3.0,4.0,5.0,5.0,5.0,5.0,5.0,3.0,5.0,5.0,5.0,5.0,4.0,3.0,2.0,5.0,4.0,5.0,2.0,4.0,4.0,4.0,2.0,4.0,3.0,2.0,2.0,4.0,3.0,1.0,2.0,5.0,5.0,2.0,1.0,2.0,1.0,4.0,2.0,4.0,1.0,1.0,3.0,Prolific
Disclosed,0,100,2523,1,22,Male,22.0,14.0,13.0,19.0,24.0,11.0,1.0,25.0,5.0,8.0,6.0,30.0,15.0,4.0,27.0,9.0,17.0,10.0,3.0,28.0,7.0,18.0,16.0,12.0,26.0,20.0,23.0,29.0,2.0,21.0,5.0,5.0,3.0,5.0,5.0,5.0,5.0,5.0,5.0,5.0,5.0,2.0,5.0,5.0,5.0,5.0,5.0,5.0,5.0,5.0,5.0,5.0,5.0,5.0,5.0,5.0,5.0,3.0,5.0,5.0,4.0,3.0,2.0,5.0,4.0,5.0,5.0,5.0,5.0,4.0,3.0,2.0,4.0,3.0,3.0,4.0,4.0,2.0,5.0,5.0,4.0,5.0,5.0,5.0,5.0,5.0,5.0,3.0,5.0,5.0,5.0,5.0,2.0,5.0,5.0,5.0,5.0,5.0,5.0,5.0,5.0,3.0,5.0,4.0,5.0,5.0,4.0,5.0,5.0,5.0,5.0,5.0,5.0,5.0,5.0,5.0,5.0,4.0,5.0,5.0,5.0,3.0,2.0,4.0,5.0,5.0,5.0,5.0,5.0,4.0,5.0,2.0,3.0,3.0,4.0,4.0,4.0,5.0,5.0,3.0,4.0,5.0,5.0,4.0,5.0,5.0,5.0,3.0,5.0,5.0,,,,,,,,,,,,,,,,,,,,,,,,,,,,,,,,,,,,,,,,,,,,,,,,,,,,,,,,,,,,,,,,,,,,,,,,,,,,,,,,,,,,,,,,,,,,,,,,,,,,,,,,,,,,,,,,,,,,,,,,,,,,,,,,,,,,,,,,,,,,,,,,,,,,,,,22.0,14.0,13.0,19.0,24.0,11.0,1.0,25.0,5.0,8.0,6.0,30.0,15.0,4.0,27.0,9.0,17.0,10.0,3.0,28.0,7.0,18.0,16.0,12.0,26.0,20.0,23.0,29.0,2.0,21.0,5.0,5.0,3.0,5.0,5.0,5.0,5.0,5.0,5.0,5.0,5.0,2.0,5.0,5.0,5.0,5.0,5.0,5.0,5.0,5.0,5.0,5.0,5.0,5.0,5.0,5.0,5.0,3.0,5.0,5.0,4.0,3.0,2.0,5.0,4.0,5.0,5.0,5.0,5.0,4.0,3.0,2.0,4.0,3.0,3.0,4.0,4.0,2.0,5.0,5.0,4.0,5.0,5.0,5.0,5.0,5.0,5.0,3.0,5.0,5.0,5.0,5.0,2.0,5.0,5.0,5.0,5.0,5.0,5.0,5.0,5.0,3.0,5.0,4.0,5.0,5.0,4.0,5.0,5.0,5.0,5.0,5.0,5.0,5.0,5.0,5.0,5.0,4.0,5.0,5.0,5.0,3.0,2.0,4.0,5.0,5.0,5.0,5.0,5.0,4.0,5.0,2.0,3.0,3.0,4.0,4.0,4.0,5.0,5.0,3.0,4.0,5.0,5.0,4.0,5.0,5.0,5.0,3.0,5.0,5.0,Prolific
Disclosed,0,100,778,1,23,Female,27.0,30.0,14.0,24.0,7.0,19.0,2.0,22.0,11.0,25.0,18.0,6.0,13.0,29.0,4.0,26.0,23.0,12.0,1.0,17.0,5.0,20.0,10.0,16.0,15.0,8.0,28.0,9.0,3.0,21.0,5.0,4.0,4.0,3.0,3.0,5.0,5.0,3.0,4.0,5.0,5.0,4.0,5.0,4.0,3.0,4.0,4.0,4.0,4.0,3.0,4.0,4.0,2.0,5.0,4.0,4.0,3.0,4.0,4.0,4.0,3.0,5.0,3.0,5.0,5.0,3.0,3.0,3.0,5.0,5.0,3.0,3.0,3.0,4.0,4.0,3.0,4.0,2.0,4.0,5.0,4.0,3.0,3.0,3.0,4.0,3.0,3.0,5.0,3.0,5.0,3.0,3.0,3.0,5.0,5.0,5.0,5.0,4.0,5.0,5.0,5.0,4.0,3.0,3.0,4.0,1.0,4.0,4.0,5.0,3.0,3.0,1.0,4.0,4.0,3.0,5.0,5.0,4.0,3.0,5.0,4.0,4.0,4.0,4.0,4.0,4.0,4.0,3.0,2.0,4.0,4.0,4.0,3.0,4.0,4.0,4.0,4.0,4.0,4.0,4.0,3.0,4.0,3.0,4.0,3.0,4.0,4.0,4.0,4.0,4.0,,,,,,,,,,,,,,,,,,,,,,,,,,,,,,,,,,,,,,,,,,,,,,,,,,,,,,,,,,,,,,,,,,,,,,,,,,,,,,,,,,,,,,,,,,,,,,,,,,,,,,,,,,,,,,,,,,,,,,,,,,,,,,,,,,,,,,,,,,,,,,,,,,,,,,,27.0,30.0,14.0,24.0,7.0,19.0,2.0,22.0,11.0,25.0,18.0,6.0,13.0,29.0,4.0,26.0,23.0,12.0,1.0,17.0,5.0,20.0,10.0,16.0,15.0,8.0,28.0,9.0,3.0,21.0,5.0,4.0,4.0,3.0,3.0,5.0,5.0,3.0,4.0,5.0,5.0,4.0,5.0,4.0,3.0,4.0,4.0,4.0,4.0,3.0,4.0,4.0,2.0,5.0,4.0,4.0,3.0,4.0,4.0,4.0,3.0,5.0,3.0,5.0,5.0,3.0,3.0,3.0,5.0,5.0,3.0,3.0,3.0,4.0,4.0,3.0,4.0,2.0,4.0,5.0,4.0,3.0,3.0,3.0,4.0,3.0,3.0,5.0,3.0,5.0,3.0,3.0,3.0,5.0,5.0,5.0,5.0,4.0,5.0,5.0,5.0,4.0,3.0,3.0,4.0,1.0,4.0,4.0,5.0,3.0,3.0,1.0,4.0,4.0,3.0,5.0,5.0,4.0,3.0,5.0,4.0,4.0,4.0,4.0,4.0,4.0,4.0,3.0,2.0,4.0,4.0,4.0,3.0,4.0,4.0,4.0,4.0,4.0,4.0,4.0,3.0,4.0,3.0,4.0,3.0,4.0,4.0,4.0,4.0,4.0,Prolific
Disclosed,0,100,885,1,24,Male,18.0,19.0,24.0,30.0,10.0,16.0,27.0,22.0,20.0,21.0,12.0,8.0,1.0,25.0,14.0,11.0,7.0,3.0,2.0,4.0,5.0,15.0,29.0,23.0,6.0,9.0,28.0,13.0,26.0,17.0,4.0,5.0,3.0,3.0,3.0,4.0,3.0,5.0,4.0,4.0,4.0,3.0,3.0,4.0,4.0,4.0,3.0,4.0,4.0,4.0,3.0,4.0,4.0,3.0,5.0,3.0,3.0,3.0,3.0,5.0,4.0,3.0,3.0,3.0,4.0,4.0,3.0,5.0,4.0,3.0,5.0,3.0,3.0,4.0,4.0,4.0,4.0,3.0,4.0,5.0,3.0,3.0,3.0,3.0,4.0,4.0,4.0,4.0,3.0,4.0,5.0,4.0,4.0,4.0,4.0,5.0,4.0,4.0,3.0,4.0,3.0,3.0,4.0,3.0,4.0,4.0,3.0,3.0,3.0,4.0,4.0,3.0,3.0,3.0,3.0,3.0,5.0,4.0,4.0,4.0,4.0,3.0,3.0,3.0,4.0,4.0,5.0,5.0,3.0,5.0,3.0,4.0,5.0,4.0,4.0,5.0,3.0,4.0,4.0,3.0,4.0,3.0,3.0,5.0,4.0,4.0,5.0,3.0,4.0,4.0,,,,,,,,,,,,,,,,,,,,,,,,,,,,,,,,,,,,,,,,,,,,,,,,,,,,,,,,,,,,,,,,,,,,,,,,,,,,,,,,,,,,,,,,,,,,,,,,,,,,,,,,,,,,,,,,,,,,,,,,,,,,,,,,,,,,,,,,,,,,,,,,,,,,,,,18.0,19.0,24.0,30.0,10.0,16.0,27.0,22.0,20.0,21.0,12.0,8.0,1.0,25.0,14.0,11.0,7.0,3.0,2.0,4.0,5.0,15.0,29.0,23.0,6.0,9.0,28.0,13.0,26.0,17.0,4.0,5.0,3.0,3.0,3.0,4.0,3.0,5.0,4.0,4.0,4.0,3.0,3.0,4.0,4.0,4.0,3.0,4.0,4.0,4.0,3.0,4.0,4.0,3.0,5.0,3.0,3.0,3.0,3.0,5.0,4.0,3.0,3.0,3.0,4.0,4.0,3.0,5.0,4.0,3.0,5.0,3.0,3.0,4.0,4.0,4.0,4.0,3.0,4.0,5.0,3.0,3.0,3.0,3.0,4.0,4.0,4.0,4.0,3.0,4.0,5.0,4.0,4.0,4.0,4.0,5.0,4.0,4.0,3.0,4.0,3.0,3.0,4.0,3.0,4.0,4.0,3.0,3.0,3.0,4.0,4.0,3.0,3.0,3.0,3.0,3.0,5.0,4.0,4.0,4.0,4.0,3.0,3.0,3.0,4.0,4.0,5.0,5.0,3.0,5.0,3.0,4.0,5.0,4.0,4.0,5.0,3.0,4.0,4.0,3.0,4.0,3.0,3.0,5.0,4.0,4.0,5.0,3.0,4.0,4.0,Prolific
Not Disclosed,0,100,2168,1,24,Female,28.0,2.0,20.0,12.0,8.0,24.0,19.0,11.0,29.0,21.0,26.0,5.0,3.0,7.0,17.0,18.0,4.0,9.0,10.0,14.0,30.0,16.0,27.0,6.0,13.0,1.0,25.0,23.0,15.0,22.0,4.0,5.0,5.0,5.0,5.0,5.0,5.0,5.0,5.0,5.0,5.0,5.0,4.0,4.0,5.0,5.0,5.0,2.0,5.0,5.0,4.0,5.0,4.0,4.0,5.0,5.0,5.0,4.0,5.0,5.0,2.0,5.0,5.0,4.0,5.0,4.0,4.0,5.0,5.0,5.0,4.0,2.0,4.0,4.0,5.0,4.0,4.0,4.0,5.0,5.0,4.0,5.0,4.0,4.0,5.0,5.0,5.0,5.0,5.0,4.0,5.0,5.0,5.0,5.0,5.0,5.0,5.0,5.0,5.0,5.0,5.0,2.0,5.0,5.0,5.0,5.0,5.0,5.0,5.0,5.0,5.0,5.0,4.0,4.0,5.0,5.0,5.0,4.0,5.0,4.0,4.0,5.0,4.0,5.0,5.0,4.0,5.0,5.0,4.0,5.0,5.0,1.0,4.0,4.0,5.0,4.0,2.0,2.0,5.0,4.0,4.0,5.0,4.0,4.0,5.0,4.0,5.0,5.0,5.0,4.0,28.0,2.0,20.0,12.0,8.0,24.0,19.0,11.0,29.0,21.0,26.0,5.0,3.0,7.0,17.0,18.0,4.0,9.0,10.0,14.0,30.0,16.0,27.0,6.0,13.0,1.0,25.0,23.0,15.0,22.0,4.0,5.0,5.0,5.0,5.0,5.0,5.0,5.0,5.0,5.0,5.0,5.0,4.0,4.0,5.0,5.0,5.0,2.0,5.0,5.0,4.0,5.0,4.0,4.0,5.0,5.0,5.0,4.0,5.0,5.0,2.0,5.0,5.0,4.0,5.0,4.0,4.0,5.0,5.0,5.0,4.0,2.0,4.0,4.0,5.0,4.0,4.0,4.0,5.0,5.0,4.0,5.0,4.0,4.0,5.0,5.0,5.0,5.0,5.0,4.0,5.0,5.0,5.0,5.0,5.0,5.0,5.0,5.0,5.0,5.0,5.0,2.0,5.0,5.0,5.0,5.0,5.0,5.0,5.0,5.0,5.0,5.0,4.0,4.0,5.0,5.0,5.0,4.0,5.0,4.0,4.0,5.0,4.0,5.0,5.0,4.0,5.0,5.0,4.0,5.0,5.0,1.0,4.0,4.0,5.0,4.0,2.0,2.0,5.0,4.0,4.0,5.0,4.0,4.0,5.0,4.0,5.0,5.0,5.0,4.0,,,,,,,,,,,,,,,,,,,,,,,,,,,,,,,,,,,,,,,,,,,,,,,,,,,,,,,,,,,,,,,,,,,,,,,,,,,,,,,,,,,,,,,,,,,,,,,,,,,,,,,,,,,,,,,,,,,,,,,,,,,,,,,,,,,,,,,,,,,,,,,,,,,,,,,Prolific
Disclosed,0,100,1187,1,24,Male,1.0,30.0,26.0,7.0,11.0,18.0,5.0,13.0,15.0,4.0,10.0,29.0,9.0,27.0,21.0,23.0,19.0,20.0,17.0,24.0,25.0,28.0,22.0,16.0,14.0,8.0,6.0,12.0,3.0,2.0,5.0,5.0,5.0,5.0,5.0,5.0,5.0,5.0,5.0,5.0,5.0,5.0,5.0,5.0,5.0,2.0,5.0,5.0,5.0,5.0,5.0,2.0,5.0,5.0,5.0,5.0,5.0,5.0,5.0,5.0,5.0,5.0,5.0,5.0,5.0,5.0,5.0,5.0,5.0,5.0,5.0,5.0,5.0,5.0,5.0,4.0,5.0,5.0,5.0,5.0,5.0,4.0,5.0,5.0,5.0,5.0,5.0,5.0,5.0,5.0,5.0,4.0,5.0,5.0,5.0,5.0,5.0,5.0,5.0,5.0,5.0,1.0,5.0,2.0,5.0,5.0,5.0,5.0,5.0,5.0,5.0,4.0,5.0,5.0,5.0,5.0,5.0,5.0,5.0,5.0,5.0,4.0,2.0,5.0,5.0,5.0,5.0,5.0,5.0,5.0,5.0,1.0,5.0,4.0,4.0,2.0,5.0,5.0,5.0,5.0,5.0,2.0,5.0,2.0,5.0,5.0,5.0,4.0,5.0,5.0,,,,,,,,,,,,,,,,,,,,,,,,,,,,,,,,,,,,,,,,,,,,,,,,,,,,,,,,,,,,,,,,,,,,,,,,,,,,,,,,,,,,,,,,,,,,,,,,,,,,,,,,,,,,,,,,,,,,,,,,,,,,,,,,,,,,,,,,,,,,,,,,,,,,,,,1.0,30.0,26.0,7.0,11.0,18.0,5.0,13.0,15.0,4.0,10.0,29.0,9.0,27.0,21.0,23.0,19.0,20.0,17.0,24.0,25.0,28.0,22.0,16.0,14.0,8.0,6.0,12.0,3.0,2.0,5.0,5.0,5.0,5.0,5.0,5.0,5.0,5.0,5.0,5.0,5.0,5.0,5.0,5.0,5.0,2.0,5.0,5.0,5.0,5.0,5.0,2.0,5.0,5.0,5.0,5.0,5.0,5.0,5.0,5.0,5.0,5.0,5.0,5.0,5.0,5.0,5.0,5.0,5.0,5.0,5.0,5.0,5.0,5.0,5.0,4.0,5.0,5.0,5.0,5.0,5.0,4.0,5.0,5.0,5.0,5.0,5.0,5.0,5.0,5.0,5.0,4.0,5.0,5.0,5.0,5.0,5.0,5.0,5.0,5.0,5.0,1.0,5.0,2.0,5.0,5.0,5.0,5.0,5.0,5.0,5.0,4.0,5.0,5.0,5.0,5.0,5.0,5.0,5.0,5.0,5.0,4.0,2.0,5.0,5.0,5.0,5.0,5.0,5.0,5.0,5.0,1.0,5.0,4.0,4.0,2.0,5.0,5.0,5.0,5.0,5.0,2.0,5.0,2.0,5.0,5.0,5.0,4.0,5.0,5.0,Prolific
Not Disclosed,0,100,1222,1,23,Female,8.0,18.0,13.0,16.0,19.0,24.0,11.0,15.0,2.0,22.0,5.0,17.0,20.0,12.0,7.0,4.0,6.0,26.0,9.0,21.0,10.0,23.0,14.0,30.0,29.0,28.0,1.0,27.0,3.0,25.0,5.0,4.0,4.0,5.0,5.0,5.0,5.0,5.0,5.0,5.0,5.0,4.0,4.0,5.0,4.0,4.0,5.0,4.0,5.0,5.0,5.0,5.0,5.0,4.0,4.0,4.0,5.0,4.0,5.0,4.0,5.0,4.0,4.0,5.0,5.0,5.0,5.0,5.0,5.0,5.0,5.0,4.0,5.0,5.0,5.0,4.0,5.0,4.0,5.0,5.0,5.0,5.0,5.0,4.0,5.0,4.0,5.0,4.0,5.0,4.0,5.0,4.0,4.0,5.0,5.0,5.0,5.0,5.0,5.0,5.0,5.0,4.0,5.0,5.0,5.0,5.0,5.0,4.0,5.0,5.0,5.0,5.0,5.0,4.0,5.0,4.0,5.0,4.0,5.0,4.0,5.0,4.0,4.0,5.0,5.0,5.0,5.0,5.0,5.0,5.0,5.0,4.0,5.0,5.0,5.0,4.0,5.0,4.0,5.0,5.0,5.0,5.0,5.0,4.0,5.0,4.0,5.0,4.0,5.0,4.0,8.0,18.0,13.0,16.0,19.0,24.0,11.0,15.0,2.0,22.0,5.0,17.0,20.0,12.0,7.0,4.0,6.0,26.0,9.0,21.0,10.0,23.0,14.0,30.0,29.0,28.0,1.0,27.0,3.0,25.0,5.0,4.0,4.0,5.0,5.0,5.0,5.0,5.0,5.0,5.0,5.0,4.0,4.0,5.0,4.0,4.0,5.0,4.0,5.0,5.0,5.0,5.0,5.0,4.0,4.0,4.0,5.0,4.0,5.0,4.0,5.0,4.0,4.0,5.0,5.0,5.0,5.0,5.0,5.0,5.0,5.0,4.0,5.0,5.0,5.0,4.0,5.0,4.0,5.0,5.0,5.0,5.0,5.0,4.0,5.0,4.0,5.0,4.0,5.0,4.0,5.0,4.0,4.0,5.0,5.0,5.0,5.0,5.0,5.0,5.0,5.0,4.0,5.0,5.0,5.0,5.0,5.0,4.0,5.0,5.0,5.0,5.0,5.0,4.0,5.0,4.0,5.0,4.0,5.0,4.0,5.0,4.0,4.0,5.0,5.0,5.0,5.0,5.0,5.0,5.0,5.0,4.0,5.0,5.0,5.0,4.0,5.0,4.0,5.0,5.0,5.0,5.0,5.0,4.0,5.0,4.0,5.0,4.0,5.0,4.0,,,,,,,,,,,,,,,,,,,,,,,,,,,,,,,,,,,,,,,,,,,,,,,,,,,,,,,,,,,,,,,,,,,,,,,,,,,,,,,,,,,,,,,,,,,,,,,,,,,,,,,,,,,,,,,,,,,,,,,,,,,,,,,,,,,,,,,,,,,,,,,,,,,,,,,Prolific
Not Disclosed,0,100,341,1,18,Female,20.0,17.0,19.0,1.0,8.0,27.0,10.0,22.0,16.0,5.0,11.0,18.0,14.0,23.0,9.0,25.0,4.0,24.0,6.0,26.0,13.0,7.0,21.0,30.0,29.0,3.0,28.0,2.0,15.0,12.0,5.0,5.0,5.0,5.0,5.0,5.0,5.0,5.0,5.0,5.0,5.0,5.0,5.0,5.0,5.0,5.0,5.0,5.0,5.0,5.0,5.0,5.0,5.0,5.0,5.0,5.0,5.0,1.0,5.0,5.0,5.0,5.0,5.0,5.0,5.0,5.0,5.0,5.0,5.0,5.0,5.0,5.0,5.0,5.0,5.0,5.0,5.0,5.0,5.0,5.0,5.0,5.0,5.0,5.0,5.0,5.0,5.0,1.0,5.0,5.0,5.0,5.0,5.0,5.0,5.0,5.0,5.0,5.0,5.0,5.0,5.0,5.0,5.0,5.0,5.0,5.0,5.0,5.0,5.0,5.0,5.0,5.0,5.0,5.0,5.0,5.0,5.0,1.0,5.0,5.0,5.0,5.0,5.0,5.0,5.0,5.0,5.0,5.0,5.0,5.0,5.0,5.0,5.0,5.0,5.0,5.0,5.0,5.0,5.0,5.0,5.0,5.0,5.0,5.0,5.0,5.0,5.0,1.0,5.0,5.0,20.0,17.0,19.0,1.0,8.0,27.0,10.0,22.0,16.0,5.0,11.0,18.0,14.0,23.0,9.0,25.0,4.0,24.0,6.0,26.0,13.0,7.0,21.0,30.0,29.0,3.0,28.0,2.0,15.0,12.0,5.0,5.0,5.0,5.0,5.0,5.0,5.0,5.0,5.0,5.0,5.0,5.0,5.0,5.0,5.0,5.0,5.0,5.0,5.0,5.0,5.0,5.0,5.0,5.0,5.0,5.0,5.0,1.0,5.0,5.0,5.0,5.0,5.0,5.0,5.0,5.0,5.0,5.0,5.0,5.0,5.0,5.0,5.0,5.0,5.0,5.0,5.0,5.0,5.0,5.0,5.0,5.0,5.0,5.0,5.0,5.0,5.0,1.0,5.0,5.0,5.0,5.0,5.0,5.0,5.0,5.0,5.0,5.0,5.0,5.0,5.0,5.0,5.0,5.0,5.0,5.0,5.0,5.0,5.0,5.0,5.0,5.0,5.0,5.0,5.0,5.0,5.0,1.0,5.0,5.0,5.0,5.0,5.0,5.0,5.0,5.0,5.0,5.0,5.0,5.0,5.0,5.0,5.0,5.0,5.0,5.0,5.0,5.0,5.0,5.0,5.0,5.0,5.0,5.0,5.0,5.0,5.0,1.0,5.0,5.0,,,,,,,,,,,,,,,,,,,,,,,,,,,,,,,,,,,,,,,,,,,,,,,,,,,,,,,,,,,,,,,,,,,,,,,,,,,,,,,,,,,,,,,,,,,,,,,,,,,,,,,,,,,,,,,,,,,,,,,,,,,,,,,,,,,,,,,,,,,,,,,,,,,,,,,Prolific
Disclosed,0,100,3538,1,23,Male,21.0,12.0,4.0,9.0,14.0,6.0,13.0,17.0,19.0,1.0,24.0,26.0,11.0,3.0,27.0,15.0,5.0,23.0,7.0,25.0,29.0,8.0,10.0,16.0,20.0,22.0,2.0,28.0,30.0,18.0,5.0,3.0,5.0,5.0,4.0,5.0,5.0,5.0,5.0,5.0,5.0,2.0,2.0,5.0,3.0,5.0,4.0,3.0,5.0,5.0,5.0,3.0,5.0,4.0,3.0,5.0,5.0,4.0,3.0,5.0,4.0,5.0,5.0,5.0,5.0,4.0,5.0,3.0,5.0,3.0,5.0,2.0,5.0,5.0,5.0,4.0,5.0,3.0,5.0,5.0,5.0,3.0,5.0,5.0,5.0,5.0,5.0,5.0,3.0,5.0,5.0,5.0,5.0,5.0,5.0,5.0,5.0,5.0,5.0,5.0,5.0,3.0,3.0,5.0,3.0,3.0,5.0,2.0,5.0,5.0,4.0,3.0,5.0,5.0,3.0,5.0,5.0,3.0,3.0,5.0,5.0,4.0,3.0,5.0,5.0,5.0,5.0,5.0,5.0,5.0,5.0,3.0,5.0,5.0,4.0,3.0,4.0,2.0,5.0,5.0,5.0,4.0,5.0,5.0,3.0,5.0,5.0,5.0,5.0,3.0,,,,,,,,,,,,,,,,,,,,,,,,,,,,,,,,,,,,,,,,,,,,,,,,,,,,,,,,,,,,,,,,,,,,,,,,,,,,,,,,,,,,,,,,,,,,,,,,,,,,,,,,,,,,,,,,,,,,,,,,,,,,,,,,,,,,,,,,,,,,,,,,,,,,,,,21.0,12.0,4.0,9.0,14.0,6.0,13.0,17.0,19.0,1.0,24.0,26.0,11.0,3.0,27.0,15.0,5.0,23.0,7.0,25.0,29.0,8.0,10.0,16.0,20.0,22.0,2.0,28.0,30.0,18.0,5.0,3.0,5.0,5.0,4.0,5.0,5.0,5.0,5.0,5.0,5.0,2.0,2.0,5.0,3.0,5.0,4.0,3.0,5.0,5.0,5.0,3.0,5.0,4.0,3.0,5.0,5.0,4.0,3.0,5.0,4.0,5.0,5.0,5.0,5.0,4.0,5.0,3.0,5.0,3.0,5.0,2.0,5.0,5.0,5.0,4.0,5.0,3.0,5.0,5.0,5.0,3.0,5.0,5.0,5.0,5.0,5.0,5.0,3.0,5.0,5.0,5.0,5.0,5.0,5.0,5.0,5.0,5.0,5.0,5.0,5.0,3.0,3.0,5.0,3.0,3.0,5.0,2.0,5.0,5.0,4.0,3.0,5.0,5.0,3.0,5.0,5.0,3.0,3.0,5.0,5.0,4.0,3.0,5.0,5.0,5.0,5.0,5.0,5.0,5.0,5.0,3.0,5.0,5.0,4.0,3.0,4.0,2.0,5.0,5.0,5.0,4.0,5.0,5.0,3.0,5.0,5.0,5.0,5.0,3.0,Prolific
Disclosed,0,100,984,1,23,Female,25.0,5.0,14.0,12.0,20.0,13.0,2.0,11.0,6.0,21.0,16.0,28.0,30.0,26.0,19.0,9.0,27.0,15.0,1.0,17.0,18.0,29.0,10.0,4.0,7.0,8.0,3.0,22.0,23.0,24.0,4.0,4.0,4.0,5.0,4.0,4.0,5.0,4.0,5.0,4.0,4.0,2.0,4.0,4.0,4.0,4.0,4.0,3.0,5.0,4.0,4.0,3.0,4.0,5.0,5.0,5.0,5.0,4.0,4.0,4.0,4.0,2.0,2.0,5.0,4.0,4.0,5.0,4.0,5.0,4.0,5.0,1.0,4.0,4.0,4.0,4.0,4.0,2.0,5.0,4.0,5.0,2.0,4.0,2.0,4.0,4.0,5.0,2.0,4.0,4.0,4.0,4.0,4.0,5.0,4.0,5.0,5.0,4.0,5.0,4.0,4.0,2.0,4.0,4.0,4.0,4.0,4.0,2.0,5.0,4.0,4.0,2.0,4.0,5.0,5.0,5.0,5.0,3.0,4.0,4.0,4.0,4.0,5.0,5.0,5.0,5.0,5.0,5.0,5.0,5.0,4.0,2.0,4.0,4.0,4.0,5.0,4.0,2.0,5.0,4.0,4.0,2.0,5.0,5.0,5.0,5.0,5.0,3.0,4.0,4.0,,,,,,,,,,,,,,,,,,,,,,,,,,,,,,,,,,,,,,,,,,,,,,,,,,,,,,,,,,,,,,,,,,,,,,,,,,,,,,,,,,,,,,,,,,,,,,,,,,,,,,,,,,,,,,,,,,,,,,,,,,,,,,,,,,,,,,,,,,,,,,,,,,,,,,,25.0,5.0,14.0,12.0,20.0,13.0,2.0,11.0,6.0,21.0,16.0,28.0,30.0,26.0,19.0,9.0,27.0,15.0,1.0,17.0,18.0,29.0,10.0,4.0,7.0,8.0,3.0,22.0,23.0,24.0,4.0,4.0,4.0,5.0,4.0,4.0,5.0,4.0,5.0,4.0,4.0,2.0,4.0,4.0,4.0,4.0,4.0,3.0,5.0,4.0,4.0,3.0,4.0,5.0,5.0,5.0,5.0,4.0,4.0,4.0,4.0,2.0,2.0,5.0,4.0,4.0,5.0,4.0,5.0,4.0,5.0,1.0,4.0,4.0,4.0,4.0,4.0,2.0,5.0,4.0,5.0,2.0,4.0,2.0,4.0,4.0,5.0,2.0,4.0,4.0,4.0,4.0,4.0,5.0,4.0,5.0,5.0,4.0,5.0,4.0,4.0,2.0,4.0,4.0,4.0,4.0,4.0,2.0,5.0,4.0,4.0,2.0,4.0,5.0,5.0,5.0,5.0,3.0,4.0,4.0,4.0,4.0,5.0,5.0,5.0,5.0,5.0,5.0,5.0,5.0,4.0,2.0,4.0,4.0,4.0,5.0,4.0,2.0,5.0,4.0,4.0,2.0,5.0,5.0,5.0,5.0,5.0,3.0,4.0,4.0,Prolific
Disclosed,0,100,657,1,22,Female,17.0,30.0,5.0,22.0,20.0,21.0,11.0,2.0,25.0,27.0,18.0,29.0,7.0,6.0,13.0,9.0,8.0,26.0,14.0,3.0,15.0,16.0,28.0,19.0,12.0,10.0,23.0,24.0,1.0,4.0,5.0,3.0,3.0,5.0,5.0,5.0,5.0,5.0,5.0,5.0,5.0,1.0,5.0,4.0,5.0,3.0,3.0,2.0,5.0,5.0,3.0,4.0,5.0,4.0,5.0,4.0,5.0,3.0,5.0,4.0,4.0,3.0,2.0,5.0,5.0,5.0,5.0,5.0,5.0,4.0,5.0,1.0,3.0,5.0,4.0,2.0,4.0,1.0,5.0,4.0,5.0,2.0,4.0,4.0,5.0,5.0,4.0,2.0,5.0,4.0,5.0,5.0,3.0,5.0,5.0,5.0,5.0,5.0,5.0,5.0,5.0,1.0,5.0,5.0,5.0,4.0,5.0,3.0,5.0,5.0,5.0,5.0,5.0,4.0,5.0,5.0,5.0,5.0,5.0,5.0,5.0,4.0,2.0,5.0,5.0,5.0,5.0,5.0,5.0,5.0,5.0,1.0,5.0,4.0,5.0,3.0,4.0,3.0,5.0,5.0,5.0,5.0,5.0,3.0,5.0,5.0,5.0,5.0,5.0,5.0,,,,,,,,,,,,,,,,,,,,,,,,,,,,,,,,,,,,,,,,,,,,,,,,,,,,,,,,,,,,,,,,,,,,,,,,,,,,,,,,,,,,,,,,,,,,,,,,,,,,,,,,,,,,,,,,,,,,,,,,,,,,,,,,,,,,,,,,,,,,,,,,,,,,,,,17.0,30.0,5.0,22.0,20.0,21.0,11.0,2.0,25.0,27.0,18.0,29.0,7.0,6.0,13.0,9.0,8.0,26.0,14.0,3.0,15.0,16.0,28.0,19.0,12.0,10.0,23.0,24.0,1.0,4.0,5.0,3.0,3.0,5.0,5.0,5.0,5.0,5.0,5.0,5.0,5.0,1.0,5.0,4.0,5.0,3.0,3.0,2.0,5.0,5.0,3.0,4.0,5.0,4.0,5.0,4.0,5.0,3.0,5.0,4.0,4.0,3.0,2.0,5.0,5.0,5.0,5.0,5.0,5.0,4.0,5.0,1.0,3.0,5.0,4.0,2.0,4.0,1.0,5.0,4.0,5.0,2.0,4.0,4.0,5.0,5.0,4.0,2.0,5.0,4.0,5.0,5.0,3.0,5.0,5.0,5.0,5.0,5.0,5.0,5.0,5.0,1.0,5.0,5.0,5.0,4.0,5.0,3.0,5.0,5.0,5.0,5.0,5.0,4.0,5.0,5.0,5.0,5.0,5.0,5.0,5.0,4.0,2.0,5.0,5.0,5.0,5.0,5.0,5.0,5.0,5.0,1.0,5.0,4.0,5.0,3.0,4.0,3.0,5.0,5.0,5.0,5.0,5.0,3.0,5.0,5.0,5.0,5.0,5.0,5.0,Prolific
Not Disclosed,0,100,988,1,22,Female,6.0,19.0,8.0,17.0,12.0,25.0,2.0,10.0,3.0,9.0,21.0,23.0,22.0,7.0,26.0,28.0,16.0,29.0,5.0,11.0,18.0,20.0,27.0,15.0,4.0,24.0,1.0,30.0,13.0,14.0,4.0,2.0,2.0,4.0,4.0,4.0,4.0,4.0,4.0,2.0,4.0,2.0,2.0,4.0,2.0,2.0,2.0,2.0,4.0,2.0,2.0,2.0,2.0,2.0,2.0,2.0,4.0,2.0,2.0,2.0,2.0,2.0,2.0,4.0,4.0,4.0,4.0,4.0,2.0,2.0,4.0,2.0,2.0,2.0,2.0,2.0,2.0,2.0,4.0,2.0,4.0,2.0,4.0,2.0,2.0,2.0,4.0,1.0,2.0,2.0,4.0,2.0,2.0,4.0,4.0,4.0,4.0,4.0,4.0,4.0,4.0,2.0,2.0,3.0,2.0,2.0,2.0,3.0,4.0,2.0,2.0,3.0,2.0,2.0,4.0,4.0,4.0,2.0,2.0,2.0,4.0,2.0,2.0,4.0,2.0,2.0,4.0,4.0,4.0,2.0,4.0,2.0,2.0,4.0,2.0,2.0,2.0,2.0,4.0,2.0,2.0,2.0,2.0,2.0,2.0,3.0,4.0,2.0,3.0,2.0,6.0,19.0,8.0,17.0,12.0,25.0,2.0,10.0,3.0,9.0,21.0,23.0,22.0,7.0,26.0,28.0,16.0,29.0,5.0,11.0,18.0,20.0,27.0,15.0,4.0,24.0,1.0,30.0,13.0,14.0,4.0,2.0,2.0,4.0,4.0,4.0,4.0,4.0,4.0,2.0,4.0,2.0,2.0,4.0,2.0,2.0,2.0,2.0,4.0,2.0,2.0,2.0,2.0,2.0,2.0,2.0,4.0,2.0,2.0,2.0,2.0,2.0,2.0,4.0,4.0,4.0,4.0,4.0,2.0,2.0,4.0,2.0,2.0,2.0,2.0,2.0,2.0,2.0,4.0,2.0,4.0,2.0,4.0,2.0,2.0,2.0,4.0,1.0,2.0,2.0,4.0,2.0,2.0,4.0,4.0,4.0,4.0,4.0,4.0,4.0,4.0,2.0,2.0,3.0,2.0,2.0,2.0,3.0,4.0,2.0,2.0,3.0,2.0,2.0,4.0,4.0,4.0,2.0,2.0,2.0,4.0,2.0,2.0,4.0,2.0,2.0,4.0,4.0,4.0,2.0,4.0,2.0,2.0,4.0,2.0,2.0,2.0,2.0,4.0,2.0,2.0,2.0,2.0,2.0,2.0,3.0,4.0,2.0,3.0,2.0,,,,,,,,,,,,,,,,,,,,,,,,,,,,,,,,,,,,,,,,,,,,,,,,,,,,,,,,,,,,,,,,,,,,,,,,,,,,,,,,,,,,,,,,,,,,,,,,,,,,,,,,,,,,,,,,,,,,,,,,,,,,,,,,,,,,,,,,,,,,,,,,,,,,,,,Prolific
Not Disclosed,0,100,1087,1,20,Female,8.0,15.0,11.0,28.0,13.0,6.0,17.0,5.0,2.0,22.0,7.0,27.0,14.0,16.0,3.0,25.0,18.0,29.0,10.0,12.0,21.0,30.0,19.0,9.0,4.0,1.0,20.0,24.0,26.0,23.0,3.0,4.0,3.0,2.0,4.0,4.0,4.0,3.0,5.0,2.0,4.0,1.0,3.0,2.0,2.0,1.0,4.0,1.0,4.0,4.0,1.0,1.0,3.0,5.0,5.0,4.0,2.0,3.0,1.0,1.0,5.0,5.0,4.0,2.0,5.0,3.0,4.0,4.0,5.0,4.0,4.0,1.0,2.0,4.0,4.0,1.0,3.0,1.0,4.0,3.0,3.0,1.0,2.0,4.0,5.0,5.0,3.0,4.0,1.0,2.0,3.0,3.0,4.0,2.0,3.0,4.0,4.0,4.0,4.0,2.0,2.0,1.0,4.0,2.0,3.0,1.0,3.0,1.0,4.0,3.0,4.0,1.0,2.0,4.0,5.0,5.0,4.0,3.0,1.0,1.0,3.0,3.0,4.0,2.0,4.0,4.0,4.0,4.0,5.0,3.0,3.0,1.0,3.0,3.0,4.0,1.0,3.0,1.0,4.0,4.0,2.0,1.0,2.0,4.0,5.0,5.0,4.0,3.0,1.0,3.0,8.0,15.0,11.0,28.0,13.0,6.0,17.0,5.0,2.0,22.0,7.0,27.0,14.0,16.0,3.0,25.0,18.0,29.0,10.0,12.0,21.0,30.0,19.0,9.0,4.0,1.0,20.0,24.0,26.0,23.0,3.0,4.0,3.0,2.0,4.0,4.0,4.0,3.0,5.0,2.0,4.0,1.0,3.0,2.0,2.0,1.0,4.0,1.0,4.0,4.0,1.0,1.0,3.0,5.0,5.0,4.0,2.0,3.0,1.0,1.0,5.0,5.0,4.0,2.0,5.0,3.0,4.0,4.0,5.0,4.0,4.0,1.0,2.0,4.0,4.0,1.0,3.0,1.0,4.0,3.0,3.0,1.0,2.0,4.0,5.0,5.0,3.0,4.0,1.0,2.0,3.0,3.0,4.0,2.0,3.0,4.0,4.0,4.0,4.0,2.0,2.0,1.0,4.0,2.0,3.0,1.0,3.0,1.0,4.0,3.0,4.0,1.0,2.0,4.0,5.0,5.0,4.0,3.0,1.0,1.0,3.0,3.0,4.0,2.0,4.0,4.0,4.0,4.0,5.0,3.0,3.0,1.0,3.0,3.0,4.0,1.0,3.0,1.0,4.0,4.0,2.0,1.0,2.0,4.0,5.0,5.0,4.0,3.0,1.0,3.0,,,,,,,,,,,,,,,,,,,,,,,,,,,,,,,,,,,,,,,,,,,,,,,,,,,,,,,,,,,,,,,,,,,,,,,,,,,,,,,,,,,,,,,,,,,,,,,,,,,,,,,,,,,,,,,,,,,,,,,,,,,,,,,,,,,,,,,,,,,,,,,,,,,,,,,Prolific
Not Disclosed,0,100,581,1,21,Male,4.0,6.0,15.0,13.0,26.0,2.0,23.0,17.0,1.0,10.0,8.0,28.0,3.0,14.0,9.0,30.0,22.0,29.0,25.0,11.0,12.0,18.0,20.0,21.0,7.0,27.0,24.0,19.0,5.0,16.0,5.0,5.0,5.0,5.0,5.0,5.0,5.0,2.0,5.0,5.0,5.0,1.0,5.0,5.0,5.0,5.0,5.0,2.0,5.0,5.0,5.0,5.0,3.0,5.0,5.0,5.0,5.0,5.0,4.0,5.0,5.0,5.0,5.0,5.0,5.0,5.0,5.0,2.0,5.0,3.0,5.0,5.0,5.0,5.0,5.0,4.0,5.0,5.0,5.0,5.0,5.0,5.0,5.0,5.0,5.0,5.0,5.0,5.0,5.0,5.0,4.0,2.0,5.0,5.0,4.0,5.0,5.0,2.0,4.0,5.0,5.0,1.0,4.0,3.0,5.0,3.0,5.0,3.0,4.0,5.0,5.0,4.0,4.0,5.0,5.0,4.0,5.0,5.0,4.0,5.0,5.0,5.0,5.0,5.0,5.0,5.0,5.0,5.0,5.0,5.0,5.0,5.0,5.0,5.0,5.0,5.0,5.0,5.0,5.0,5.0,5.0,5.0,5.0,5.0,5.0,5.0,5.0,5.0,5.0,5.0,4.0,6.0,15.0,13.0,26.0,2.0,23.0,17.0,1.0,10.0,8.0,28.0,3.0,14.0,9.0,30.0,22.0,29.0,25.0,11.0,12.0,18.0,20.0,21.0,7.0,27.0,24.0,19.0,5.0,16.0,5.0,5.0,5.0,5.0,5.0,5.0,5.0,2.0,5.0,5.0,5.0,1.0,5.0,5.0,5.0,5.0,5.0,2.0,5.0,5.0,5.0,5.0,3.0,5.0,5.0,5.0,5.0,5.0,4.0,5.0,5.0,5.0,5.0,5.0,5.0,5.0,5.0,2.0,5.0,3.0,5.0,5.0,5.0,5.0,5.0,4.0,5.0,5.0,5.0,5.0,5.0,5.0,5.0,5.0,5.0,5.0,5.0,5.0,5.0,5.0,4.0,2.0,5.0,5.0,4.0,5.0,5.0,2.0,4.0,5.0,5.0,1.0,4.0,3.0,5.0,3.0,5.0,3.0,4.0,5.0,5.0,4.0,4.0,5.0,5.0,4.0,5.0,5.0,4.0,5.0,5.0,5.0,5.0,5.0,5.0,5.0,5.0,5.0,5.0,5.0,5.0,5.0,5.0,5.0,5.0,5.0,5.0,5.0,5.0,5.0,5.0,5.0,5.0,5.0,5.0,5.0,5.0,5.0,5.0,5.0,,,,,,,,,,,,,,,,,,,,,,,,,,,,,,,,,,,,,,,,,,,,,,,,,,,,,,,,,,,,,,,,,,,,,,,,,,,,,,,,,,,,,,,,,,,,,,,,,,,,,,,,,,,,,,,,,,,,,,,,,,,,,,,,,,,,,,,,,,,,,,,,,,,,,,,Prolific
Not Disclosed,0,100,387,1,22,Female,24.0,25.0,21.0,18.0,27.0,12.0,2.0,22.0,6.0,13.0,7.0,28.0,23.0,26.0,8.0,30.0,5.0,9.0,1.0,11.0,20.0,17.0,4.0,29.0,16.0,15.0,19.0,14.0,3.0,10.0,5.0,4.0,4.0,5.0,5.0,5.0,5.0,5.0,5.0,4.0,5.0,4.0,4.0,4.0,4.0,4.0,4.0,4.0,5.0,4.0,4.0,4.0,5.0,4.0,5.0,5.0,5.0,5.0,5.0,4.0,5.0,5.0,5.0,5.0,5.0,5.0,5.0,5.0,5.0,5.0,5.0,5.0,5.0,5.0,5.0,5.0,5.0,5.0,5.0,5.0,5.0,5.0,5.0,5.0,5.0,5.0,5.0,5.0,5.0,5.0,5.0,4.0,5.0,5.0,5.0,5.0,5.0,5.0,5.0,5.0,5.0,5.0,5.0,5.0,5.0,5.0,5.0,5.0,5.0,5.0,5.0,5.0,5.0,5.0,5.0,5.0,5.0,5.0,5.0,4.0,5.0,5.0,5.0,5.0,5.0,5.0,5.0,5.0,5.0,5.0,5.0,5.0,5.0,5.0,5.0,5.0,5.0,5.0,5.0,5.0,5.0,5.0,5.0,5.0,5.0,5.0,5.0,5.0,5.0,5.0,24.0,25.0,21.0,18.0,27.0,12.0,2.0,22.0,6.0,13.0,7.0,28.0,23.0,26.0,8.0,30.0,5.0,9.0,1.0,11.0,20.0,17.0,4.0,29.0,16.0,15.0,19.0,14.0,3.0,10.0,5.0,4.0,4.0,5.0,5.0,5.0,5.0,5.0,5.0,4.0,5.0,4.0,4.0,4.0,4.0,4.0,4.0,4.0,5.0,4.0,4.0,4.0,5.0,4.0,5.0,5.0,5.0,5.0,5.0,4.0,5.0,5.0,5.0,5.0,5.0,5.0,5.0,5.0,5.0,5.0,5.0,5.0,5.0,5.0,5.0,5.0,5.0,5.0,5.0,5.0,5.0,5.0,5.0,5.0,5.0,5.0,5.0,5.0,5.0,5.0,5.0,4.0,5.0,5.0,5.0,5.0,5.0,5.0,5.0,5.0,5.0,5.0,5.0,5.0,5.0,5.0,5.0,5.0,5.0,5.0,5.0,5.0,5.0,5.0,5.0,5.0,5.0,5.0,5.0,4.0,5.0,5.0,5.0,5.0,5.0,5.0,5.0,5.0,5.0,5.0,5.0,5.0,5.0,5.0,5.0,5.0,5.0,5.0,5.0,5.0,5.0,5.0,5.0,5.0,5.0,5.0,5.0,5.0,5.0,5.0,,,,,,,,,,,,,,,,,,,,,,,,,,,,,,,,,,,,,,,,,,,,,,,,,,,,,,,,,,,,,,,,,,,,,,,,,,,,,,,,,,,,,,,,,,,,,,,,,,,,,,,,,,,,,,,,,,,,,,,,,,,,,,,,,,,,,,,,,,,,,,,,,,,,,,,Prolific
Not Disclosed,0,100,467,1,21,Female,16.0,10.0,23.0,4.0,20.0,22.0,18.0,5.0,26.0,15.0,3.0,29.0,14.0,19.0,8.0,12.0,25.0,30.0,13.0,7.0,27.0,2.0,28.0,9.0,17.0,6.0,21.0,24.0,1.0,11.0,4.0,4.0,2.0,3.0,5.0,4.0,4.0,5.0,4.0,4.0,4.0,3.0,4.0,4.0,3.0,2.0,4.0,4.0,4.0,4.0,5.0,5.0,5.0,4.0,4.0,4.0,5.0,2.0,5.0,4.0,5.0,2.0,4.0,5.0,4.0,5.0,5.0,5.0,5.0,4.0,5.0,2.0,4.0,4.0,5.0,4.0,4.0,2.0,5.0,4.0,4.0,5.0,4.0,2.0,5.0,4.0,5.0,2.0,5.0,5.0,4.0,4.0,4.0,4.0,4.0,4.0,4.0,4.0,4.0,4.0,4.0,4.0,4.0,4.0,4.0,2.0,4.0,3.0,4.0,3.0,4.0,4.0,4.0,4.0,4.0,4.0,4.0,2.0,5.0,4.0,5.0,3.0,5.0,5.0,5.0,5.0,5.0,4.0,4.0,4.0,5.0,5.0,3.0,5.0,5.0,3.0,5.0,3.0,5.0,4.0,5.0,5.0,4.0,5.0,5.0,4.0,5.0,2.0,5.0,5.0,16.0,10.0,23.0,4.0,20.0,22.0,18.0,5.0,26.0,15.0,3.0,29.0,14.0,19.0,8.0,12.0,25.0,30.0,13.0,7.0,27.0,2.0,28.0,9.0,17.0,6.0,21.0,24.0,1.0,11.0,4.0,4.0,2.0,3.0,5.0,4.0,4.0,5.0,4.0,4.0,4.0,3.0,4.0,4.0,3.0,2.0,4.0,4.0,4.0,4.0,5.0,5.0,5.0,4.0,4.0,4.0,5.0,2.0,5.0,4.0,5.0,2.0,4.0,5.0,4.0,5.0,5.0,5.0,5.0,4.0,5.0,2.0,4.0,4.0,5.0,4.0,4.0,2.0,5.0,4.0,4.0,5.0,4.0,2.0,5.0,4.0,5.0,2.0,5.0,5.0,4.0,4.0,4.0,4.0,4.0,4.0,4.0,4.0,4.0,4.0,4.0,4.0,4.0,4.0,4.0,2.0,4.0,3.0,4.0,3.0,4.0,4.0,4.0,4.0,4.0,4.0,4.0,2.0,5.0,4.0,5.0,3.0,5.0,5.0,5.0,5.0,5.0,4.0,4.0,4.0,5.0,5.0,3.0,5.0,5.0,3.0,5.0,3.0,5.0,4.0,5.0,5.0,4.0,5.0,5.0,4.0,5.0,2.0,5.0,5.0,,,,,,,,,,,,,,,,,,,,,,,,,,,,,,,,,,,,,,,,,,,,,,,,,,,,,,,,,,,,,,,,,,,,,,,,,,,,,,,,,,,,,,,,,,,,,,,,,,,,,,,,,,,,,,,,,,,,,,,,,,,,,,,,,,,,,,,,,,,,,,,,,,,,,,,Prolific
Not Disclosed,0,100,710,1,21,Female,25.0,23.0,24.0,15.0,1.0,13.0,14.0,22.0,4.0,16.0,9.0,29.0,3.0,10.0,6.0,28.0,17.0,8.0,7.0,19.0,2.0,30.0,27.0,26.0,12.0,5.0,20.0,11.0,18.0,21.0,4.0,2.0,2.0,4.0,4.0,4.0,4.0,4.0,4.0,4.0,4.0,2.0,3.0,3.0,3.0,2.0,3.0,3.0,4.0,4.0,3.0,4.0,4.0,2.0,4.0,4.0,4.0,3.0,4.0,2.0,4.0,2.0,2.0,4.0,4.0,4.0,4.0,4.0,4.0,4.0,4.0,2.0,3.0,2.0,3.0,2.0,3.0,2.0,4.0,4.0,3.0,4.0,4.0,3.0,4.0,4.0,4.0,3.0,4.0,3.0,4.0,3.0,2.0,4.0,4.0,4.0,4.0,4.0,4.0,4.0,4.0,2.0,4.0,2.0,4.0,2.0,3.0,3.0,4.0,3.0,3.0,3.0,3.0,2.0,4.0,3.0,4.0,2.0,4.0,3.0,4.0,2.0,2.0,4.0,4.0,4.0,4.0,4.0,4.0,4.0,4.0,2.0,3.0,2.0,4.0,2.0,3.0,3.0,4.0,3.0,3.0,4.0,3.0,2.0,4.0,4.0,4.0,3.0,4.0,2.0,25.0,23.0,24.0,15.0,1.0,13.0,14.0,22.0,4.0,16.0,9.0,29.0,3.0,10.0,6.0,28.0,17.0,8.0,7.0,19.0,2.0,30.0,27.0,26.0,12.0,5.0,20.0,11.0,18.0,21.0,4.0,2.0,2.0,4.0,4.0,4.0,4.0,4.0,4.0,4.0,4.0,2.0,3.0,3.0,3.0,2.0,3.0,3.0,4.0,4.0,3.0,4.0,4.0,2.0,4.0,4.0,4.0,3.0,4.0,2.0,4.0,2.0,2.0,4.0,4.0,4.0,4.0,4.0,4.0,4.0,4.0,2.0,3.0,2.0,3.0,2.0,3.0,2.0,4.0,4.0,3.0,4.0,4.0,3.0,4.0,4.0,4.0,3.0,4.0,3.0,4.0,3.0,2.0,4.0,4.0,4.0,4.0,4.0,4.0,4.0,4.0,2.0,4.0,2.0,4.0,2.0,3.0,3.0,4.0,3.0,3.0,3.0,3.0,2.0,4.0,3.0,4.0,2.0,4.0,3.0,4.0,2.0,2.0,4.0,4.0,4.0,4.0,4.0,4.0,4.0,4.0,2.0,3.0,2.0,4.0,2.0,3.0,3.0,4.0,3.0,3.0,4.0,3.0,2.0,4.0,4.0,4.0,3.0,4.0,2.0,,,,,,,,,,,,,,,,,,,,,,,,,,,,,,,,,,,,,,,,,,,,,,,,,,,,,,,,,,,,,,,,,,,,,,,,,,,,,,,,,,,,,,,,,,,,,,,,,,,,,,,,,,,,,,,,,,,,,,,,,,,,,,,,,,,,,,,,,,,,,,,,,,,,,,,Prolific
Disclosed,0,100,1428,1,23,Female,14.0,26.0,16.0,19.0,22.0,21.0,11.0,2.0,1.0,3.0,9.0,8.0,5.0,12.0,24.0,17.0,6.0,7.0,10.0,30.0,20.0,29.0,27.0,4.0,15.0,23.0,25.0,28.0,18.0,13.0,5.0,5.0,5.0,5.0,5.0,5.0,5.0,5.0,5.0,5.0,5.0,5.0,5.0,5.0,5.0,5.0,5.0,1.0,5.0,5.0,5.0,5.0,5.0,5.0,5.0,5.0,5.0,5.0,5.0,5.0,5.0,2.0,2.0,5.0,4.0,5.0,5.0,4.0,4.0,4.0,4.0,1.0,3.0,4.0,4.0,2.0,4.0,1.0,5.0,4.0,4.0,4.0,4.0,2.0,5.0,4.0,4.0,4.0,5.0,2.0,5.0,5.0,4.0,5.0,5.0,5.0,5.0,5.0,5.0,5.0,5.0,5.0,5.0,5.0,5.0,5.0,5.0,1.0,5.0,5.0,5.0,5.0,5.0,5.0,5.0,5.0,5.0,5.0,5.0,5.0,5.0,2.0,4.0,5.0,5.0,5.0,5.0,5.0,5.0,5.0,5.0,5.0,5.0,5.0,5.0,4.0,5.0,1.0,5.0,5.0,5.0,5.0,5.0,4.0,5.0,5.0,5.0,3.0,5.0,4.0,,,,,,,,,,,,,,,,,,,,,,,,,,,,,,,,,,,,,,,,,,,,,,,,,,,,,,,,,,,,,,,,,,,,,,,,,,,,,,,,,,,,,,,,,,,,,,,,,,,,,,,,,,,,,,,,,,,,,,,,,,,,,,,,,,,,,,,,,,,,,,,,,,,,,,,14.0,26.0,16.0,19.0,22.0,21.0,11.0,2.0,1.0,3.0,9.0,8.0,5.0,12.0,24.0,17.0,6.0,7.0,10.0,30.0,20.0,29.0,27.0,4.0,15.0,23.0,25.0,28.0,18.0,13.0,5.0,5.0,5.0,5.0,5.0,5.0,5.0,5.0,5.0,5.0,5.0,5.0,5.0,5.0,5.0,5.0,5.0,1.0,5.0,5.0,5.0,5.0,5.0,5.0,5.0,5.0,5.0,5.0,5.0,5.0,5.0,2.0,2.0,5.0,4.0,5.0,5.0,4.0,4.0,4.0,4.0,1.0,3.0,4.0,4.0,2.0,4.0,1.0,5.0,4.0,4.0,4.0,4.0,2.0,5.0,4.0,4.0,4.0,5.0,2.0,5.0,5.0,4.0,5.0,5.0,5.0,5.0,5.0,5.0,5.0,5.0,5.0,5.0,5.0,5.0,5.0,5.0,1.0,5.0,5.0,5.0,5.0,5.0,5.0,5.0,5.0,5.0,5.0,5.0,5.0,5.0,2.0,4.0,5.0,5.0,5.0,5.0,5.0,5.0,5.0,5.0,5.0,5.0,5.0,5.0,4.0,5.0,1.0,5.0,5.0,5.0,5.0,5.0,4.0,5.0,5.0,5.0,3.0,5.0,4.0,Prolific
Not Disclosed,0,100,842,1,22,Female,28.0,4.0,7.0,24.0,20.0,18.0,2.0,8.0,5.0,19.0,12.0,25.0,3.0,6.0,10.0,22.0,29.0,17.0,23.0,13.0,1.0,30.0,27.0,16.0,14.0,11.0,15.0,26.0,21.0,9.0,5.0,4.0,5.0,5.0,5.0,5.0,5.0,5.0,5.0,5.0,5.0,4.0,5.0,5.0,5.0,3.0,4.0,3.0,5.0,5.0,5.0,4.0,5.0,5.0,5.0,5.0,5.0,3.0,5.0,4.0,5.0,4.0,5.0,5.0,5.0,5.0,5.0,5.0,5.0,5.0,5.0,4.0,4.0,5.0,4.0,3.0,5.0,2.0,5.0,5.0,5.0,4.0,5.0,5.0,5.0,5.0,5.0,2.0,5.0,4.0,5.0,5.0,5.0,5.0,5.0,5.0,5.0,5.0,5.0,5.0,5.0,4.0,4.0,5.0,5.0,3.0,4.0,3.0,5.0,5.0,5.0,4.0,5.0,5.0,5.0,5.0,5.0,3.0,5.0,4.0,5.0,4.0,5.0,5.0,5.0,4.0,5.0,5.0,5.0,4.0,5.0,3.0,5.0,5.0,5.0,3.0,4.0,2.0,5.0,5.0,5.0,3.0,4.0,5.0,5.0,5.0,5.0,3.0,5.0,4.0,28.0,4.0,7.0,24.0,20.0,18.0,2.0,8.0,5.0,19.0,12.0,25.0,3.0,6.0,10.0,22.0,29.0,17.0,23.0,13.0,1.0,30.0,27.0,16.0,14.0,11.0,15.0,26.0,21.0,9.0,5.0,4.0,5.0,5.0,5.0,5.0,5.0,5.0,5.0,5.0,5.0,4.0,5.0,5.0,5.0,3.0,4.0,3.0,5.0,5.0,5.0,4.0,5.0,5.0,5.0,5.0,5.0,3.0,5.0,4.0,5.0,4.0,5.0,5.0,5.0,5.0,5.0,5.0,5.0,5.0,5.0,4.0,4.0,5.0,4.0,3.0,5.0,2.0,5.0,5.0,5.0,4.0,5.0,5.0,5.0,5.0,5.0,2.0,5.0,4.0,5.0,5.0,5.0,5.0,5.0,5.0,5.0,5.0,5.0,5.0,5.0,4.0,4.0,5.0,5.0,3.0,4.0,3.0,5.0,5.0,5.0,4.0,5.0,5.0,5.0,5.0,5.0,3.0,5.0,4.0,5.0,4.0,5.0,5.0,5.0,4.0,5.0,5.0,5.0,4.0,5.0,3.0,5.0,5.0,5.0,3.0,4.0,2.0,5.0,5.0,5.0,3.0,4.0,5.0,5.0,5.0,5.0,3.0,5.0,4.0,,,,,,,,,,,,,,,,,,,,,,,,,,,,,,,,,,,,,,,,,,,,,,,,,,,,,,,,,,,,,,,,,,,,,,,,,,,,,,,,,,,,,,,,,,,,,,,,,,,,,,,,,,,,,,,,,,,,,,,,,,,,,,,,,,,,,,,,,,,,,,,,,,,,,,,Prolific
Not Disclosed,0,100,1473,1,22,Female,26.0,25.0,27.0,11.0,12.0,4.0,16.0,6.0,1.0,14.0,7.0,30.0,21.0,8.0,18.0,28.0,20.0,22.0,3.0,19.0,13.0,9.0,15.0,23.0,10.0,5.0,2.0,24.0,17.0,29.0,5.0,5.0,4.0,5.0,5.0,5.0,5.0,4.0,5.0,5.0,5.0,5.0,5.0,5.0,5.0,2.0,5.0,4.0,5.0,5.0,5.0,3.0,5.0,5.0,5.0,5.0,5.0,5.0,5.0,5.0,4.0,2.0,2.0,5.0,5.0,5.0,4.0,4.0,5.0,4.0,5.0,1.0,3.0,4.0,4.0,4.0,4.0,1.0,5.0,2.0,5.0,5.0,4.0,3.0,4.0,5.0,5.0,3.0,5.0,4.0,5.0,5.0,5.0,5.0,5.0,5.0,5.0,5.0,5.0,5.0,5.0,5.0,5.0,5.0,5.0,5.0,5.0,5.0,5.0,5.0,5.0,5.0,5.0,5.0,5.0,5.0,5.0,5.0,5.0,5.0,5.0,4.0,2.0,5.0,5.0,5.0,5.0,4.0,5.0,5.0,5.0,2.0,2.0,5.0,4.0,1.0,5.0,1.0,5.0,2.0,5.0,4.0,4.0,3.0,5.0,5.0,5.0,4.0,5.0,4.0,26.0,25.0,27.0,11.0,12.0,4.0,16.0,6.0,1.0,14.0,7.0,30.0,21.0,8.0,18.0,28.0,20.0,22.0,3.0,19.0,13.0,9.0,15.0,23.0,10.0,5.0,2.0,24.0,17.0,29.0,5.0,5.0,4.0,5.0,5.0,5.0,5.0,4.0,5.0,5.0,5.0,5.0,5.0,5.0,5.0,2.0,5.0,4.0,5.0,5.0,5.0,3.0,5.0,5.0,5.0,5.0,5.0,5.0,5.0,5.0,4.0,2.0,2.0,5.0,5.0,5.0,4.0,4.0,5.0,4.0,5.0,1.0,3.0,4.0,4.0,4.0,4.0,1.0,5.0,2.0,5.0,5.0,4.0,3.0,4.0,5.0,5.0,3.0,5.0,4.0,5.0,5.0,5.0,5.0,5.0,5.0,5.0,5.0,5.0,5.0,5.0,5.0,5.0,5.0,5.0,5.0,5.0,5.0,5.0,5.0,5.0,5.0,5.0,5.0,5.0,5.0,5.0,5.0,5.0,5.0,5.0,4.0,2.0,5.0,5.0,5.0,5.0,4.0,5.0,5.0,5.0,2.0,2.0,5.0,4.0,1.0,5.0,1.0,5.0,2.0,5.0,4.0,4.0,3.0,5.0,5.0,5.0,4.0,5.0,4.0,,,,,,,,,,,,,,,,,,,,,,,,,,,,,,,,,,,,,,,,,,,,,,,,,,,,,,,,,,,,,,,,,,,,,,,,,,,,,,,,,,,,,,,,,,,,,,,,,,,,,,,,,,,,,,,,,,,,,,,,,,,,,,,,,,,,,,,,,,,,,,,,,,,,,,,Prolific
Not Disclosed,0,100,1854,1,24,Female,25.0,22.0,23.0,20.0,7.0,12.0,2.0,16.0,28.0,3.0,17.0,11.0,27.0,9.0,10.0,4.0,24.0,13.0,21.0,8.0,1.0,14.0,15.0,26.0,18.0,5.0,6.0,30.0,19.0,29.0,5.0,3.0,3.0,5.0,4.0,5.0,5.0,5.0,5.0,5.0,5.0,5.0,4.0,4.0,4.0,3.0,5.0,3.0,4.0,5.0,4.0,4.0,4.0,4.0,5.0,3.0,4.0,3.0,5.0,4.0,5.0,3.0,2.0,5.0,4.0,4.0,5.0,4.0,5.0,5.0,5.0,1.0,4.0,4.0,4.0,5.0,4.0,2.0,5.0,4.0,4.0,4.0,5.0,2.0,4.0,3.0,4.0,3.0,5.0,2.0,5.0,3.0,3.0,5.0,4.0,5.0,5.0,5.0,5.0,5.0,5.0,2.0,3.0,5.0,5.0,3.0,4.0,4.0,5.0,5.0,5.0,4.0,5.0,4.0,5.0,4.0,4.0,4.0,5.0,4.0,5.0,5.0,4.0,4.0,5.0,4.0,5.0,5.0,4.0,4.0,4.0,2.0,5.0,3.0,5.0,4.0,5.0,2.0,5.0,5.0,4.0,4.0,4.0,5.0,5.0,4.0,4.0,3.0,5.0,5.0,25.0,22.0,23.0,20.0,7.0,12.0,2.0,16.0,28.0,3.0,17.0,11.0,27.0,9.0,10.0,4.0,24.0,13.0,21.0,8.0,1.0,14.0,15.0,26.0,18.0,5.0,6.0,30.0,19.0,29.0,5.0,3.0,3.0,5.0,4.0,5.0,5.0,5.0,5.0,5.0,5.0,5.0,4.0,4.0,4.0,3.0,5.0,3.0,4.0,5.0,4.0,4.0,4.0,4.0,5.0,3.0,4.0,3.0,5.0,4.0,5.0,3.0,2.0,5.0,4.0,4.0,5.0,4.0,5.0,5.0,5.0,1.0,4.0,4.0,4.0,5.0,4.0,2.0,5.0,4.0,4.0,4.0,5.0,2.0,4.0,3.0,4.0,3.0,5.0,2.0,5.0,3.0,3.0,5.0,4.0,5.0,5.0,5.0,5.0,5.0,5.0,2.0,3.0,5.0,5.0,3.0,4.0,4.0,5.0,5.0,5.0,4.0,5.0,4.0,5.0,4.0,4.0,4.0,5.0,4.0,5.0,5.0,4.0,4.0,5.0,4.0,5.0,5.0,4.0,4.0,4.0,2.0,5.0,3.0,5.0,4.0,5.0,2.0,5.0,5.0,4.0,4.0,4.0,5.0,5.0,4.0,4.0,3.0,5.0,5.0,,,,,,,,,,,,,,,,,,,,,,,,,,,,,,,,,,,,,,,,,,,,,,,,,,,,,,,,,,,,,,,,,,,,,,,,,,,,,,,,,,,,,,,,,,,,,,,,,,,,,,,,,,,,,,,,,,,,,,,,,,,,,,,,,,,,,,,,,,,,,,,,,,,,,,,Prolific
Disclosed,0,100,1647,1,22,Female,19.0,23.0,27.0,28.0,24.0,15.0,4.0,21.0,2.0,25.0,9.0,11.0,30.0,29.0,18.0,6.0,20.0,22.0,16.0,7.0,5.0,10.0,13.0,26.0,1.0,8.0,12.0,17.0,14.0,3.0,3.0,4.0,2.0,5.0,4.0,5.0,5.0,5.0,5.0,2.0,5.0,1.0,3.0,2.0,5.0,4.0,5.0,5.0,5.0,5.0,4.0,5.0,4.0,5.0,5.0,5.0,4.0,5.0,5.0,5.0,5.0,5.0,3.0,5.0,4.0,5.0,5.0,5.0,5.0,5.0,5.0,2.0,2.0,3.0,2.0,5.0,5.0,5.0,5.0,5.0,5.0,5.0,5.0,5.0,5.0,5.0,5.0,5.0,5.0,5.0,4.0,4.0,3.0,3.0,4.0,3.0,5.0,4.0,4.0,3.0,3.0,2.0,3.0,2.0,3.0,4.0,4.0,5.0,5.0,4.0,3.0,4.0,4.0,4.0,5.0,4.0,4.0,5.0,5.0,4.0,5.0,4.0,2.0,5.0,5.0,4.0,5.0,5.0,5.0,5.0,5.0,2.0,2.0,4.0,4.0,4.0,5.0,5.0,5.0,5.0,5.0,5.0,4.0,5.0,5.0,5.0,5.0,5.0,5.0,5.0,,,,,,,,,,,,,,,,,,,,,,,,,,,,,,,,,,,,,,,,,,,,,,,,,,,,,,,,,,,,,,,,,,,,,,,,,,,,,,,,,,,,,,,,,,,,,,,,,,,,,,,,,,,,,,,,,,,,,,,,,,,,,,,,,,,,,,,,,,,,,,,,,,,,,,,19.0,23.0,27.0,28.0,24.0,15.0,4.0,21.0,2.0,25.0,9.0,11.0,30.0,29.0,18.0,6.0,20.0,22.0,16.0,7.0,5.0,10.0,13.0,26.0,1.0,8.0,12.0,17.0,14.0,3.0,3.0,4.0,2.0,5.0,4.0,5.0,5.0,5.0,5.0,2.0,5.0,1.0,3.0,2.0,5.0,4.0,5.0,5.0,5.0,5.0,4.0,5.0,4.0,5.0,5.0,5.0,4.0,5.0,5.0,5.0,5.0,5.0,3.0,5.0,4.0,5.0,5.0,5.0,5.0,5.0,5.0,2.0,2.0,3.0,2.0,5.0,5.0,5.0,5.0,5.0,5.0,5.0,5.0,5.0,5.0,5.0,5.0,5.0,5.0,5.0,4.0,4.0,3.0,3.0,4.0,3.0,5.0,4.0,4.0,3.0,3.0,2.0,3.0,2.0,3.0,4.0,4.0,5.0,5.0,4.0,3.0,4.0,4.0,4.0,5.0,4.0,4.0,5.0,5.0,4.0,5.0,4.0,2.0,5.0,5.0,4.0,5.0,5.0,5.0,5.0,5.0,2.0,2.0,4.0,4.0,4.0,5.0,5.0,5.0,5.0,5.0,5.0,4.0,5.0,5.0,5.0,5.0,5.0,5.0,5.0,Prolific
Not Disclosed,0,100,836,1,19,Female,25.0,16.0,17.0,2.0,7.0,3.0,8.0,24.0,10.0,13.0,1.0,29.0,18.0,9.0,15.0,23.0,12.0,19.0,4.0,6.0,5.0,21.0,28.0,27.0,11.0,20.0,14.0,30.0,22.0,26.0,5.0,5.0,5.0,5.0,5.0,5.0,5.0,5.0,5.0,5.0,5.0,1.0,5.0,5.0,5.0,4.0,5.0,3.0,5.0,5.0,5.0,4.0,5.0,5.0,5.0,5.0,5.0,5.0,3.0,3.0,5.0,5.0,5.0,5.0,5.0,5.0,5.0,5.0,5.0,5.0,5.0,5.0,5.0,5.0,5.0,5.0,5.0,5.0,5.0,5.0,5.0,5.0,5.0,5.0,5.0,5.0,5.0,5.0,5.0,5.0,5.0,5.0,5.0,5.0,5.0,5.0,5.0,5.0,5.0,5.0,5.0,5.0,5.0,5.0,5.0,5.0,5.0,5.0,5.0,5.0,5.0,5.0,5.0,5.0,5.0,5.0,5.0,5.0,5.0,5.0,5.0,5.0,5.0,5.0,5.0,5.0,5.0,5.0,5.0,5.0,5.0,5.0,5.0,5.0,5.0,5.0,5.0,5.0,5.0,5.0,5.0,5.0,5.0,5.0,5.0,5.0,5.0,5.0,5.0,5.0,25.0,16.0,17.0,2.0,7.0,3.0,8.0,24.0,10.0,13.0,1.0,29.0,18.0,9.0,15.0,23.0,12.0,19.0,4.0,6.0,5.0,21.0,28.0,27.0,11.0,20.0,14.0,30.0,22.0,26.0,5.0,5.0,5.0,5.0,5.0,5.0,5.0,5.0,5.0,5.0,5.0,1.0,5.0,5.0,5.0,4.0,5.0,3.0,5.0,5.0,5.0,4.0,5.0,5.0,5.0,5.0,5.0,5.0,3.0,3.0,5.0,5.0,5.0,5.0,5.0,5.0,5.0,5.0,5.0,5.0,5.0,5.0,5.0,5.0,5.0,5.0,5.0,5.0,5.0,5.0,5.0,5.0,5.0,5.0,5.0,5.0,5.0,5.0,5.0,5.0,5.0,5.0,5.0,5.0,5.0,5.0,5.0,5.0,5.0,5.0,5.0,5.0,5.0,5.0,5.0,5.0,5.0,5.0,5.0,5.0,5.0,5.0,5.0,5.0,5.0,5.0,5.0,5.0,5.0,5.0,5.0,5.0,5.0,5.0,5.0,5.0,5.0,5.0,5.0,5.0,5.0,5.0,5.0,5.0,5.0,5.0,5.0,5.0,5.0,5.0,5.0,5.0,5.0,5.0,5.0,5.0,5.0,5.0,5.0,5.0,,,,,,,,,,,,,,,,,,,,,,,,,,,,,,,,,,,,,,,,,,,,,,,,,,,,,,,,,,,,,,,,,,,,,,,,,,,,,,,,,,,,,,,,,,,,,,,,,,,,,,,,,,,,,,,,,,,,,,,,,,,,,,,,,,,,,,,,,,,,,,,,,,,,,,,Prolific
Not Disclosed,0,100,339,1,23,Male,19.0,11.0,24.0,7.0,1.0,8.0,2.0,25.0,14.0,26.0,27.0,29.0,13.0,12.0,16.0,30.0,6.0,10.0,20.0,22.0,21.0,18.0,9.0,28.0,15.0,17.0,5.0,4.0,23.0,3.0,3.0,4.0,4.0,5.0,3.0,5.0,3.0,4.0,4.0,4.0,3.0,3.0,4.0,5.0,4.0,1.0,4.0,5.0,3.0,4.0,3.0,4.0,4.0,4.0,4.0,5.0,4.0,4.0,4.0,3.0,4.0,4.0,3.0,4.0,5.0,5.0,4.0,3.0,5.0,5.0,4.0,3.0,3.0,3.0,4.0,3.0,3.0,4.0,3.0,4.0,4.0,3.0,4.0,3.0,4.0,4.0,4.0,5.0,5.0,4.0,4.0,4.0,4.0,3.0,4.0,3.0,4.0,5.0,4.0,5.0,5.0,5.0,5.0,3.0,4.0,4.0,4.0,4.0,5.0,4.0,4.0,5.0,4.0,3.0,5.0,3.0,3.0,4.0,4.0,3.0,4.0,4.0,5.0,3.0,4.0,5.0,3.0,3.0,4.0,4.0,3.0,3.0,5.0,4.0,3.0,3.0,4.0,4.0,3.0,5.0,4.0,4.0,5.0,5.0,5.0,4.0,3.0,3.0,4.0,4.0,19.0,11.0,24.0,7.0,1.0,8.0,2.0,25.0,14.0,26.0,27.0,29.0,13.0,12.0,16.0,30.0,6.0,10.0,20.0,22.0,21.0,18.0,9.0,28.0,15.0,17.0,5.0,4.0,23.0,3.0,3.0,4.0,4.0,5.0,3.0,5.0,3.0,4.0,4.0,4.0,3.0,3.0,4.0,5.0,4.0,1.0,4.0,5.0,3.0,4.0,3.0,4.0,4.0,4.0,4.0,5.0,4.0,4.0,4.0,3.0,4.0,4.0,3.0,4.0,5.0,5.0,4.0,3.0,5.0,5.0,4.0,3.0,3.0,3.0,4.0,3.0,3.0,4.0,3.0,4.0,4.0,3.0,4.0,3.0,4.0,4.0,4.0,5.0,5.0,4.0,4.0,4.0,4.0,3.0,4.0,3.0,4.0,5.0,4.0,5.0,5.0,5.0,5.0,3.0,4.0,4.0,4.0,4.0,5.0,4.0,4.0,5.0,4.0,3.0,5.0,3.0,3.0,4.0,4.0,3.0,4.0,4.0,5.0,3.0,4.0,5.0,3.0,3.0,4.0,4.0,3.0,3.0,5.0,4.0,3.0,3.0,4.0,4.0,3.0,5.0,4.0,4.0,5.0,5.0,5.0,4.0,3.0,3.0,4.0,4.0,,,,,,,,,,,,,,,,,,,,,,,,,,,,,,,,,,,,,,,,,,,,,,,,,,,,,,,,,,,,,,,,,,,,,,,,,,,,,,,,,,,,,,,,,,,,,,,,,,,,,,,,,,,,,,,,,,,,,,,,,,,,,,,,,,,,,,,,,,,,,,,,,,,,,,,Prolific
Not Disclosed,0,100,426,1,23,Male,10.0,3.0,7.0,6.0,17.0,9.0,23.0,20.0,4.0,19.0,8.0,12.0,26.0,21.0,15.0,16.0,18.0,14.0,27.0,25.0,1.0,29.0,28.0,24.0,5.0,11.0,22.0,13.0,30.0,2.0,5.0,5.0,5.0,5.0,5.0,5.0,5.0,5.0,5.0,5.0,5.0,5.0,5.0,5.0,5.0,5.0,5.0,5.0,5.0,5.0,5.0,5.0,5.0,5.0,5.0,5.0,5.0,5.0,5.0,5.0,5.0,5.0,5.0,5.0,5.0,5.0,5.0,5.0,5.0,5.0,5.0,5.0,5.0,5.0,5.0,5.0,5.0,5.0,5.0,5.0,5.0,5.0,5.0,5.0,5.0,5.0,5.0,5.0,5.0,5.0,5.0,5.0,5.0,5.0,5.0,5.0,5.0,5.0,5.0,5.0,5.0,5.0,5.0,5.0,5.0,5.0,5.0,5.0,5.0,5.0,5.0,5.0,5.0,5.0,5.0,5.0,5.0,5.0,5.0,5.0,5.0,5.0,5.0,5.0,5.0,5.0,5.0,5.0,5.0,5.0,5.0,5.0,5.0,5.0,5.0,5.0,5.0,5.0,5.0,5.0,5.0,5.0,5.0,5.0,5.0,5.0,5.0,5.0,5.0,5.0,10.0,3.0,7.0,6.0,17.0,9.0,23.0,20.0,4.0,19.0,8.0,12.0,26.0,21.0,15.0,16.0,18.0,14.0,27.0,25.0,1.0,29.0,28.0,24.0,5.0,11.0,22.0,13.0,30.0,2.0,5.0,5.0,5.0,5.0,5.0,5.0,5.0,5.0,5.0,5.0,5.0,5.0,5.0,5.0,5.0,5.0,5.0,5.0,5.0,5.0,5.0,5.0,5.0,5.0,5.0,5.0,5.0,5.0,5.0,5.0,5.0,5.0,5.0,5.0,5.0,5.0,5.0,5.0,5.0,5.0,5.0,5.0,5.0,5.0,5.0,5.0,5.0,5.0,5.0,5.0,5.0,5.0,5.0,5.0,5.0,5.0,5.0,5.0,5.0,5.0,5.0,5.0,5.0,5.0,5.0,5.0,5.0,5.0,5.0,5.0,5.0,5.0,5.0,5.0,5.0,5.0,5.0,5.0,5.0,5.0,5.0,5.0,5.0,5.0,5.0,5.0,5.0,5.0,5.0,5.0,5.0,5.0,5.0,5.0,5.0,5.0,5.0,5.0,5.0,5.0,5.0,5.0,5.0,5.0,5.0,5.0,5.0,5.0,5.0,5.0,5.0,5.0,5.0,5.0,5.0,5.0,5.0,5.0,5.0,5.0,,,,,,,,,,,,,,,,,,,,,,,,,,,,,,,,,,,,,,,,,,,,,,,,,,,,,,,,,,,,,,,,,,,,,,,,,,,,,,,,,,,,,,,,,,,,,,,,,,,,,,,,,,,,,,,,,,,,,,,,,,,,,,,,,,,,,,,,,,,,,,,,,,,,,,,Prolific
Not Disclosed,0,100,1053,1,24,Male,5.0,28.0,18.0,1.0,20.0,10.0,14.0,3.0,4.0,11.0,13.0,17.0,12.0,23.0,21.0,19.0,26.0,8.0,6.0,25.0,30.0,9.0,24.0,15.0,16.0,29.0,2.0,27.0,7.0,22.0,4.0,4.0,3.0,4.0,5.0,5.0,5.0,5.0,5.0,4.0,4.0,3.0,4.0,3.0,5.0,3.0,3.0,4.0,4.0,4.0,5.0,3.0,4.0,3.0,4.0,3.0,5.0,2.0,4.0,3.0,5.0,4.0,3.0,5.0,4.0,5.0,5.0,5.0,5.0,4.0,5.0,3.0,5.0,5.0,4.0,4.0,5.0,3.0,5.0,4.0,5.0,5.0,4.0,2.0,4.0,4.0,5.0,3.0,4.0,4.0,5.0,2.0,2.0,5.0,4.0,5.0,5.0,5.0,5.0,5.0,4.0,4.0,4.0,2.0,4.0,4.0,5.0,5.0,5.0,4.0,5.0,5.0,4.0,2.0,4.0,5.0,5.0,4.0,4.0,5.0,5.0,2.0,2.0,5.0,5.0,5.0,5.0,5.0,5.0,4.0,5.0,5.0,4.0,5.0,4.0,4.0,4.0,4.0,5.0,3.0,5.0,5.0,5.0,2.0,5.0,5.0,5.0,4.0,4.0,5.0,5.0,28.0,18.0,1.0,20.0,10.0,14.0,3.0,4.0,11.0,13.0,17.0,12.0,23.0,21.0,19.0,26.0,8.0,6.0,25.0,30.0,9.0,24.0,15.0,16.0,29.0,2.0,27.0,7.0,22.0,4.0,4.0,3.0,4.0,5.0,5.0,5.0,5.0,5.0,4.0,4.0,3.0,4.0,3.0,5.0,3.0,3.0,4.0,4.0,4.0,5.0,3.0,4.0,3.0,4.0,3.0,5.0,2.0,4.0,3.0,5.0,4.0,3.0,5.0,4.0,5.0,5.0,5.0,5.0,4.0,5.0,3.0,5.0,5.0,4.0,4.0,5.0,3.0,5.0,4.0,5.0,5.0,4.0,2.0,4.0,4.0,5.0,3.0,4.0,4.0,5.0,2.0,2.0,5.0,4.0,5.0,5.0,5.0,5.0,5.0,4.0,4.0,4.0,2.0,4.0,4.0,5.0,5.0,5.0,4.0,5.0,5.0,4.0,2.0,4.0,5.0,5.0,4.0,4.0,5.0,5.0,2.0,2.0,5.0,5.0,5.0,5.0,5.0,5.0,4.0,5.0,5.0,4.0,5.0,4.0,4.0,4.0,4.0,5.0,3.0,5.0,5.0,5.0,2.0,5.0,5.0,5.0,4.0,4.0,5.0,,,,,,,,,,,,,,,,,,,,,,,,,,,,,,,,,,,,,,,,,,,,,,,,,,,,,,,,,,,,,,,,,,,,,,,,,,,,,,,,,,,,,,,,,,,,,,,,,,,,,,,,,,,,,,,,,,,,,,,,,,,,,,,,,,,,,,,,,,,,,,,,,,,,,,,Prolific
Disclosed,0,100,687,1,19,Prefer not to say,4.0,5.0,18.0,23.0,13.0,25.0,26.0,8.0,10.0,27.0,16.0,15.0,7.0,12.0,28.0,17.0,29.0,19.0,2.0,20.0,9.0,22.0,3.0,11.0,6.0,30.0,24.0,14.0,1.0,21.0,5.0,5.0,5.0,4.0,5.0,5.0,5.0,5.0,5.0,5.0,5.0,5.0,5.0,5.0,5.0,5.0,5.0,5.0,5.0,5.0,5.0,5.0,5.0,5.0,5.0,5.0,5.0,5.0,5.0,5.0,5.0,5.0,5.0,5.0,5.0,5.0,5.0,5.0,5.0,5.0,5.0,5.0,5.0,5.0,5.0,5.0,5.0,5.0,5.0,5.0,5.0,5.0,5.0,5.0,5.0,5.0,5.0,4.0,5.0,5.0,5.0,5.0,5.0,5.0,5.0,5.0,5.0,5.0,5.0,5.0,5.0,5.0,5.0,5.0,5.0,5.0,5.0,4.0,5.0,5.0,5.0,5.0,5.0,5.0,5.0,5.0,5.0,5.0,5.0,5.0,5.0,5.0,5.0,5.0,5.0,5.0,5.0,4.0,5.0,5.0,5.0,5.0,5.0,5.0,5.0,4.0,5.0,5.0,5.0,5.0,5.0,4.0,5.0,5.0,5.0,5.0,5.0,5.0,5.0,5.0,,,,,,,,,,,,,,,,,,,,,,,,,,,,,,,,,,,,,,,,,,,,,,,,,,,,,,,,,,,,,,,,,,,,,,,,,,,,,,,,,,,,,,,,,,,,,,,,,,,,,,,,,,,,,,,,,,,,,,,,,,,,,,,,,,,,,,,,,,,,,,,,,,,,,,,4.0,5.0,18.0,23.0,13.0,25.0,26.0,8.0,10.0,27.0,16.0,15.0,7.0,12.0,28.0,17.0,29.0,19.0,2.0,20.0,9.0,22.0,3.0,11.0,6.0,30.0,24.0,14.0,1.0,21.0,5.0,5.0,5.0,4.0,5.0,5.0,5.0,5.0,5.0,5.0,5.0,5.0,5.0,5.0,5.0,5.0,5.0,5.0,5.0,5.0,5.0,5.0,5.0,5.0,5.0,5.0,5.0,5.0,5.0,5.0,5.0,5.0,5.0,5.0,5.0,5.0,5.0,5.0,5.0,5.0,5.0,5.0,5.0,5.0,5.0,5.0,5.0,5.0,5.0,5.0,5.0,5.0,5.0,5.0,5.0,5.0,5.0,4.0,5.0,5.0,5.0,5.0,5.0,5.0,5.0,5.0,5.0,5.0,5.0,5.0,5.0,5.0,5.0,5.0,5.0,5.0,5.0,4.0,5.0,5.0,5.0,5.0,5.0,5.0,5.0,5.0,5.0,5.0,5.0,5.0,5.0,5.0,5.0,5.0,5.0,5.0,5.0,4.0,5.0,5.0,5.0,5.0,5.0,5.0,5.0,4.0,5.0,5.0,5.0,5.0,5.0,4.0,5.0,5.0,5.0,5.0,5.0,5.0,5.0,5.0,Prolific
Not Disclosed,0,100,1010,1,24,Male,13.0,8.0,4.0,5.0,11.0,2.0,6.0,12.0,19.0,26.0,1.0,27.0,17.0,14.0,9.0,21.0,7.0,28.0,3.0,25.0,10.0,30.0,20.0,22.0,29.0,18.0,15.0,16.0,23.0,24.0,5.0,3.0,5.0,5.0,5.0,5.0,5.0,5.0,5.0,5.0,5.0,3.0,4.0,5.0,5.0,1.0,3.0,1.0,5.0,5.0,5.0,2.0,1.0,3.0,5.0,4.0,5.0,4.0,5.0,3.0,5.0,4.0,4.0,5.0,5.0,5.0,5.0,5.0,5.0,5.0,5.0,2.0,4.0,4.0,5.0,1.0,4.0,1.0,5.0,5.0,5.0,3.0,1.0,4.0,5.0,5.0,5.0,2.0,5.0,1.0,5.0,5.0,4.0,5.0,5.0,5.0,5.0,5.0,5.0,5.0,5.0,2.0,3.0,4.0,4.0,1.0,4.0,1.0,5.0,4.0,4.0,2.0,4.0,5.0,5.0,4.0,5.0,4.0,5.0,1.0,5.0,5.0,5.0,5.0,5.0,5.0,5.0,5.0,5.0,5.0,5.0,4.0,4.0,5.0,5.0,3.0,4.0,1.0,5.0,4.0,5.0,3.0,4.0,4.0,5.0,4.0,5.0,4.0,5.0,4.0,13.0,8.0,4.0,5.0,11.0,2.0,6.0,12.0,19.0,26.0,1.0,27.0,17.0,14.0,9.0,21.0,7.0,28.0,3.0,25.0,10.0,30.0,20.0,22.0,29.0,18.0,15.0,16.0,23.0,24.0,5.0,3.0,5.0,5.0,5.0,5.0,5.0,5.0,5.0,5.0,5.0,3.0,4.0,5.0,5.0,1.0,3.0,1.0,5.0,5.0,5.0,2.0,1.0,3.0,5.0,4.0,5.0,4.0,5.0,3.0,5.0,4.0,4.0,5.0,5.0,5.0,5.0,5.0,5.0,5.0,5.0,2.0,4.0,4.0,5.0,1.0,4.0,1.0,5.0,5.0,5.0,3.0,1.0,4.0,5.0,5.0,5.0,2.0,5.0,1.0,5.0,5.0,4.0,5.0,5.0,5.0,5.0,5.0,5.0,5.0,5.0,2.0,3.0,4.0,4.0,1.0,4.0,1.0,5.0,4.0,4.0,2.0,4.0,5.0,5.0,4.0,5.0,4.0,5.0,1.0,5.0,5.0,5.0,5.0,5.0,5.0,5.0,5.0,5.0,5.0,5.0,4.0,4.0,5.0,5.0,3.0,4.0,1.0,5.0,4.0,5.0,3.0,4.0,4.0,5.0,4.0,5.0,4.0,5.0,4.0,,,,,,,,,,,,,,,,,,,,,,,,,,,,,,,,,,,,,,,,,,,,,,,,,,,,,,,,,,,,,,,,,,,,,,,,,,,,,,,,,,,,,,,,,,,,,,,,,,,,,,,,,,,,,,,,,,,,,,,,,,,,,,,,,,,,,,,,,,,,,,,,,,,,,,,Prolific
Not Disclosed,0,100,984,1,23,Male,9.0,29.0,19.0,17.0,3.0,5.0,6.0,7.0,14.0,13.0,20.0,10.0,1.0,12.0,15.0,28.0,26.0,30.0,27.0,8.0,21.0,25.0,23.0,4.0,24.0,11.0,2.0,16.0,22.0,18.0,5.0,3.0,2.0,4.0,3.0,2.0,3.0,3.0,4.0,5.0,1.0,2.0,3.0,4.0,3.0,4.0,4.0,3.0,4.0,2.0,5.0,4.0,4.0,3.0,4.0,3.0,3.0,4.0,5.0,5.0,2.0,3.0,4.0,3.0,3.0,4.0,4.0,3.0,3.0,5.0,3.0,5.0,2.0,2.0,4.0,2.0,2.0,4.0,5.0,3.0,3.0,3.0,3.0,4.0,3.0,4.0,3.0,2.0,4.0,3.0,4.0,5.0,2.0,4.0,3.0,3.0,4.0,3.0,3.0,5.0,2.0,3.0,5.0,1.0,2.0,3.0,4.0,2.0,4.0,3.0,2.0,3.0,3.0,5.0,4.0,4.0,2.0,2.0,2.0,2.0,5.0,3.0,4.0,2.0,3.0,4.0,5.0,3.0,3.0,2.0,4.0,2.0,3.0,2.0,5.0,2.0,2.0,4.0,4.0,3.0,2.0,3.0,3.0,2.0,3.0,5.0,4.0,4.0,3.0,4.0,9.0,29.0,19.0,17.0,3.0,5.0,6.0,7.0,14.0,13.0,20.0,10.0,1.0,12.0,15.0,28.0,26.0,30.0,27.0,8.0,21.0,25.0,23.0,4.0,24.0,11.0,2.0,16.0,22.0,18.0,5.0,3.0,2.0,4.0,3.0,2.0,3.0,3.0,4.0,5.0,1.0,2.0,3.0,4.0,3.0,4.0,4.0,3.0,4.0,2.0,5.0,4.0,4.0,3.0,4.0,3.0,3.0,4.0,5.0,5.0,2.0,3.0,4.0,3.0,3.0,4.0,4.0,3.0,3.0,5.0,3.0,5.0,2.0,2.0,4.0,2.0,2.0,4.0,5.0,3.0,3.0,3.0,3.0,4.0,3.0,4.0,3.0,2.0,4.0,3.0,4.0,5.0,2.0,4.0,3.0,3.0,4.0,3.0,3.0,5.0,2.0,3.0,5.0,1.0,2.0,3.0,4.0,2.0,4.0,3.0,2.0,3.0,3.0,5.0,4.0,4.0,2.0,2.0,2.0,2.0,5.0,3.0,4.0,2.0,3.0,4.0,5.0,3.0,3.0,2.0,4.0,2.0,3.0,2.0,5.0,2.0,2.0,4.0,4.0,3.0,2.0,3.0,3.0,2.0,3.0,5.0,4.0,4.0,3.0,4.0,,,,,,,,,,,,,,,,,,,,,,,,,,,,,,,,,,,,,,,,,,,,,,,,,,,,,,,,,,,,,,,,,,,,,,,,,,,,,,,,,,,,,,,,,,,,,,,,,,,,,,,,,,,,,,,,,,,,,,,,,,,,,,,,,,,,,,,,,,,,,,,,,,,,,,,Prolific
Disclosed,0,100,1820,1,24,Male,4.0,26.0,14.0,23.0,21.0,9.0,20.0,3.0,5.0,22.0,30.0,15.0,29.0,8.0,27.0,25.0,16.0,24.0,6.0,17.0,7.0,13.0,28.0,2.0,18.0,11.0,1.0,19.0,12.0,10.0,5.0,4.0,2.0,4.0,4.0,4.0,5.0,4.0,4.0,2.0,4.0,3.0,4.0,2.0,5.0,2.0,4.0,2.0,4.0,3.0,3.0,4.0,2.0,2.0,4.0,3.0,5.0,2.0,5.0,4.0,5.0,3.0,3.0,4.0,4.0,4.0,5.0,5.0,5.0,3.0,4.0,2.0,2.0,3.0,4.0,2.0,3.0,2.0,5.0,4.0,4.0,4.0,3.0,2.0,4.0,4.0,5.0,4.0,4.0,4.0,4.0,3.0,3.0,4.0,4.0,4.0,5.0,4.0,4.0,3.0,4.0,2.0,3.0,2.0,4.0,2.0,4.0,2.0,4.0,2.0,4.0,4.0,2.0,2.0,4.0,4.0,4.0,2.0,4.0,2.0,4.0,4.0,3.0,4.0,4.0,3.0,5.0,4.0,4.0,3.0,4.0,2.0,3.0,2.0,3.0,2.0,4.0,2.0,4.0,4.0,4.0,4.0,4.0,2.0,2.0,4.0,5.0,4.0,3.0,3.0,,,,,,,,,,,,,,,,,,,,,,,,,,,,,,,,,,,,,,,,,,,,,,,,,,,,,,,,,,,,,,,,,,,,,,,,,,,,,,,,,,,,,,,,,,,,,,,,,,,,,,,,,,,,,,,,,,,,,,,,,,,,,,,,,,,,,,,,,,,,,,,,,,,,,,,4.0,26.0,14.0,23.0,21.0,9.0,20.0,3.0,5.0,22.0,30.0,15.0,29.0,8.0,27.0,25.0,16.0,24.0,6.0,17.0,7.0,13.0,28.0,2.0,18.0,11.0,1.0,19.0,12.0,10.0,5.0,4.0,2.0,4.0,4.0,4.0,5.0,4.0,4.0,2.0,4.0,3.0,4.0,2.0,5.0,2.0,4.0,2.0,4.0,3.0,3.0,4.0,2.0,2.0,4.0,3.0,5.0,2.0,5.0,4.0,5.0,3.0,3.0,4.0,4.0,4.0,5.0,5.0,5.0,3.0,4.0,2.0,2.0,3.0,4.0,2.0,3.0,2.0,5.0,4.0,4.0,4.0,3.0,2.0,4.0,4.0,5.0,4.0,4.0,4.0,4.0,3.0,3.0,4.0,4.0,4.0,5.0,4.0,4.0,3.0,4.0,2.0,3.0,2.0,4.0,2.0,4.0,2.0,4.0,2.0,4.0,4.0,2.0,2.0,4.0,4.0,4.0,2.0,4.0,2.0,4.0,4.0,3.0,4.0,4.0,3.0,5.0,4.0,4.0,3.0,4.0,2.0,3.0,2.0,3.0,2.0,4.0,2.0,4.0,4.0,4.0,4.0,4.0,2.0,2.0,4.0,5.0,4.0,3.0,3.0,Prolific
Disclosed,0,100,1095,1,22,Male,16.0,24.0,17.0,18.0,3.0,7.0,13.0,20.0,15.0,8.0,11.0,10.0,26.0,19.0,14.0,4.0,22.0,6.0,1.0,21.0,12.0,27.0,5.0,30.0,28.0,2.0,25.0,9.0,23.0,29.0,5.0,2.0,2.0,5.0,5.0,5.0,2.0,5.0,5.0,4.0,5.0,4.0,4.0,3.0,2.0,4.0,3.0,4.0,4.0,4.0,5.0,4.0,4.0,4.0,2.0,5.0,5.0,4.0,5.0,3.0,5.0,2.0,2.0,4.0,4.0,4.0,5.0,5.0,5.0,4.0,4.0,1.0,2.0,2.0,4.0,4.0,4.0,2.0,5.0,5.0,5.0,4.0,4.0,2.0,3.0,2.0,3.0,1.0,5.0,3.0,4.0,2.0,2.0,4.0,4.0,4.0,5.0,4.0,5.0,4.0,5.0,4.0,2.0,2.0,5.0,2.0,4.0,2.0,2.0,5.0,4.0,4.0,4.0,2.0,3.0,5.0,4.0,3.0,4.0,2.0,5.0,2.0,2.0,4.0,4.0,4.0,5.0,5.0,4.0,3.0,5.0,4.0,4.0,4.0,4.0,4.0,5.0,2.0,5.0,5.0,4.0,4.0,5.0,2.0,3.0,5.0,3.0,2.0,5.0,2.0,,,,,,,,,,,,,,,,,,,,,,,,,,,,,,,,,,,,,,,,,,,,,,,,,,,,,,,,,,,,,,,,,,,,,,,,,,,,,,,,,,,,,,,,,,,,,,,,,,,,,,,,,,,,,,,,,,,,,,,,,,,,,,,,,,,,,,,,,,,,,,,,,,,,,,,16.0,24.0,17.0,18.0,3.0,7.0,13.0,20.0,15.0,8.0,11.0,10.0,26.0,19.0,14.0,4.0,22.0,6.0,1.0,21.0,12.0,27.0,5.0,30.0,28.0,2.0,25.0,9.0,23.0,29.0,5.0,2.0,2.0,5.0,5.0,5.0,2.0,5.0,5.0,4.0,5.0,4.0,4.0,3.0,2.0,4.0,3.0,4.0,4.0,4.0,5.0,4.0,4.0,4.0,2.0,5.0,5.0,4.0,5.0,3.0,5.0,2.0,2.0,4.0,4.0,4.0,5.0,5.0,5.0,4.0,4.0,1.0,2.0,2.0,4.0,4.0,4.0,2.0,5.0,5.0,5.0,4.0,4.0,2.0,3.0,2.0,3.0,1.0,5.0,3.0,4.0,2.0,2.0,4.0,4.0,4.0,5.0,4.0,5.0,4.0,5.0,4.0,2.0,2.0,5.0,2.0,4.0,2.0,2.0,5.0,4.0,4.0,4.0,2.0,3.0,5.0,4.0,3.0,4.0,2.0,5.0,2.0,2.0,4.0,4.0,4.0,5.0,5.0,4.0,3.0,5.0,4.0,4.0,4.0,4.0,4.0,5.0,2.0,5.0,5.0,4.0,4.0,5.0,2.0,3.0,5.0,3.0,2.0,5.0,2.0,Prolific
Disclosed,0,100,1286,1,21,Male,18.0,3.0,4.0,16.0,25.0,13.0,17.0,21.0,15.0,22.0,27.0,20.0,28.0,11.0,8.0,10.0,12.0,30.0,23.0,7.0,29.0,2.0,9.0,14.0,24.0,26.0,19.0,5.0,1.0,6.0,4.0,4.0,4.0,5.0,5.0,4.0,4.0,5.0,4.0,4.0,4.0,1.0,4.0,4.0,4.0,4.0,5.0,3.0,4.0,4.0,5.0,5.0,4.0,3.0,5.0,4.0,4.0,2.0,5.0,4.0,4.0,3.0,4.0,4.0,4.0,5.0,4.0,5.0,4.0,4.0,5.0,4.0,4.0,5.0,4.0,5.0,5.0,3.0,5.0,5.0,5.0,4.0,4.0,4.0,5.0,4.0,4.0,2.0,4.0,4.0,5.0,4.0,2.0,4.0,4.0,4.0,5.0,4.0,5.0,4.0,5.0,2.0,2.0,3.0,4.0,3.0,5.0,1.0,5.0,4.0,4.0,4.0,4.0,4.0,5.0,4.0,5.0,1.0,5.0,4.0,4.0,4.0,4.0,5.0,4.0,4.0,4.0,5.0,5.0,3.0,5.0,2.0,4.0,4.0,4.0,4.0,5.0,3.0,5.0,4.0,4.0,5.0,4.0,4.0,5.0,4.0,5.0,2.0,5.0,3.0,,,,,,,,,,,,,,,,,,,,,,,,,,,,,,,,,,,,,,,,,,,,,,,,,,,,,,,,,,,,,,,,,,,,,,,,,,,,,,,,,,,,,,,,,,,,,,,,,,,,,,,,,,,,,,,,,,,,,,,,,,,,,,,,,,,,,,,,,,,,,,,,,,,,,,,18.0,3.0,4.0,16.0,25.0,13.0,17.0,21.0,15.0,22.0,27.0,20.0,28.0,11.0,8.0,10.0,12.0,30.0,23.0,7.0,29.0,2.0,9.0,14.0,24.0,26.0,19.0,5.0,1.0,6.0,4.0,4.0,4.0,5.0,5.0,4.0,4.0,5.0,4.0,4.0,4.0,1.0,4.0,4.0,4.0,4.0,5.0,3.0,4.0,4.0,5.0,5.0,4.0,3.0,5.0,4.0,4.0,2.0,5.0,4.0,4.0,3.0,4.0,4.0,4.0,5.0,4.0,5.0,4.0,4.0,5.0,4.0,4.0,5.0,4.0,5.0,5.0,3.0,5.0,5.0,5.0,4.0,4.0,4.0,5.0,4.0,4.0,2.0,4.0,4.0,5.0,4.0,2.0,4.0,4.0,4.0,5.0,4.0,5.0,4.0,5.0,2.0,2.0,3.0,4.0,3.0,5.0,1.0,5.0,4.0,4.0,4.0,4.0,4.0,5.0,4.0,5.0,1.0,5.0,4.0,4.0,4.0,4.0,5.0,4.0,4.0,4.0,5.0,5.0,3.0,5.0,2.0,4.0,4.0,4.0,4.0,5.0,3.0,5.0,4.0,4.0,5.0,4.0,4.0,5.0,4.0,5.0,2.0,5.0,3.0,Prolific
Disclosed,0,100,464,1,21,Male,17.0,8.0,18.0,12.0,27.0,6.0,13.0,19.0,30.0,9.0,20.0,22.0,21.0,10.0,26.0,3.0,16.0,2.0,15.0,14.0,4.0,7.0,24.0,29.0,11.0,5.0,25.0,1.0,28.0,23.0,2.0,4.0,5.0,5.0,4.0,4.0,4.0,3.0,4.0,5.0,5.0,4.0,4.0,5.0,4.0,5.0,3.0,5.0,4.0,5.0,5.0,2.0,5.0,4.0,4.0,4.0,3.0,2.0,5.0,5.0,5.0,5.0,3.0,5.0,5.0,5.0,4.0,4.0,4.0,4.0,5.0,4.0,5.0,3.0,4.0,2.0,5.0,5.0,4.0,4.0,3.0,4.0,4.0,4.0,4.0,3.0,3.0,2.0,3.0,5.0,1.0,5.0,5.0,3.0,3.0,5.0,5.0,5.0,3.0,4.0,4.0,4.0,4.0,5.0,4.0,3.0,4.0,4.0,4.0,5.0,3.0,5.0,5.0,4.0,4.0,4.0,2.0,3.0,5.0,4.0,4.0,3.0,3.0,5.0,4.0,5.0,5.0,5.0,5.0,4.0,3.0,5.0,4.0,3.0,4.0,3.0,2.0,2.0,3.0,4.0,4.0,5.0,5.0,5.0,4.0,4.0,4.0,2.0,5.0,4.0,,,,,,,,,,,,,,,,,,,,,,,,,,,,,,,,,,,,,,,,,,,,,,,,,,,,,,,,,,,,,,,,,,,,,,,,,,,,,,,,,,,,,,,,,,,,,,,,,,,,,,,,,,,,,,,,,,,,,,,,,,,,,,,,,,,,,,,,,,,,,,,,,,,,,,,17.0,8.0,18.0,12.0,27.0,6.0,13.0,19.0,30.0,9.0,20.0,22.0,21.0,10.0,26.0,3.0,16.0,2.0,15.0,14.0,4.0,7.0,24.0,29.0,11.0,5.0,25.0,1.0,28.0,23.0,2.0,4.0,5.0,5.0,4.0,4.0,4.0,3.0,4.0,5.0,5.0,4.0,4.0,5.0,4.0,5.0,3.0,5.0,4.0,5.0,5.0,2.0,5.0,4.0,4.0,4.0,3.0,2.0,5.0,5.0,5.0,5.0,3.0,5.0,5.0,5.0,4.0,4.0,4.0,4.0,5.0,4.0,5.0,3.0,4.0,2.0,5.0,5.0,4.0,4.0,3.0,4.0,4.0,4.0,4.0,3.0,3.0,2.0,3.0,5.0,1.0,5.0,5.0,3.0,3.0,5.0,5.0,5.0,3.0,4.0,4.0,4.0,4.0,5.0,4.0,3.0,4.0,4.0,4.0,5.0,3.0,5.0,5.0,4.0,4.0,4.0,2.0,3.0,5.0,4.0,4.0,3.0,3.0,5.0,4.0,5.0,5.0,5.0,5.0,4.0,3.0,5.0,4.0,3.0,4.0,3.0,2.0,2.0,3.0,4.0,4.0,5.0,5.0,5.0,4.0,4.0,4.0,2.0,5.0,4.0,Prolific
Disclosed,0,100,953,1,23,Male,12.0,6.0,4.0,21.0,22.0,2.0,15.0,16.0,18.0,26.0,7.0,20.0,25.0,10.0,28.0,24.0,3.0,23.0,27.0,14.0,17.0,30.0,19.0,9.0,13.0,5.0,11.0,29.0,1.0,8.0,3.0,4.0,5.0,3.0,5.0,2.0,5.0,4.0,5.0,4.0,5.0,2.0,1.0,5.0,4.0,3.0,2.0,2.0,3.0,3.0,4.0,1.0,4.0,4.0,5.0,4.0,4.0,2.0,5.0,4.0,5.0,3.0,4.0,2.0,3.0,3.0,5.0,4.0,4.0,5.0,4.0,4.0,1.0,4.0,4.0,3.0,2.0,3.0,4.0,5.0,2.0,1.0,4.0,2.0,5.0,4.0,5.0,4.0,5.0,1.0,4.0,4.0,3.0,4.0,5.0,5.0,5.0,4.0,4.0,4.0,5.0,2.0,4.0,3.0,5.0,2.0,3.0,3.0,4.0,4.0,4.0,3.0,5.0,3.0,3.0,5.0,4.0,5.0,5.0,5.0,5.0,2.0,4.0,4.0,4.0,5.0,4.0,3.0,5.0,5.0,5.0,2.0,5.0,4.0,4.0,2.0,1.0,2.0,4.0,4.0,4.0,3.0,4.0,4.0,4.0,4.0,4.0,4.0,5.0,5.0,,,,,,,,,,,,,,,,,,,,,,,,,,,,,,,,,,,,,,,,,,,,,,,,,,,,,,,,,,,,,,,,,,,,,,,,,,,,,,,,,,,,,,,,,,,,,,,,,,,,,,,,,,,,,,,,,,,,,,,,,,,,,,,,,,,,,,,,,,,,,,,,,,,,,,,12.0,6.0,4.0,21.0,22.0,2.0,15.0,16.0,18.0,26.0,7.0,20.0,25.0,10.0,28.0,24.0,3.0,23.0,27.0,14.0,17.0,30.0,19.0,9.0,13.0,5.0,11.0,29.0,1.0,8.0,3.0,4.0,5.0,3.0,5.0,2.0,5.0,4.0,5.0,4.0,5.0,2.0,1.0,5.0,4.0,3.0,2.0,2.0,3.0,3.0,4.0,1.0,4.0,4.0,5.0,4.0,4.0,2.0,5.0,4.0,5.0,3.0,4.0,2.0,3.0,3.0,5.0,4.0,4.0,5.0,4.0,4.0,1.0,4.0,4.0,3.0,2.0,3.0,4.0,5.0,2.0,1.0,4.0,2.0,5.0,4.0,5.0,4.0,5.0,1.0,4.0,4.0,3.0,4.0,5.0,5.0,5.0,4.0,4.0,4.0,5.0,2.0,4.0,3.0,5.0,2.0,3.0,3.0,4.0,4.0,4.0,3.0,5.0,3.0,3.0,5.0,4.0,5.0,5.0,5.0,5.0,2.0,4.0,4.0,4.0,5.0,4.0,3.0,5.0,5.0,5.0,2.0,5.0,4.0,4.0,2.0,1.0,2.0,4.0,4.0,4.0,3.0,4.0,4.0,4.0,4.0,4.0,4.0,5.0,5.0,Prolific
Disclosed,0,100,1207,1,20,Male,24.0,2.0,7.0,18.0,5.0,4.0,8.0,9.0,15.0,14.0,11.0,26.0,27.0,25.0,19.0,30.0,28.0,20.0,16.0,12.0,6.0,10.0,29.0,22.0,23.0,13.0,17.0,21.0,1.0,3.0,5.0,5.0,5.0,5.0,5.0,5.0,5.0,5.0,5.0,5.0,5.0,5.0,5.0,5.0,5.0,5.0,5.0,5.0,5.0,5.0,5.0,5.0,5.0,5.0,5.0,5.0,5.0,5.0,5.0,5.0,5.0,5.0,5.0,5.0,5.0,5.0,5.0,5.0,5.0,5.0,5.0,5.0,5.0,5.0,5.0,5.0,5.0,5.0,5.0,5.0,5.0,5.0,5.0,5.0,5.0,5.0,5.0,5.0,5.0,5.0,5.0,5.0,5.0,5.0,5.0,5.0,5.0,5.0,5.0,5.0,5.0,5.0,5.0,5.0,5.0,5.0,5.0,5.0,5.0,5.0,5.0,5.0,5.0,5.0,5.0,5.0,5.0,5.0,5.0,5.0,5.0,5.0,5.0,5.0,5.0,5.0,5.0,5.0,5.0,5.0,5.0,5.0,5.0,5.0,5.0,5.0,5.0,5.0,5.0,5.0,5.0,5.0,5.0,5.0,5.0,5.0,5.0,5.0,5.0,5.0,,,,,,,,,,,,,,,,,,,,,,,,,,,,,,,,,,,,,,,,,,,,,,,,,,,,,,,,,,,,,,,,,,,,,,,,,,,,,,,,,,,,,,,,,,,,,,,,,,,,,,,,,,,,,,,,,,,,,,,,,,,,,,,,,,,,,,,,,,,,,,,,,,,,,,,24.0,2.0,7.0,18.0,5.0,4.0,8.0,9.0,15.0,14.0,11.0,26.0,27.0,25.0,19.0,30.0,28.0,20.0,16.0,12.0,6.0,10.0,29.0,22.0,23.0,13.0,17.0,21.0,1.0,3.0,5.0,5.0,5.0,5.0,5.0,5.0,5.0,5.0,5.0,5.0,5.0,5.0,5.0,5.0,5.0,5.0,5.0,5.0,5.0,5.0,5.0,5.0,5.0,5.0,5.0,5.0,5.0,5.0,5.0,5.0,5.0,5.0,5.0,5.0,5.0,5.0,5.0,5.0,5.0,5.0,5.0,5.0,5.0,5.0,5.0,5.0,5.0,5.0,5.0,5.0,5.0,5.0,5.0,5.0,5.0,5.0,5.0,5.0,5.0,5.0,5.0,5.0,5.0,5.0,5.0,5.0,5.0,5.0,5.0,5.0,5.0,5.0,5.0,5.0,5.0,5.0,5.0,5.0,5.0,5.0,5.0,5.0,5.0,5.0,5.0,5.0,5.0,5.0,5.0,5.0,5.0,5.0,5.0,5.0,5.0,5.0,5.0,5.0,5.0,5.0,5.0,5.0,5.0,5.0,5.0,5.0,5.0,5.0,5.0,5.0,5.0,5.0,5.0,5.0,5.0,5.0,5.0,5.0,5.0,5.0,Prolific
Not Disclosed,0,100,796,1,20,Male,3.0,26.0,9.0,24.0,13.0,21.0,11.0,6.0,5.0,12.0,8.0,14.0,27.0,1.0,2.0,10.0,16.0,25.0,19.0,18.0,22.0,30.0,29.0,17.0,23.0,15.0,20.0,4.0,28.0,7.0,5.0,5.0,5.0,5.0,5.0,5.0,5.0,5.0,5.0,5.0,5.0,4.0,5.0,5.0,5.0,4.0,5.0,4.0,5.0,5.0,5.0,5.0,5.0,5.0,4.0,5.0,5.0,4.0,5.0,3.0,5.0,5.0,5.0,5.0,5.0,5.0,5.0,5.0,5.0,5.0,5.0,5.0,5.0,4.0,5.0,3.0,5.0,4.0,5.0,5.0,5.0,4.0,5.0,5.0,4.0,5.0,5.0,4.0,5.0,5.0,5.0,5.0,5.0,5.0,5.0,5.0,5.0,5.0,5.0,5.0,5.0,4.0,5.0,5.0,5.0,5.0,5.0,4.0,5.0,5.0,5.0,5.0,5.0,5.0,5.0,5.0,5.0,4.0,5.0,5.0,5.0,5.0,5.0,5.0,5.0,5.0,5.0,5.0,5.0,5.0,5.0,4.0,5.0,5.0,5.0,4.0,5.0,3.0,5.0,3.0,5.0,5.0,5.0,4.0,4.0,5.0,5.0,4.0,5.0,4.0,3.0,26.0,9.0,24.0,13.0,21.0,11.0,6.0,5.0,12.0,8.0,14.0,27.0,1.0,2.0,10.0,16.0,25.0,19.0,18.0,22.0,30.0,29.0,17.0,23.0,15.0,20.0,4.0,28.0,7.0,5.0,5.0,5.0,5.0,5.0,5.0,5.0,5.0,5.0,5.0,5.0,4.0,5.0,5.0,5.0,4.0,5.0,4.0,5.0,5.0,5.0,5.0,5.0,5.0,4.0,5.0,5.0,4.0,5.0,3.0,5.0,5.0,5.0,5.0,5.0,5.0,5.0,5.0,5.0,5.0,5.0,5.0,5.0,4.0,5.0,3.0,5.0,4.0,5.0,5.0,5.0,4.0,5.0,5.0,4.0,5.0,5.0,4.0,5.0,5.0,5.0,5.0,5.0,5.0,5.0,5.0,5.0,5.0,5.0,5.0,5.0,4.0,5.0,5.0,5.0,5.0,5.0,4.0,5.0,5.0,5.0,5.0,5.0,5.0,5.0,5.0,5.0,4.0,5.0,5.0,5.0,5.0,5.0,5.0,5.0,5.0,5.0,5.0,5.0,5.0,5.0,4.0,5.0,5.0,5.0,4.0,5.0,3.0,5.0,3.0,5.0,5.0,5.0,4.0,4.0,5.0,5.0,4.0,5.0,4.0,,,,,,,,,,,,,,,,,,,,,,,,,,,,,,,,,,,,,,,,,,,,,,,,,,,,,,,,,,,,,,,,,,,,,,,,,,,,,,,,,,,,,,,,,,,,,,,,,,,,,,,,,,,,,,,,,,,,,,,,,,,,,,,,,,,,,,,,,,,,,,,,,,,,,,,Prolific
Disclosed,0,100,471,1,20,Female,5.0,13.0,11.0,26.0,9.0,14.0,12.0,20.0,7.0,10.0,25.0,16.0,27.0,15.0,28.0,23.0,4.0,1.0,19.0,21.0,3.0,24.0,22.0,2.0,18.0,6.0,30.0,8.0,29.0,17.0,4.0,5.0,5.0,5.0,5.0,5.0,5.0,5.0,5.0,5.0,5.0,5.0,5.0,5.0,5.0,5.0,5.0,5.0,5.0,5.0,5.0,5.0,5.0,5.0,5.0,5.0,5.0,5.0,5.0,5.0,5.0,5.0,5.0,5.0,5.0,5.0,5.0,5.0,5.0,5.0,5.0,5.0,5.0,5.0,5.0,5.0,5.0,5.0,5.0,5.0,5.0,5.0,5.0,5.0,5.0,5.0,5.0,5.0,5.0,5.0,4.0,5.0,5.0,5.0,4.0,4.0,5.0,5.0,5.0,5.0,5.0,4.0,5.0,5.0,4.0,5.0,5.0,4.0,5.0,5.0,5.0,5.0,5.0,4.0,4.0,5.0,5.0,5.0,4.0,5.0,4.0,4.0,4.0,4.0,4.0,4.0,4.0,4.0,4.0,4.0,5.0,5.0,5.0,4.0,4.0,5.0,4.0,4.0,4.0,4.0,5.0,5.0,5.0,4.0,4.0,5.0,4.0,5.0,4.0,4.0,,,,,,,,,,,,,,,,,,,,,,,,,,,,,,,,,,,,,,,,,,,,,,,,,,,,,,,,,,,,,,,,,,,,,,,,,,,,,,,,,,,,,,,,,,,,,,,,,,,,,,,,,,,,,,,,,,,,,,,,,,,,,,,,,,,,,,,,,,,,,,,,,,,,,,,5.0,13.0,11.0,26.0,9.0,14.0,12.0,20.0,7.0,10.0,25.0,16.0,27.0,15.0,28.0,23.0,4.0,1.0,19.0,21.0,3.0,24.0,22.0,2.0,18.0,6.0,30.0,8.0,29.0,17.0,4.0,5.0,5.0,5.0,5.0,5.0,5.0,5.0,5.0,5.0,5.0,5.0,5.0,5.0,5.0,5.0,5.0,5.0,5.0,5.0,5.0,5.0,5.0,5.0,5.0,5.0,5.0,5.0,5.0,5.0,5.0,5.0,5.0,5.0,5.0,5.0,5.0,5.0,5.0,5.0,5.0,5.0,5.0,5.0,5.0,5.0,5.0,5.0,5.0,5.0,5.0,5.0,5.0,5.0,5.0,5.0,5.0,5.0,5.0,5.0,4.0,5.0,5.0,5.0,4.0,4.0,5.0,5.0,5.0,5.0,5.0,4.0,5.0,5.0,4.0,5.0,5.0,4.0,5.0,5.0,5.0,5.0,5.0,4.0,4.0,5.0,5.0,5.0,4.0,5.0,4.0,4.0,4.0,4.0,4.0,4.0,4.0,4.0,4.0,4.0,5.0,5.0,5.0,4.0,4.0,5.0,4.0,4.0,4.0,4.0,5.0,5.0,5.0,4.0,4.0,5.0,4.0,5.0,4.0,4.0,Prolific
Disclosed,0,100,1595,1,22,Female,22.0,27.0,30.0,9.0,20.0,3.0,6.0,19.0,7.0,13.0,4.0,25.0,26.0,28.0,24.0,18.0,14.0,12.0,1.0,17.0,2.0,21.0,16.0,23.0,15.0,8.0,5.0,29.0,10.0,11.0,5.0,5.0,4.0,5.0,5.0,5.0,5.0,4.0,5.0,5.0,5.0,4.0,4.0,4.0,5.0,2.0,4.0,3.0,5.0,4.0,5.0,2.0,5.0,4.0,5.0,4.0,5.0,4.0,5.0,3.0,5.0,3.0,2.0,5.0,5.0,5.0,5.0,5.0,5.0,5.0,5.0,3.0,4.0,5.0,4.0,4.0,5.0,1.0,5.0,5.0,5.0,2.0,5.0,3.0,5.0,4.0,4.0,2.0,5.0,4.0,4.0,4.0,4.0,5.0,5.0,5.0,5.0,4.0,5.0,5.0,5.0,4.0,4.0,4.0,4.0,4.0,5.0,2.0,5.0,5.0,5.0,2.0,5.0,4.0,5.0,3.0,5.0,4.0,5.0,4.0,4.0,4.0,4.0,5.0,5.0,5.0,5.0,4.0,5.0,5.0,5.0,3.0,4.0,4.0,4.0,4.0,5.0,2.0,5.0,5.0,5.0,2.0,5.0,5.0,5.0,3.0,5.0,4.0,5.0,3.0,,,,,,,,,,,,,,,,,,,,,,,,,,,,,,,,,,,,,,,,,,,,,,,,,,,,,,,,,,,,,,,,,,,,,,,,,,,,,,,,,,,,,,,,,,,,,,,,,,,,,,,,,,,,,,,,,,,,,,,,,,,,,,,,,,,,,,,,,,,,,,,,,,,,,,,22.0,27.0,30.0,9.0,20.0,3.0,6.0,19.0,7.0,13.0,4.0,25.0,26.0,28.0,24.0,18.0,14.0,12.0,1.0,17.0,2.0,21.0,16.0,23.0,15.0,8.0,5.0,29.0,10.0,11.0,5.0,5.0,4.0,5.0,5.0,5.0,5.0,4.0,5.0,5.0,5.0,4.0,4.0,4.0,5.0,2.0,4.0,3.0,5.0,4.0,5.0,2.0,5.0,4.0,5.0,4.0,5.0,4.0,5.0,3.0,5.0,3.0,2.0,5.0,5.0,5.0,5.0,5.0,5.0,5.0,5.0,3.0,4.0,5.0,4.0,4.0,5.0,1.0,5.0,5.0,5.0,2.0,5.0,3.0,5.0,4.0,4.0,2.0,5.0,4.0,4.0,4.0,4.0,5.0,5.0,5.0,5.0,4.0,5.0,5.0,5.0,4.0,4.0,4.0,4.0,4.0,5.0,2.0,5.0,5.0,5.0,2.0,5.0,4.0,5.0,3.0,5.0,4.0,5.0,4.0,4.0,4.0,4.0,5.0,5.0,5.0,5.0,4.0,5.0,5.0,5.0,3.0,4.0,4.0,4.0,4.0,5.0,2.0,5.0,5.0,5.0,2.0,5.0,5.0,5.0,3.0,5.0,4.0,5.0,3.0,Prolific
Disclosed,0,100,1149,1,19,Female,28.0,26.0,14.0,11.0,6.0,18.0,12.0,15.0,22.0,13.0,17.0,16.0,5.0,7.0,29.0,25.0,21.0,24.0,10.0,3.0,8.0,9.0,30.0,20.0,23.0,27.0,1.0,4.0,2.0,19.0,5.0,4.0,3.0,4.0,3.0,3.0,5.0,4.0,5.0,3.0,5.0,3.0,4.0,4.0,4.0,4.0,4.0,4.0,5.0,4.0,5.0,4.0,4.0,5.0,5.0,5.0,5.0,5.0,5.0,4.0,5.0,4.0,3.0,5.0,4.0,4.0,4.0,5.0,5.0,5.0,5.0,3.0,3.0,4.0,4.0,4.0,3.0,3.0,4.0,5.0,5.0,4.0,4.0,4.0,5.0,5.0,5.0,5.0,5.0,4.0,4.0,3.0,3.0,4.0,4.0,4.0,5.0,5.0,5.0,5.0,5.0,3.0,3.0,5.0,4.0,4.0,4.0,3.0,5.0,5.0,5.0,5.0,5.0,4.0,5.0,5.0,5.0,4.0,5.0,4.0,4.0,4.0,3.0,5.0,4.0,4.0,4.0,5.0,5.0,4.0,5.0,3.0,3.0,4.0,5.0,4.0,3.0,3.0,5.0,5.0,5.0,4.0,4.0,5.0,5.0,4.0,5.0,4.0,5.0,5.0,,,,,,,,,,,,,,,,,,,,,,,,,,,,,,,,,,,,,,,,,,,,,,,,,,,,,,,,,,,,,,,,,,,,,,,,,,,,,,,,,,,,,,,,,,,,,,,,,,,,,,,,,,,,,,,,,,,,,,,,,,,,,,,,,,,,,,,,,,,,,,,,,,,,,,,28.0,26.0,14.0,11.0,6.0,18.0,12.0,15.0,22.0,13.0,17.0,16.0,5.0,7.0,29.0,25.0,21.0,24.0,10.0,3.0,8.0,9.0,30.0,20.0,23.0,27.0,1.0,4.0,2.0,19.0,5.0,4.0,3.0,4.0,3.0,3.0,5.0,4.0,5.0,3.0,5.0,3.0,4.0,4.0,4.0,4.0,4.0,4.0,5.0,4.0,5.0,4.0,4.0,5.0,5.0,5.0,5.0,5.0,5.0,4.0,5.0,4.0,3.0,5.0,4.0,4.0,4.0,5.0,5.0,5.0,5.0,3.0,3.0,4.0,4.0,4.0,3.0,3.0,4.0,5.0,5.0,4.0,4.0,4.0,5.0,5.0,5.0,5.0,5.0,4.0,4.0,3.0,3.0,4.0,4.0,4.0,5.0,5.0,5.0,5.0,5.0,3.0,3.0,5.0,4.0,4.0,4.0,3.0,5.0,5.0,5.0,5.0,5.0,4.0,5.0,5.0,5.0,4.0,5.0,4.0,4.0,4.0,3.0,5.0,4.0,4.0,4.0,5.0,5.0,4.0,5.0,3.0,3.0,4.0,5.0,4.0,3.0,3.0,5.0,5.0,5.0,4.0,4.0,5.0,5.0,4.0,5.0,4.0,5.0,5.0,Prolific
Disclosed,0,100,444,1,18,Male,12.0,3.0,27.0,15.0,14.0,23.0,24.0,18.0,1.0,21.0,17.0,5.0,28.0,6.0,8.0,4.0,7.0,20.0,30.0,9.0,29.0,19.0,10.0,22.0,13.0,16.0,26.0,25.0,11.0,2.0,3.0,4.0,3.0,4.0,3.0,3.0,3.0,3.0,4.0,3.0,4.0,2.0,4.0,4.0,4.0,4.0,2.0,4.0,3.0,4.0,4.0,4.0,3.0,4.0,2.0,2.0,4.0,3.0,3.0,4.0,4.0,2.0,4.0,4.0,4.0,4.0,4.0,3.0,3.0,3.0,4.0,4.0,3.0,2.0,4.0,4.0,4.0,3.0,4.0,4.0,4.0,3.0,4.0,2.0,4.0,4.0,3.0,4.0,3.0,3.0,4.0,4.0,4.0,3.0,4.0,4.0,4.0,4.0,4.0,3.0,3.0,4.0,3.0,4.0,4.0,4.0,4.0,4.0,4.0,4.0,4.0,4.0,4.0,4.0,4.0,4.0,4.0,4.0,4.0,4.0,4.0,2.0,4.0,3.0,2.0,4.0,4.0,4.0,3.0,4.0,4.0,5.0,4.0,4.0,4.0,2.0,3.0,4.0,4.0,3.0,5.0,3.0,3.0,4.0,4.0,5.0,4.0,4.0,3.0,3.0,,,,,,,,,,,,,,,,,,,,,,,,,,,,,,,,,,,,,,,,,,,,,,,,,,,,,,,,,,,,,,,,,,,,,,,,,,,,,,,,,,,,,,,,,,,,,,,,,,,,,,,,,,,,,,,,,,,,,,,,,,,,,,,,,,,,,,,,,,,,,,,,,,,,,,,12.0,3.0,27.0,15.0,14.0,23.0,24.0,18.0,1.0,21.0,17.0,5.0,28.0,6.0,8.0,4.0,7.0,20.0,30.0,9.0,29.0,19.0,10.0,22.0,13.0,16.0,26.0,25.0,11.0,2.0,3.0,4.0,3.0,4.0,3.0,3.0,3.0,3.0,4.0,3.0,4.0,2.0,4.0,4.0,4.0,4.0,2.0,4.0,3.0,4.0,4.0,4.0,3.0,4.0,2.0,2.0,4.0,3.0,3.0,4.0,4.0,2.0,4.0,4.0,4.0,4.0,4.0,3.0,3.0,3.0,4.0,4.0,3.0,2.0,4.0,4.0,4.0,3.0,4.0,4.0,4.0,3.0,4.0,2.0,4.0,4.0,3.0,4.0,3.0,3.0,4.0,4.0,4.0,3.0,4.0,4.0,4.0,4.0,4.0,3.0,3.0,4.0,3.0,4.0,4.0,4.0,4.0,4.0,4.0,4.0,4.0,4.0,4.0,4.0,4.0,4.0,4.0,4.0,4.0,4.0,4.0,2.0,4.0,3.0,2.0,4.0,4.0,4.0,3.0,4.0,4.0,5.0,4.0,4.0,4.0,2.0,3.0,4.0,4.0,3.0,5.0,3.0,3.0,4.0,4.0,5.0,4.0,4.0,3.0,3.0,Prolific
Disclosed,0,100,2720,1,19,Male,26.0,17.0,5.0,3.0,22.0,18.0,20.0,28.0,12.0,27.0,14.0,29.0,23.0,19.0,21.0,30.0,8.0,13.0,16.0,6.0,11.0,1.0,7.0,4.0,25.0,9.0,15.0,10.0,2.0,24.0,5.0,4.0,5.0,5.0,4.0,3.0,4.0,2.0,4.0,2.0,4.0,2.0,4.0,4.0,5.0,2.0,5.0,3.0,5.0,4.0,4.0,5.0,5.0,5.0,4.0,4.0,5.0,4.0,4.0,4.0,4.0,5.0,4.0,5.0,4.0,4.0,5.0,4.0,4.0,4.0,4.0,3.0,4.0,5.0,4.0,4.0,4.0,2.0,5.0,5.0,4.0,5.0,5.0,5.0,4.0,5.0,5.0,3.0,5.0,4.0,4.0,4.0,5.0,5.0,4.0,4.0,4.0,3.0,4.0,4.0,4.0,3.0,3.0,4.0,4.0,4.0,4.0,4.0,4.0,5.0,4.0,5.0,4.0,5.0,4.0,5.0,5.0,5.0,5.0,4.0,4.0,4.0,5.0,5.0,4.0,4.0,5.0,4.0,5.0,4.0,5.0,3.0,4.0,4.0,4.0,3.0,5.0,4.0,4.0,5.0,4.0,5.0,5.0,5.0,4.0,5.0,5.0,5.0,5.0,4.0,,,,,,,,,,,,,,,,,,,,,,,,,,,,,,,,,,,,,,,,,,,,,,,,,,,,,,,,,,,,,,,,,,,,,,,,,,,,,,,,,,,,,,,,,,,,,,,,,,,,,,,,,,,,,,,,,,,,,,,,,,,,,,,,,,,,,,,,,,,,,,,,,,,,,,,26.0,17.0,5.0,3.0,22.0,18.0,20.0,28.0,12.0,27.0,14.0,29.0,23.0,19.0,21.0,30.0,8.0,13.0,16.0,6.0,11.0,1.0,7.0,4.0,25.0,9.0,15.0,10.0,2.0,24.0,5.0,4.0,5.0,5.0,4.0,3.0,4.0,2.0,4.0,2.0,4.0,2.0,4.0,4.0,5.0,2.0,5.0,3.0,5.0,4.0,4.0,5.0,5.0,5.0,4.0,4.0,5.0,4.0,4.0,4.0,4.0,5.0,4.0,5.0,4.0,4.0,5.0,4.0,4.0,4.0,4.0,3.0,4.0,5.0,4.0,4.0,4.0,2.0,5.0,5.0,4.0,5.0,5.0,5.0,4.0,5.0,5.0,3.0,5.0,4.0,4.0,4.0,5.0,5.0,4.0,4.0,4.0,3.0,4.0,4.0,4.0,3.0,3.0,4.0,4.0,4.0,4.0,4.0,4.0,5.0,4.0,5.0,4.0,5.0,4.0,5.0,5.0,5.0,5.0,4.0,4.0,4.0,5.0,5.0,4.0,4.0,5.0,4.0,5.0,4.0,5.0,3.0,4.0,4.0,4.0,3.0,5.0,4.0,4.0,5.0,4.0,5.0,5.0,5.0,4.0,5.0,5.0,5.0,5.0,4.0,Prolific
Disclosed,0,100,3279,1,24,Male,24.0,12.0,1.0,29.0,21.0,20.0,25.0,15.0,28.0,9.0,26.0,4.0,2.0,10.0,16.0,7.0,8.0,14.0,17.0,23.0,22.0,19.0,18.0,5.0,6.0,13.0,27.0,3.0,30.0,11.0,5.0,2.0,1.0,5.0,5.0,4.0,5.0,5.0,4.0,5.0,5.0,1.0,4.0,5.0,5.0,4.0,5.0,4.0,5.0,5.0,5.0,3.0,4.0,4.0,4.0,4.0,4.0,2.0,5.0,5.0,5.0,5.0,2.0,5.0,5.0,5.0,5.0,5.0,5.0,5.0,5.0,2.0,5.0,5.0,5.0,4.0,5.0,4.0,5.0,5.0,5.0,4.0,4.0,4.0,5.0,4.0,5.0,1.0,5.0,5.0,4.0,5.0,5.0,4.0,5.0,4.0,4.0,4.0,4.0,5.0,5.0,2.0,4.0,4.0,5.0,3.0,4.0,2.0,5.0,5.0,5.0,4.0,4.0,5.0,4.0,3.0,4.0,5.0,5.0,4.0,5.0,5.0,1.0,5.0,5.0,5.0,5.0,5.0,5.0,5.0,5.0,1.0,2.0,5.0,5.0,4.0,5.0,4.0,5.0,5.0,5.0,5.0,5.0,5.0,5.0,4.0,5.0,1.0,5.0,5.0,,,,,,,,,,,,,,,,,,,,,,,,,,,,,,,,,,,,,,,,,,,,,,,,,,,,,,,,,,,,,,,,,,,,,,,,,,,,,,,,,,,,,,,,,,,,,,,,,,,,,,,,,,,,,,,,,,,,,,,,,,,,,,,,,,,,,,,,,,,,,,,,,,,,,,,24.0,12.0,1.0,29.0,21.0,20.0,25.0,15.0,28.0,9.0,26.0,4.0,2.0,10.0,16.0,7.0,8.0,14.0,17.0,23.0,22.0,19.0,18.0,5.0,6.0,13.0,27.0,3.0,30.0,11.0,5.0,2.0,1.0,5.0,5.0,4.0,5.0,5.0,4.0,5.0,5.0,1.0,4.0,5.0,5.0,4.0,5.0,4.0,5.0,5.0,5.0,3.0,4.0,4.0,4.0,4.0,4.0,2.0,5.0,5.0,5.0,5.0,2.0,5.0,5.0,5.0,5.0,5.0,5.0,5.0,5.0,2.0,5.0,5.0,5.0,4.0,5.0,4.0,5.0,5.0,5.0,4.0,4.0,4.0,5.0,4.0,5.0,1.0,5.0,5.0,4.0,5.0,5.0,4.0,5.0,4.0,4.0,4.0,4.0,5.0,5.0,2.0,4.0,4.0,5.0,3.0,4.0,2.0,5.0,5.0,5.0,4.0,4.0,5.0,4.0,3.0,4.0,5.0,5.0,4.0,5.0,5.0,1.0,5.0,5.0,5.0,5.0,5.0,5.0,5.0,5.0,1.0,2.0,5.0,5.0,4.0,5.0,4.0,5.0,5.0,5.0,5.0,5.0,5.0,5.0,4.0,5.0,1.0,5.0,5.0,Prolific
Not Disclosed,0,100,700,1,23,Male,7.0,22.0,24.0,8.0,5.0,16.0,3.0,9.0,17.0,25.0,14.0,29.0,23.0,21.0,13.0,19.0,28.0,11.0,6.0,26.0,18.0,30.0,10.0,4.0,12.0,2.0,1.0,20.0,27.0,15.0,3.0,3.0,4.0,4.0,3.0,4.0,4.0,4.0,3.0,4.0,3.0,2.0,1.0,2.0,3.0,2.0,3.0,1.0,4.0,4.0,3.0,1.0,2.0,3.0,4.0,4.0,4.0,2.0,2.0,2.0,2.0,2.0,4.0,4.0,2.0,3.0,3.0,4.0,4.0,3.0,3.0,1.0,2.0,3.0,3.0,2.0,3.0,1.0,4.0,3.0,3.0,1.0,2.0,3.0,3.0,4.0,5.0,2.0,2.0,2.0,4.0,3.0,4.0,4.0,4.0,5.0,3.0,3.0,4.0,2.0,3.0,1.0,2.0,1.0,4.0,2.0,2.0,2.0,2.0,3.0,3.0,2.0,2.0,4.0,2.0,4.0,3.0,3.0,2.0,2.0,3.0,3.0,2.0,4.0,4.0,3.0,2.0,3.0,2.0,3.0,3.0,1.0,2.0,2.0,3.0,2.0,2.0,1.0,3.0,3.0,2.0,1.0,2.0,3.0,3.0,4.0,4.0,3.0,1.0,3.0,7.0,22.0,24.0,8.0,5.0,16.0,3.0,9.0,17.0,25.0,14.0,29.0,23.0,21.0,13.0,19.0,28.0,11.0,6.0,26.0,18.0,30.0,10.0,4.0,12.0,2.0,1.0,20.0,27.0,15.0,3.0,3.0,4.0,4.0,3.0,4.0,4.0,4.0,3.0,4.0,3.0,2.0,1.0,2.0,3.0,2.0,3.0,1.0,4.0,4.0,3.0,1.0,2.0,3.0,4.0,4.0,4.0,2.0,2.0,2.0,2.0,2.0,4.0,4.0,2.0,3.0,3.0,4.0,4.0,3.0,3.0,1.0,2.0,3.0,3.0,2.0,3.0,1.0,4.0,3.0,3.0,1.0,2.0,3.0,3.0,4.0,5.0,2.0,2.0,2.0,4.0,3.0,4.0,4.0,4.0,5.0,3.0,3.0,4.0,2.0,3.0,1.0,2.0,1.0,4.0,2.0,2.0,2.0,2.0,3.0,3.0,2.0,2.0,4.0,2.0,4.0,3.0,3.0,2.0,2.0,3.0,3.0,2.0,4.0,4.0,3.0,2.0,3.0,2.0,3.0,3.0,1.0,2.0,2.0,3.0,2.0,2.0,1.0,3.0,3.0,2.0,1.0,2.0,3.0,3.0,4.0,4.0,3.0,1.0,3.0,,,,,,,,,,,,,,,,,,,,,,,,,,,,,,,,,,,,,,,,,,,,,,,,,,,,,,,,,,,,,,,,,,,,,,,,,,,,,,,,,,,,,,,,,,,,,,,,,,,,,,,,,,,,,,,,,,,,,,,,,,,,,,,,,,,,,,,,,,,,,,,,,,,,,,,Prolific
Disclosed,0,100,861,1,21,Male,24.0,26.0,16.0,25.0,12.0,6.0,3.0,10.0,5.0,14.0,29.0,30.0,23.0,21.0,20.0,18.0,19.0,28.0,2.0,13.0,1.0,15.0,8.0,22.0,9.0,17.0,7.0,11.0,27.0,4.0,4.0,5.0,4.0,3.0,4.0,4.0,5.0,4.0,5.0,5.0,5.0,4.0,5.0,4.0,5.0,4.0,5.0,5.0,4.0,5.0,4.0,4.0,5.0,5.0,5.0,4.0,5.0,5.0,5.0,5.0,3.0,4.0,4.0,4.0,4.0,4.0,4.0,4.0,5.0,5.0,4.0,4.0,4.0,4.0,5.0,4.0,5.0,3.0,5.0,5.0,5.0,4.0,4.0,4.0,5.0,4.0,4.0,4.0,5.0,5.0,4.0,4.0,4.0,4.0,4.0,5.0,4.0,5.0,5.0,4.0,4.0,4.0,4.0,4.0,4.0,5.0,5.0,5.0,4.0,4.0,5.0,5.0,4.0,4.0,4.0,5.0,5.0,4.0,4.0,4.0,4.0,4.0,3.0,4.0,4.0,4.0,4.0,4.0,4.0,5.0,4.0,4.0,3.0,4.0,4.0,4.0,5.0,2.0,5.0,5.0,5.0,4.0,5.0,5.0,5.0,5.0,4.0,5.0,5.0,4.0,,,,,,,,,,,,,,,,,,,,,,,,,,,,,,,,,,,,,,,,,,,,,,,,,,,,,,,,,,,,,,,,,,,,,,,,,,,,,,,,,,,,,,,,,,,,,,,,,,,,,,,,,,,,,,,,,,,,,,,,,,,,,,,,,,,,,,,,,,,,,,,,,,,,,,,24.0,26.0,16.0,25.0,12.0,6.0,3.0,10.0,5.0,14.0,29.0,30.0,23.0,21.0,20.0,18.0,19.0,28.0,2.0,13.0,1.0,15.0,8.0,22.0,9.0,17.0,7.0,11.0,27.0,4.0,4.0,5.0,4.0,3.0,4.0,4.0,5.0,4.0,5.0,5.0,5.0,4.0,5.0,4.0,5.0,4.0,5.0,5.0,4.0,5.0,4.0,4.0,5.0,5.0,5.0,4.0,5.0,5.0,5.0,5.0,3.0,4.0,4.0,4.0,4.0,4.0,4.0,4.0,5.0,5.0,4.0,4.0,4.0,4.0,5.0,4.0,5.0,3.0,5.0,5.0,5.0,4.0,4.0,4.0,5.0,4.0,4.0,4.0,5.0,5.0,4.0,4.0,4.0,4.0,4.0,5.0,4.0,5.0,5.0,4.0,4.0,4.0,4.0,4.0,4.0,5.0,5.0,5.0,4.0,4.0,5.0,5.0,4.0,4.0,4.0,5.0,5.0,4.0,4.0,4.0,4.0,4.0,3.0,4.0,4.0,4.0,4.0,4.0,4.0,5.0,4.0,4.0,3.0,4.0,4.0,4.0,5.0,2.0,5.0,5.0,5.0,4.0,5.0,5.0,5.0,5.0,4.0,5.0,5.0,4.0,Prolific
Not Disclosed,0,100,1553,1,19,Male,14.0,26.0,28.0,22.0,12.0,11.0,13.0,27.0,1.0,7.0,6.0,20.0,17.0,24.0,21.0,23.0,18.0,10.0,30.0,16.0,19.0,5.0,8.0,3.0,2.0,29.0,9.0,4.0,25.0,15.0,4.0,4.0,4.0,5.0,5.0,5.0,5.0,5.0,5.0,5.0,5.0,2.0,5.0,5.0,5.0,5.0,5.0,2.0,5.0,4.0,5.0,5.0,5.0,5.0,5.0,4.0,5.0,2.0,5.0,2.0,5.0,5.0,5.0,5.0,5.0,5.0,5.0,2.0,5.0,5.0,5.0,2.0,5.0,5.0,5.0,5.0,5.0,5.0,5.0,5.0,5.0,5.0,5.0,5.0,5.0,5.0,5.0,2.0,5.0,5.0,5.0,5.0,5.0,5.0,5.0,5.0,5.0,5.0,5.0,5.0,5.0,5.0,5.0,5.0,5.0,5.0,5.0,5.0,5.0,5.0,5.0,5.0,5.0,5.0,5.0,5.0,5.0,5.0,5.0,5.0,5.0,4.0,4.0,5.0,5.0,5.0,5.0,5.0,4.0,4.0,5.0,4.0,5.0,5.0,5.0,5.0,5.0,2.0,5.0,5.0,5.0,5.0,5.0,5.0,5.0,5.0,5.0,2.0,5.0,2.0,14.0,26.0,28.0,22.0,12.0,11.0,13.0,27.0,1.0,7.0,6.0,20.0,17.0,24.0,21.0,23.0,18.0,10.0,30.0,16.0,19.0,5.0,8.0,3.0,2.0,29.0,9.0,4.0,25.0,15.0,4.0,4.0,4.0,5.0,5.0,5.0,5.0,5.0,5.0,5.0,5.0,2.0,5.0,5.0,5.0,5.0,5.0,2.0,5.0,4.0,5.0,5.0,5.0,5.0,5.0,4.0,5.0,2.0,5.0,2.0,5.0,5.0,5.0,5.0,5.0,5.0,5.0,2.0,5.0,5.0,5.0,2.0,5.0,5.0,5.0,5.0,5.0,5.0,5.0,5.0,5.0,5.0,5.0,5.0,5.0,5.0,5.0,2.0,5.0,5.0,5.0,5.0,5.0,5.0,5.0,5.0,5.0,5.0,5.0,5.0,5.0,5.0,5.0,5.0,5.0,5.0,5.0,5.0,5.0,5.0,5.0,5.0,5.0,5.0,5.0,5.0,5.0,5.0,5.0,5.0,5.0,4.0,4.0,5.0,5.0,5.0,5.0,5.0,4.0,4.0,5.0,4.0,5.0,5.0,5.0,5.0,5.0,2.0,5.0,5.0,5.0,5.0,5.0,5.0,5.0,5.0,5.0,2.0,5.0,2.0,,,,,,,,,,,,,,,,,,,,,,,,,,,,,,,,,,,,,,,,,,,,,,,,,,,,,,,,,,,,,,,,,,,,,,,,,,,,,,,,,,,,,,,,,,,,,,,,,,,,,,,,,,,,,,,,,,,,,,,,,,,,,,,,,,,,,,,,,,,,,,,,,,,,,,,Prolific
Not Disclosed,0,100,1433,1,23,Male,6.0,9.0,17.0,4.0,27.0,3.0,1.0,14.0,2.0,30.0,24.0,5.0,21.0,20.0,26.0,12.0,19.0,28.0,23.0,10.0,11.0,16.0,15.0,13.0,29.0,18.0,25.0,22.0,7.0,8.0,2.0,4.0,3.0,4.0,2.0,4.0,4.0,2.0,2.0,3.0,2.0,4.0,4.0,4.0,5.0,4.0,5.0,5.0,4.0,3.0,2.0,2.0,4.0,5.0,4.0,4.0,4.0,4.0,2.0,5.0,5.0,5.0,4.0,5.0,5.0,5.0,5.0,5.0,4.0,4.0,5.0,5.0,5.0,5.0,5.0,4.0,5.0,4.0,5.0,5.0,5.0,4.0,5.0,4.0,5.0,4.0,5.0,3.0,5.0,5.0,5.0,5.0,5.0,5.0,4.0,5.0,5.0,5.0,5.0,4.0,4.0,4.0,5.0,5.0,5.0,4.0,4.0,2.0,5.0,4.0,2.0,3.0,5.0,4.0,4.0,4.0,4.0,4.0,5.0,5.0,5.0,3.0,4.0,4.0,5.0,5.0,5.0,4.0,5.0,5.0,5.0,2.0,4.0,5.0,4.0,4.0,5.0,2.0,5.0,4.0,4.0,4.0,4.0,4.0,5.0,4.0,5.0,2.0,5.0,4.0,6.0,9.0,17.0,4.0,27.0,3.0,1.0,14.0,2.0,30.0,24.0,5.0,21.0,20.0,26.0,12.0,19.0,28.0,23.0,10.0,11.0,16.0,15.0,13.0,29.0,18.0,25.0,22.0,7.0,8.0,2.0,4.0,3.0,4.0,2.0,4.0,4.0,2.0,2.0,3.0,2.0,4.0,4.0,4.0,5.0,4.0,5.0,5.0,4.0,3.0,2.0,2.0,4.0,5.0,4.0,4.0,4.0,4.0,2.0,5.0,5.0,5.0,4.0,5.0,5.0,5.0,5.0,5.0,4.0,4.0,5.0,5.0,5.0,5.0,5.0,4.0,5.0,4.0,5.0,5.0,5.0,4.0,5.0,4.0,5.0,4.0,5.0,3.0,5.0,5.0,5.0,5.0,5.0,5.0,4.0,5.0,5.0,5.0,5.0,4.0,4.0,4.0,5.0,5.0,5.0,4.0,4.0,2.0,5.0,4.0,2.0,3.0,5.0,4.0,4.0,4.0,4.0,4.0,5.0,5.0,5.0,3.0,4.0,4.0,5.0,5.0,5.0,4.0,5.0,5.0,5.0,2.0,4.0,5.0,4.0,4.0,5.0,2.0,5.0,4.0,4.0,4.0,4.0,4.0,5.0,4.0,5.0,2.0,5.0,4.0,,,,,,,,,,,,,,,,,,,,,,,,,,,,,,,,,,,,,,,,,,,,,,,,,,,,,,,,,,,,,,,,,,,,,,,,,,,,,,,,,,,,,,,,,,,,,,,,,,,,,,,,,,,,,,,,,,,,,,,,,,,,,,,,,,,,,,,,,,,,,,,,,,,,,,,Prolific
Disclosed,0,100,1268,1,24,Female,20.0,4.0,7.0,19.0,27.0,28.0,5.0,23.0,22.0,25.0,11.0,2.0,8.0,1.0,16.0,6.0,14.0,18.0,10.0,12.0,13.0,29.0,9.0,30.0,26.0,24.0,21.0,3.0,17.0,15.0,4.0,3.0,3.0,5.0,4.0,5.0,5.0,4.0,5.0,5.0,5.0,4.0,4.0,3.0,4.0,5.0,5.0,5.0,5.0,4.0,4.0,5.0,4.0,5.0,5.0,5.0,5.0,5.0,5.0,5.0,4.0,2.0,1.0,5.0,5.0,5.0,5.0,5.0,5.0,5.0,5.0,1.0,2.0,3.0,2.0,5.0,4.0,3.0,5.0,5.0,4.0,5.0,5.0,1.0,5.0,5.0,5.0,1.0,5.0,5.0,4.0,4.0,2.0,5.0,3.0,5.0,5.0,4.0,5.0,4.0,5.0,2.0,2.0,2.0,3.0,5.0,5.0,5.0,5.0,4.0,4.0,5.0,4.0,4.0,5.0,5.0,5.0,3.0,5.0,5.0,5.0,3.0,3.0,5.0,3.0,5.0,5.0,5.0,5.0,5.0,5.0,3.0,4.0,3.0,5.0,5.0,5.0,5.0,5.0,5.0,4.0,5.0,5.0,4.0,5.0,5.0,5.0,4.0,5.0,5.0,,,,,,,,,,,,,,,,,,,,,,,,,,,,,,,,,,,,,,,,,,,,,,,,,,,,,,,,,,,,,,,,,,,,,,,,,,,,,,,,,,,,,,,,,,,,,,,,,,,,,,,,,,,,,,,,,,,,,,,,,,,,,,,,,,,,,,,,,,,,,,,,,,,,,,,20.0,4.0,7.0,19.0,27.0,28.0,5.0,23.0,22.0,25.0,11.0,2.0,8.0,1.0,16.0,6.0,14.0,18.0,10.0,12.0,13.0,29.0,9.0,30.0,26.0,24.0,21.0,3.0,17.0,15.0,4.0,3.0,3.0,5.0,4.0,5.0,5.0,4.0,5.0,5.0,5.0,4.0,4.0,3.0,4.0,5.0,5.0,5.0,5.0,4.0,4.0,5.0,4.0,5.0,5.0,5.0,5.0,5.0,5.0,5.0,4.0,2.0,1.0,5.0,5.0,5.0,5.0,5.0,5.0,5.0,5.0,1.0,2.0,3.0,2.0,5.0,4.0,3.0,5.0,5.0,4.0,5.0,5.0,1.0,5.0,5.0,5.0,1.0,5.0,5.0,4.0,4.0,2.0,5.0,3.0,5.0,5.0,4.0,5.0,4.0,5.0,2.0,2.0,2.0,3.0,5.0,5.0,5.0,5.0,4.0,4.0,5.0,4.0,4.0,5.0,5.0,5.0,3.0,5.0,5.0,5.0,3.0,3.0,5.0,3.0,5.0,5.0,5.0,5.0,5.0,5.0,3.0,4.0,3.0,5.0,5.0,5.0,5.0,5.0,5.0,4.0,5.0,5.0,4.0,5.0,5.0,5.0,4.0,5.0,5.0,Prolific
