"Experimental_Group","Participant","Top5_Messages","Message1","Message2","Message3","Message4","Message5","Dis_AI1","Dis_AI2","Dis_AI3","Dis_AI4","Dis_AI5","Dis_AI6","Dis_AI7","Dis_AI8","Dis_AI9","Dis_AI10","Dis_AI11","Dis_AI12","Dis_AI13","Dis_AI14","Dis_AI15","Dis_Hum1","Dis_Hum2","Dis_Hum3","Dis_Hum4","Dis_Hum5","Dis_Hum6","Dis_Hum7","Dis_Hum8","Dis_Hum9","Dis_Hum10","Dis_Hum11","Dis_Hum12","Dis_Hum13","Dis_Hum14","Dis_Hum15","Con_AI1","Con_AI2","Con_AI3","Con_AI4","Con_AI5","Con_AI6","Con_AI7","Con_AI8","Con_AI9","Con_AI10","Con_AI11","Con_AI12","Con_AI13","Con_AI14","Con_AI15","Con_Hum1","Con_Hum2","Con_Hum3","Con_Hum4","Con_Hum5","Con_Hum6","Con_Hum7","Con_Hum8","Con_Hum9","Con_Hum10","Con_Hum11","Con_Hum12","Con_Hum13","Con_Hum14","Con_Hum15","Unp_AI1","Unp_AI2","Unp_AI3","Unp_AI4","Unp_AI5","Unp_AI6","Unp_AI7","Unp_AI8","Unp_AI9","Unp_AI10","Unp_AI11","Unp_AI12","Unp_AI13","Unp_AI14","Unp_AI15","Unp_Hum1","Unp_Hum2","Unp_Hum3","Unp_Hum4","Unp_Hum5","Unp_Hum6","Unp_Hum7","Unp_Hum8","Unp_Hum9","Unp_Hum10","Unp_Hum11","Unp_Hum12","Unp_Hum13","Unp_Hum14","Unp_Hum15","Per_AI1","Per_AI2","Per_AI3","Per_AI4","Per_AI5","Per_AI6","Per_AI7","Per_AI8","Per_AI9","Per_AI10","Per_AI11","Per_AI12","Per_AI13","Per_AI14","Per_AI15","Per_AI16","Per_AI17","Per_AI18","Per_AI19","Per_AI20","Vape_Exp1","Vape_Exp3","Vape_Exp2","Age","Sex","Ethnicity","Source"
"Disclosed",1,"22,24,25,28,29","22","24","25","28","29","3","3","3","3","3","3","3","3","3","3","3","2","2","3","3","3","4","5","4","3","4","3","3","4","4","3","4","3","2","3","4","4","4","4","4","4","4","4","4","4","4","3","4","4","4","4","4","3","4","4","4","4","4","4","4","4","4","4","4","4","4","4","4","4","4","4","4","4","4","4","4","4","4","4","4","4","4","3","4","4","4","4","4","4","4","4","4","4","5","4","2","3","3","3","4","3","3","3","2","3","3","3","1","3","4","3","3","3","5","3","1","0","4","35","Female","White","Prolific"
"Not Disclosed",2,"6,12,13,15,29","6","12","13","15","29","5","5","4","5","5","5","5","5","5","5","5","3","3","5","5","4","5","4","5","5","5","4","4","5","5","5","5","4","4","3","5","1","2","5","5","5","5","5","5","5","5","3","3","5","3","2","4","1","5","4","5","4","4","4","5","4","4","2","4","4","5","2","1","5","5","5","5","5","5","5","5","2","2","4","2","2","5","2","5","2","5","5","2","5","5","5","5","2","4","4","4","4","2","3","5","2","4","2","2","2","3","3","4","4","2","4","3","4","4","5","2",NA,NA,"42","Female","White","Prolific"
"Disclosed",3,"6,7,9,15,24","6","7","9","15","24","5","5","5","5","5","5","5","5","5","5","5","4","5","5","5","5","5","5","5","5","5","4","5","4","5","5","5","5","5","5","5","4","4","5","5","5","5","5","5","5","5","4","4","5","4","5","5","4","5","5","5","5","5","4","5","5","5","4","5","5","5","5","5","5","5","5","5","5","5","5","5","5","5","5","5","5","5","4","5","5","5","5","5","5","5","5","5","5","5","5","4","5","4","4","5","4","4","4","3","4","4","5","4","5","4","4","5","4","3","3","1","30","6","47","Female","White","Prolific"
"Not Disclosed",4,"6,9,16,18,30","6","9","16","18","30","2","3","1","2","3","3","3","3","2","4","4","4","1","3","4","2","1","3","2","3","4","2","3","5","1","1","2","3","3","1","2","3","3","2","2","3","3","3","2","2","2","3","2","3","3","2","3","2","3","3","3","3","2","3","3","2","2","2","3","3","2","3","3","3","3","2","3","2","3","3","3","3","3","2","2","3","3","2","3","3","2","2","3","2","3","3","3","3","3","3","5","4","4","5","4","3","4","2","5","2","3","5","3","3","1","5","3","4","1","4","1","0","6","27","Male","White","Prolific"
"Not Disclosed",5,"6,13,20,22,31","6","13","20","22","31","2","4","2","3","2","3","4","3","4","3","2","2","2","2","3","4","2","4","3","3","4","2","4","2","4","3","4","3","4","3","4","2","2","5","4","4","4","4","4","4","3","1","2","2","3","4","1","3","3","4","3","2","4","3","4","4","5","2","4","3","3","3","2","4","3","2","3","3","4","3","4","1","2","2","2","4","2","4","4","4","4","3","4","4","5","4","4","3","3","4","1","3","4","1","1","3","1","4","1","4","1","2","2","2","4","1","1","1","4","2","1","0","2","34","Male","White","Prolific"
"Not Disclosed",6,"6,11,15,35,30","6","11","15","35","30","2","2","2","4","2","4","4","4","4","4","4","1","4","4","2","2","4","2","4","4","2","4","4","2","4","4","4","2","3","2","4","2","2","4","2","4","4","3","4","2","4","2","2","2","2","2","2","2","4","2","2","4","4","2","4","4","4","2","4","2","2","2","1","4","2","3","4","2","4","2","2","2","1","2","2","3","2","2","2","2","2","2","2","1","3","4","4","1","5","2","4","4","4","4","2","4","3","3","2","3","4","4","4","5","1","4","4","4","2","4","2",NA,NA,"55","Male","White","Prolific"
"Not Disclosed",7,"5,6,7,13,31","5","6","7","13","31","5","5","5","5","5","5","5","5","5","5","5","2","5","5","4","5","5","2","5","5","5","4","5","2","5","5","5","4","5","4","5","5","5","5","5","5","5","5","5","5","5","5","5","5","5","4","5","5","5","5","5","4","5","5","5","5","5","4","5","5","5","5","5","5","5","5","5","5","5","5","5","5","5","5","5","5","5","2","5","5","5","5","5","5","5","5","5","5","5","5","1","4","2","2","4","2","2","1","2","2","4","4","1","4","1","4","4","4","1","1","2",NA,NA,"59","Female","White","Prolific"
"Not Disclosed",8,"7,13,24,28,29","7","13","24","28","29","5","4","5","4","4","4","5","4","4","5","4","4","4","5","5","2","4","3","4","4","4","5","5","5","5","5","5","5","4","3","5","4","5","4","4","5","5","5","5","4","4","4","4","4","5","5","4","4","5","5","4","3","5","5","5","4","4","5","4","5","4","5","5","5","5","4","4","5","4","5","5","5","5","4","5","5","5","5","5","5","4","4","4","5","5","5","5","5","4","5","3","4","4","4","5","3","5","3","5","4","4","4","4","5","2","4","3","5","2","3","2",NA,NA,"40","Female","White","Prolific"
"Disclosed",9,"4,6,7,9,11","4","6","7","9","11","4","4","3","5","5","5","5","3","5","4","5","4","2","3","5","2","4","2","5","2","5","2","2","2","4","2","5","2","4","2","4","4","5","4","4","5","4","4","5","2","5","5","5","4","4","2","4","2","4","4","4","2","2","4","4","3","4","3","2","2","5","5","5","5","5","5","5","5","5","5","5","5","5","4","5","3","5","2","5","5","5","3","4","5","5","4","5","4","4","2","1","3","4","4","4","4","1","4","4","5","4","2","1","4","5","2","2","2","4","4","2",NA,NA,"63","Female","White","Prolific"
"Disclosed",10,"5,11,14,29,23","5","11","14","29","23","3","5","3","3","4","5","5","5","4","5","5","5","4","4","4","3","3","3","5","3","4","3","3","4","4","3","3","5","3","3","3","4","4","3","4","5","5","5","5","4","5","5","5","4","4","3","3","3","5","4","5","3","3","3","3","4","3","5","3","3","3","5","3","3","5","5","5","5","4","4","5","5","5","4","5","3","3","2","5","3","5","3","5","3","4","3","3","5","3","3","3","5","4","3","4","4","5","2","4","4","4","4","3","4","3","3","4","4","2","3","2",NA,NA,"42","Male","White","Prolific"
"Not Disclosed",11,"5,6,11,13,25","5","6","11","13","25","4","4","4","3","4","4","4","3","3","4","4","4","3","3","4","4","3","4","4","4","4","2","4","4","4","3","4","4","4","4","4","4","4","4","4","4","4","4","4","4","4","4","4","4","4","2","4","4","3","4","4","2","3","3","3","2","4","2","3","4","4","4","3","4","4","4","4","4","4","4","4","4","4","4","4","2","3","4","4","4","4","3","4","2","4","3","4","4","4","4","2","4","4","3","4","4","4","2","2","2","4","4","2","3","2","2","4","2","2","3","1","0","2","25","Female","White","Prolific"
"Disclosed",12,"9,15,18,24,25","9","15","18","24","25","4","4","4","4","5","5","3","3","4","5","4","1","4","4","4","2","2","2","5","4","4","3","3","3","4","3","4","4","4","4","5","2","1","4","5","4","4","3","5","3","5","2","4","2","3","2","2","1","4","4","2","3","4","3","2","4","4","4","2","3","4","3","2","3","3","4","4","2","4","2","5","1","2","4","2","2","2","2","4","4","3","2","3","4","4","3","5","2","4","3","4","5","3","4","4","3","3","1","2","3","4","4","4","4","2","5","4","3","4","3","1","0","6","27","Female","Mixed","Prolific"
"Disclosed",13,"35,24,25,28,29","35","24","25","28","29","1","1","1","1","1","1","1","1","1","1","1","1","1","1","1","3","1","1","4","4","3","2","3","5","4","4","4","3","3","1","5","5","5","5","5","5","5","5","5","5","5","5","5","5","5","5","5","5","5","5","5","5","5","5","5","5","5","5","5","5","4","4","4","4","4","4","4","4","4","4","4","4","4","4","4","4","4","4","4","4","4","3","4","4","4","5","4","4","5","4","1","3","3","3","1","5","1","3","1","3","3","1","1","3","1","1","3","1","1","3","2",NA,NA,"39","Male","White","Prolific"
"Not Disclosed",14,"6,9,11,19,26","6","9","11","19","26","5","5","4","5","5","5","5","5","5","5","5","3","5","5","5","3","3","5","5","4","4","5","4","4","4","5","5","4","5","4","5","5","4","4","5","5","4","5","4","5","5","5","5","4","5","3","4","5","5","5","4","5","5","4","5","5","5","3","5","4","4","3","3","5","5","5","5","5","4","4","5","2","5","4","2","2","3","1","5","3","4","5","5","4","5","4","5","3","5","4","5","4","3","4","5","3","4","2","4","4","4","5","4","5","1","3","4","5","1","3","2",NA,NA,"57","Female","White","Prolific"
"Disclosed",15,"9,11,15,24,31","9","11","15","24","31","5","4","2","5","5","5","5","5","5","5","5","2","2","4","4","4","5","2","5","5","5","5","5","5","5","5","5","4","5","4","5","3","5","5","5","5","5","5","5","4","5","2","4","4","3","4","5","2","5","5","5","5","5","5","5","5","5","5","5","5","5","4","3","5","5","5","5","5","5","5","5","4","5","5","5","5","5","3","5","5","5","5","5","5","5","5","5","2","5","5","2","3","4","4","5","3","4","3","4","3","4","4","4","4","2","5","3","4","3","4","2",NA,NA,"47","Female","Black","Prolific"
"Disclosed",16,"15,16,17,19,25","15","16","17","19","25","4","2","4","3","4","4","2","2","3","2","4","5","4","3","3","2","4","1","2","4","4","1","3","2","2","2","2","2","1","1","4","2","4","4","3","3","4","2","2","2","5","5","4","3","4","3","4","1","4","3","4","1","2","3","4","2","3","2","2","2","3","4","4","4","4","4","4","2","3","2","4","5","2","2","3","3","4","2","2","4","5","1","3","3","2","2","2","4","2","2","2","4","2","4","5","2","4","2","3","2","4","4","4","5","1","4","4","3","2","4","1","0","6"," ","Male","White","Prolific"
"Not Disclosed",17,"18,35,29,30,23","18","35","29","30","23","5","5","5","5","5","5","5","5","5","5","5","5","4","5","4","4","5","5","5","4","4","5","5","5","5","5","5","4","5","3","5","5","5","5","5","5","5","5","5","5","5","5","5","5","5","5","5","5","5","5","5","5","5","5","5","5","5","5","5","5","5","5","4","5","5","4","5","5","5","5","5","4","4","5","4","5","5","1","5","5","5","5","5","5","5","5","5","4","5","5","3","3","3","3","5","3","2","2","1","2","3","2","3","3","4","3","4","3","2","3","2",NA,NA,"71","Female","White","Prolific"
"Not Disclosed",18,"1,11,13,35,23","1","11","13","35","23","4","4","2","3","4","3","4","4","4","3","4","3","2","4","4","3","3","2","4","3","4","2","4","4","4","4","3","3","4","3","5","5","5","4","5","5","5","5","5","4","4","4","5","4","5","4","4","3","5","5","5","4","5","5","5","5","5","5","5","4","5","5","5","5","5","5","5","5","5","5","5","5","5","5","5","5","5","5","5","5","5","5","5","5","5","5","5","5","5","5","3","3","4","3","4","3","3","4","3","4","3","3","3","4","3","3","4","2","3","5","2",NA,NA,"60","Female","White","Prolific"
"Not Disclosed",19,"7,9,13,18,23","7","9","13","18","23","5","5","5","5","5","5","5","5","5","5","5","3","4","5","5","3","3","3","5","4","5","5","3","4","5","5","5","5","5","4","5","4","5","5","5","5","5","5","5","4","5","2","4","4","4","4","4","3","5","4","5","5","5","4","5","4","5","3","5","4","5","5","5","5","5","5","5","4","5","5","5","3","4","5","4","3","4","3","4","4","5","5","5","4","5","5","5","4","5","4","2","4","4","4","5","4","4","2","3","3","4","4","2","4","3","3","4","3","4","3","1","0","1","32","Female","White","Prolific"
"Not Disclosed",20,"13,15,16,29,23","13","15","16","29","23","4","3","2","3","3","4","4","3","4","3","5","4","3","3","2","2","3","3","4","2","3","2","3","3","3","2","3","4","5","3","2","2","2","5","3","3","5","3","4","4","4","2","2","3","2","2","2","2","5","3","2","2","4","2","4","4","4","4","5","2","2","3","2","4","2","3","4","3","4","4","4","2","2","3","2","2","2","2","4","3","2","2","3","2","4","4","3","2","5","2","2","4","4","3","3","4","3","2","3","3","4","4","3","4","4","3","3","3","3","2","2",NA,NA,"69","Female","White","Prolific"
"Disclosed",21,"4,17,19,28,36","4","17","19","28","36","5","5","5","5","5","5","5","5","5","5","5","4","5","5","5","4","5","5","5","5","5","4","5","5","5","5","5","2","5","5","5","5","5","5","5","5","5","5","5","5","5","5","4","5","5","4","5","5","5","5","5","4","5","5","5","5","5","5","5","5","5","5","5","5","5","5","5","5","5","4","5","4","5","5","5","4","4","5","5","5","5","4","5","5","4","5","5","2","5","3","2","3","3","3","3","3","1","4","3","3","3","3","2","3","3","3","3","2","3","3","2",NA,NA,"62","Male","White","Prolific"
"Not Disclosed",22,"1,4,7,11,18","1","4","7","11","18","5","5","5","5","5","5","5","5","5","5","5","3","5","5","5","3","5","1","5","5","5","3","3","5","5","3","5","5","5","5","3","5","5","5","5","5","5","5","5","5","5","3","4","5","3","3","3","2","5","5","5","2","3","3","5","3","5","3","5","4","5","5","5","4","5","3","5","5","5","5","5","5","5","5","5","3","5","1","5","5","5","1","3","4","5","5","5","3","4","5","1","3","1","3","3","5","2","3","3","3","3","3","2","3","3","1","3","1","1","1","2",NA,NA,"23","Male","Black","Prolific"
"Not Disclosed",23,"1,11,15,35,29","1","11","15","35","29","5","4","4","5","4","5","5","4","3","3","3","1","3","2","5","3","4","1","5","4","5","3","3","3","4","3","3","4","4","2","5","3","2","4","4","4","5","5","5","4","5","2","3","4","4","3","3","2","5","4","3","4","4","3","5","4","4","4","4","3","5","3","2","4","4","4","5","4","5","3","4","2","3","3","3","3","3","3","5","3","4","3","4","2","5","3","5","3","4","3","1","3","5","1","3","4","2","4","3","4","3","3","2","3","4","2","2","2","4","4","2",NA,NA,"54","Female","White","Prolific"
"Not Disclosed",24,"13,29,30,31,23","13","29","30","31","23","5","5","5","5","5","5","5","4","5","5","5","4","5","4","4","3","5","3","5","5","5","5","5","5","5","5","5","3","5","3","4","4","4","4","5","5","5","4","5","4","5","3","4","3","4","4","4","3","5","4","4","5","5","4","5","5","5","4","5","3","5","5","4","5","5","5","4","4","5","4","5","3","4","4","5","4","4","3","5","4","5","5","4","4","5","5","5","4","5","3","2","2","5","3","4","4","3","2","2","2","4","3","2","4","2","2","3","2","3","3","1","0","1","30","Female","White","Prolific"
"Disclosed",25,"12,15,19,22,25","12","15","19","22","25","4","5","4","4","5","5","5","5","4","4","5","4","5","5","4","4","4","4","5","5","4","5","4","5","5","4","5","5","4","4","5","5","4","4","5","4","4","4","5","4","5","5","5","4","5","5","5","4","4","3","4","4","5","5","4","4","4","5","5","4","4","4","4","4","5","5","5","5","5","4","5","4","5","4","4","5","5","4","4","4","5","4","5","4","4","4","4","5","4","4","4","5","5","5","4","5","5","5","4","4","5","4","4","4","4","5","5","4","4","4","2",NA,NA,"33","Female","White","Prolific"
"Disclosed",26,"9,13,15,19,24","9","13","15","19","24","5","4","5","5","5","5","5","4","5","5","5","4","5","5","5","5","5","5","4","5","5","5","5","4","5","5","5","4","5","4","5","4","5","5","5","5","5","5","5","5","5","4","4","5","5","5","5","5","5","5","5","5","5","4","5","5","5","5","5","4","5","4","5","5","5","5","5","5","5","5","5","4","4","5","5","5","5","5","5","5","5","5","5","4","5","5","5","5","5","4","2","5","2","4","5","4","4","2","2","2","5","4","4","5","2","4","4","4","1","4","1","0","6","33","Male","Black","Prolific"
"Not Disclosed",27,"12,14,16,19,20","12","14","16","19","20","2","4","2","5","4","4","4","5","4","4","5","2","4","4","4","2","2","4","4","4","5","5","5","1","5","5","5","2","5","4","5","4","4","5","5","5","5","5","5","5","5","5","5","5","5","5","5","5","5","5","5","5","5","5","5","5","5","2","5","5","5","5","2","5","5","5","5","5","5","5","5","1","4","5","4","2","4","2","5","5","4","5","5","1","5","5","5","1","5","5","5","5","2","5","5","2","5","1","4","2","5","5","5","5","1","5","5","5","4","2","1","15","6","41","Male","White","Prolific"
"Not Disclosed",28,"4,7,11,13,19","4","7","11","13","19","5","3","5","5","5","5","5","5","5","5","5","3","5","5","5","5","5","5","5","5","5","5","5","5","5","5","5","5","5","5","5","5","5","5","5","5","5","5","5","5","5","5","5","5","5","5","5","5","5","5","5","5","5","5","5","5","5","5","5","5","5","5","5","5","5","5","5","5","5","5","5","5","5","5","5","5","5","5","5","5","5","5","5","5","5","5","5","5","5","5","3","3","3","3","3","3","1","5","5","5","3","2","1","3","3","4","1","3","1","5","1","0","5","25","Female","White","Prolific"
"Not Disclosed",29,"6,13,15,21,30","6","13","15","21","30","3","4","3","5","4","4","4","4","4","4","5","2","3","3","4","3","5","2","4","4","4","2","3","5","4","5","5","4","3","3","4","5","4","5","5","5","5","5","5","5","5","3","5","4","4","4","5","3","5","4","5","4","4","5","5","5","5","4","4","4","4","5","4","5","4","4","4","4","5","4","4","3","3","4","4","4","5","3","4","4","4","3","4","5","5","5","5","5","4","4","2","3","4","2","3","3","2","4","4","4","3","3","3","4","5","3","3","3","4","4","2",NA,NA,"58","Male","White","Prolific"
"Not Disclosed",30,"20,35,27,28,32","20","35","27","28","32","1","1","1","1","1","1","1","1","1","1","1","1","1","1","1","1","1","1","1","1","1","1","1","1","1","1","1","1","1","1","1","1","1","1","1","1","1","1","1","1","1","1","1","1","1","1","1","1","1","1","1","1","1","1","1","1","1","1","1","1","1","1","1","1","1","1","1","1","1","1","1","1","1","1","1","1","1","1","1","1","1","1","1","1","1","1","1","1","1","1","5","5","1","5","5","1","5","1","1","1","5","5","5","5","1","5","5","5","1","1","1","30","6"," ","Male"," ","Prolific"
"Not Disclosed",31,"7,11,13,16,19","7","11","13","16","19","4","3","3","3","4","4","4","4","4","3","4","4","4","4","4","2","4","2","4","3","4","2","2","3","4","2","3","4","2","3","4","3","3","4","4","4","4","4","4","4","4","4","4","4","4","3","3","2","4","2","4","2","3","3","4","2","3","4","2","2","5","3","3","4","5","4","4","5","4","3","4","4","3","4","5","2","4","2","5","3","4","2","3","2","4","2","5","4","2","2","3","3","3","4","4","2","4","3","4","3","4","4","3","5","3","4","3","4","3","3","1","30","6","51","Male","White","Prolific"
"Not Disclosed",32,"5,16,19,24,28","5","16","19","24","28","1","1","1","1","1","1","1","1","1","1","1","1","1","1","1","1","1","1","1","1","1","1","1","1","1","1","1","1","1","1","1","1","1","1","1","1","1","1","1","1","1","1","1","1","1","1","1","1","1","1","1","1","1","1","1","1","1","1","1","1","1","1","1","1","1","1","1","1","1","1","1","1","1","1","1","1","1","1","1","1","1","1","1","1","1","1","1","1","1","1","4","5","1","5","5","2","5","1","1","1","5","5","3","5","1","4","5","5","1","1","1","30","6","43","Male","White","Prolific"
"Not Disclosed",33,"6,9,13,31,23","6","9","13","31","23","3","4","2","4","5","5","5","5","5","2","2","4","5","5","5","4","3","2","5","2","2","2","4","4","4","4","5","2","5","5","4","4","3","4","4","4","5","4","5","2","2","2","3","4","4","4","2","1","4","2","3","5","2","4","4","1","4","2","3","2","1","5","3","5","2","4","3","4","5","2","4","2","5","4","5","3","2","1","5","3","2","2","2","3","2","1","4","2","5","3","3","4","3","3","5","4","4","2","4","3","4","4","2","5","2","4","4","4","3","3","2",NA,NA,"30","Male","Black","Prolific"
"Disclosed",34,"6,13,18,30,31","6","13","18","30","31","2","5","4","5","4","4","4","3","5","4","5","1","2","4","2","2","5","5","4","4","4","4","4","5","4","5","5","4","5","2","4","5","5","5","5","5","5","4","5","2","4","2","5","4","2","2","5","4","5","5","4","5","5","5","5","5","5","4","5","5","5","5","5","5","5","5","5","4","5","4","5","2","4","4","5","2","5","2","5","4","5","5","5","5","5","5","5","5","5","5","2","2","5","1","2","5","1","5","5","4","2","2","4","4","5","4","4","2","5","5","2",NA,NA,"59","Male","White","Prolific"
"Not Disclosed",35,"7,9,11,13,24","7","9","11","13","24","5","5","4","5","5","5","5","5","5","5","5","3","5","5","4","4","5","3","5","5","5","5","5","5","5","5","5","4","5","5","4","2","2","5","4","4","5","5","5","4","5","2","2","4","4","3","4","1","5","4","4","4","5","2","5","3","4","3","5","3","5","5","3","5","5","5","5","5","5","5","5","3","5","5","5","5","5","3","5","5","5","5","5","5","5","5","5","5","5","5","3","4","4","3","5","4","4","2","2","3","4","4","3","4","3","4","4","3","2","3","2",NA,NA,"31","Female","White","Prolific"
"Disclosed",36,"19,20,26,27,31","19","20","26","27","31","5","4","2","5","5","5","5","4","5","5","5","1","2","4","4","4","5","3","4","5","5","5","4","1","4","5","5","5","5","5","4","5","5","5","4","5","5","5","5","5","5","5","4","5","5","4","5","4","5","4","5","5","4","3","5","5","5","5","5","3","5","4","4","4","5","5","5","5","5","5","5","4","2","4","5","4","5","5","5","5","5","5","5","4","5","5","5","5","5","5","4","4","2","4","4","1","4","3","4","4","3","4","5","3","4","4","4","3","2","3","2",NA,NA,"35","Female","Black","Prolific"
"Not Disclosed",37,"7,9,15,18,30","7","9","15","18","30","5","5","5","5","5","5","5","5","5","1","5","4","3","5","5","1","1","3","5","5","5","1","5","5","5","5","5","5","1","1","5","5","5","5","5","5","5","5","5","3","5","2","4","5","5","5","4","1","5","5","5","2","5","5","5","5","5","5","1","5","5","3","3","5","5","5","5","5","5","4","5","4","5","5","5","3","3","4","5","5","5","3","5","5","5","5","5","3","4","5","5","5","3","5","5","3","5","2","4","4","5","5","4","5","1","5","5","5","1","3","2",NA,NA,"64","Male","White","Prolific"
"Disclosed",38,"7,35,25,29,31","7","35","25","29","31","2","2","2","4","4","4","5","4","4","1","4","1","2","2","5","2","2","2","5","2","4","2","2","2","5","5","5","2","1","2","4","2","2","5","5","5","5","5","4","4","5","2","4","4","5","2","2","2","5","4","2","2","4","4","5","5","4","2","1","2","5","4","4","5","5","5","5","5","5","5","5","2","5","5","5","2","3","2","5","5","4","4","5","4","5","5","5","4","5","5","2","2","2","3","1","5","1","3","4","4","4","1","2","4","4","2","2","2","4","2","2",NA,NA,"57","Male","White","Prolific"
"Disclosed",39,"6,13,19,35,25","6","13","19","35","25","5","2","5","5","5","5","5","4","5","2","5","1","2","2","5","1","2","1","5","4","5","1","3","5","5","4","5","1","1","2","4","4","5","4","5","5","5","5","5","3","5","1","4","5","4","4","2","1","5","5","5","1","1","5","4","4","4","2","1","2","5","5","5","5","5","5","5","5","5","5","5","2","4","4","5","1","2","1","5","5","5","1","3","4","5","5","5","2","4","4","2","4","3","1","5","4","4","1","1","1","4","4","2","5","1","3","4","3","3","4","2",NA,NA,"57","Female","White","Prolific"
"Not Disclosed",40,"9,11,19,30,31","9","11","19","30","31","4","2","2","5","5","5","5","4","4","2","5","2","2","2","4","3","4","2","5","4","4","2","4","2","4","5","5","2","3","1","5","4","3","5","5","5","5","5","5","4","5","2","2","5","4","5","5","1","5","4","4","4","5","4","5","5","5","2","4","3","5","4","4","5","5","5","5","4","5","5","5","2","2","4","4","2","4","2","5","5","5","4","5","5","5","5","5","4","3","4","1","4","3","3","4","4","2","2","3","4","4","4","4","4","5","3","4","2","4","3","2",NA,NA,"49","Female","White","Prolific"
"Disclosed",41,"4,9,18,21,31","4","9","18","21","31","5","5","5","5","5","5","5","4","5","5","5","5","5","5","4","4","5","4","5","5","5","5","4","4","4","4","5","5","4","4","5","5","4","5","4","5","5","5","5","5","5","4","5","5","4","4","4","4","5","4","5","5","5","5","4","4","5","4","5","4","5","4","4","5","5","5","5","5","5","5","5","4","5","4","5","4","5","5","5","4","5","5","4","4","4","4","5","4","5","4","5","5","4","5","4","5","5","4","4","4","5","5","4","4","5","4","5","4","5","4","2",NA,NA,"25","Female","White","Prolific"
"Disclosed",42,"9,13,24,29,23","9","13","24","29","23","4","4","4","4","4","4","4","4","5","4","4","4","4","4","4","4","4","4","5","4","4","4","4","4","5","4","4","4","4","4","5","5","5","5","5","5","5","5","5","5","5","5","5","5","5","4","5","4","5","5","5","5","5","5","5","5","5","5","5","5","5","5","5","5","5","5","5","5","5","5","5","5","5","5","5","5","4","4","5","5","5","5","5","4","5","5","5","5","5","5","4","4","3","4","4","2","4","2","2","2","4","4","4","4","2","3","4","4","2","4","1","1","2","40","Male","White","Prolific"
"Not Disclosed",43,"9,13,22,35,24","9","13","22","35","24","5","4","2","5","5","5","5","5","5","3","5","1","3","4","4","2","4","4","5","4","4","2","4","2","5","5","5","2","4","1","4","4","4","5","4","5","5","4","5","3","5","2","4","4","5","2","4","2","5","5","5","2","4","4","5","4","5","2","4","2","5","3","2","5","5","5","5","4","5","3","5","1","4","4","4","2","4","4","5","4","5","2","4","4","5","4","5","2","4","2","2","4","3","3","4","4","2","2","4","2","4","4","3","4","4","4","2","2","3","4","1","0","1","55","Female","White","Prolific"
"Not Disclosed",44,"4,11,25,29,23","4","11","25","29","23","3","3","5","5","5","4","5","5","5","5","3","3","4","3","5","5","4","2","4","4","5","2","3","5","4","2","5","3","4","3","4","5","5","5","5","5","5","4","5","3","5","4","5","5","4","4","3","3","5","4","4","3","3","4","5","2","5","3","5","4","4","5","4","5","4","4","4","4","4","5","5","4","5","4","5","3","5","2","4","4","4","2","4","4","5","3","5","3","5","4","1","3","3","1","2","4","1","4","4","4","2","1","1","2","4","2","2","1","3","3","2",NA,NA,"69","Female","White","Prolific"
"Disclosed",45,"9,11,14,17,29","9","11","14","17","29","5","5","5","5","5","5","5","5","5","5","5","5","5","5","5","4","5","5","5","5","5","5","5","5","5","5","5","5","4","5","5","5","5","5","5","5","5","5","5","5","5","5","5","5","5","4","5","5","5","5","5","5","5","5","5","5","5","5","5","5","5","5","5","5","5","5","5","5","5","5","5","4","5","5","5","4","4","5","5","5","5","5","5","5","5","5","5","4","5","5","2","4","2","3","5","3","4","3","4","4","5","5","4","4","3","4","4","3","2","3","2",NA,NA,"24","Female","White","Prolific"
"Disclosed",46,"11,35,29,30,23","11","35","29","30","23","5","5","3","5","5","5","5","5","5","5","5","2","4","5","5","2","4","4","5","4","4","5","5","3","5","5","5","2","5","2","5","3","3","5","5","5","5","5","5","4","4","3","3","3","4","3","4","2","5","4","5","5","5","4","5","4","5","4","5","2","5","2","4","5","5","5","5","5","5","5","5","2","2","5","5","3","4","4","5","4","5","5","5","3","5","5","5","2","5","4","4","3","2","4","4","2","4","1","1","1","5","4","2","5","1","4","3","2","3","2","1","0","4","38","Female","White","Prolific"
"Disclosed",47,"6,9,24,31,23","6","9","24","31","23","2","5","4","5","2","5","4","2","5","2","5","1","1","1","2","2","5","4","3","1","4","3","3","4","4","4","5","1","5","4","2","2","2","5","5","2","5","2","5","4","5","2","3","2","4","4","4","2","5","4","4","3","4","4","4","4","5","2","5","4","2","1","2","5","2","2","5","2","4","1","5","1","1","2","2","2","2","1","4","4","4","3","2","2","2","4","5","1","5","2","1","2","3","3","3","2","2","5","1","5","4","1","1","4","5","4","2","1","1","4","1","0","2","64","Female","White","Prolific"
"Disclosed",48,"1,6,15,35,25","1","6","15","35","25","4","5","5","5","5","5","5","5","5","5","5","3","4","3","5","3","4","3","5","5","5","3","5","4","5","4","5","5","3","5","4","4","5","5","5","5","5","5","5","5","5","2","5","4","4","4","4","2","5","5","5","4","4","3","5","4","5","2","4","4","5","5","5","5","5","5","5","5","5","5","5","2","5","5","5","5","5","4","5","5","5","4","5","5","4","4","5","5","5","5","2","2","4","3","5","4","4","3","4","4","4","4","2","4","3","4","3","2","4","4","2",NA,NA,"43","Female","White","Prolific"
"Not Disclosed",49,"15,17,35,29,30","15","17","35","29","30","5","5","5","5","5","5","5","5","5","5","5","4","5","5","5","5","5","5","5","5","2","5","5","5","5","5","5","5","5","5","5","5","5","5","5","5","5","5","5","5","5","4","5","5","5","5","5","4","5","5","5","3","4","5","5","5","5","5","5","5","5","5","5","5","5","5","5","5","5","5","5","5","5","5","5","5","5","5","5","5","5","3","5","5","5","5","5","5","4","5","1","4","4","2","4","4","2","3","1","2","2","4","1","4","5","2","2","1","2","2","2",NA,NA,"31","Male","Black","Prolific"
"Not Disclosed",50,"6,9,13,15,31","6","9","13","15","31","5","5","4","5","5","5","5","5","5","5","5","4","5","5","5","4","4","1","5","5","5","1","5","4","5","5","5","1","5","1","5","4","4","5","5","5","5","5","5","5","5","5","2","5","4","5","4","1","5","5","5","1","5","5","5","5","5","2","5","1","5","5","5","5","5","5","5","5","5","5","5","4","5","5","5","5","4","2","5","5","5","1","5","5","5","5","5","2","5","1","3","4","5","4","5","5","4","3","2","4","5","4","2","5","2","2","3","3","1","5","1","0","4","38","Male","White","Prolific"
"Not Disclosed",51,"4,11,15,16,35","4","11","15","16","35","3","4","1","4","5","5","4","4","4","4","4","2","2","2","4","1","2","2","4","1","3","1","1","4","4","4","4","1","3","1","4","5","2","5","2","5","5","4","5","4","4","2","4","3","3","4","3","1","4","4","4","4","4","4","4","5","4","5","2","3","2","4","1","4","4","4","4","3","4","4","4","1","3","2","2","1","1","1","4","2","2","1","4","1","5","4","4","2","4","1","3","4","1","3","4","4","4","1","1","1","3","4","4","5","1","2","4","3","2","3","1","0","6","42","Female","White","Prolific"
"Disclosed",52,"6,9,18,19,35","6","9","18","19","35","3","4","3","5","4","4","4","3","4","3","4","3","4","4","4","3","2","3","4","2","4","2","3","2","4","4","5","2","3","1","2","2","2","4","3","4","4","3","4","3","4","2","2","2","2","2","3","2","4","2","4","2","2","2","4","4","4","1","2","1","4","4","4","5","4","4","5","4","4","4","4","2","4","4","4","4","3","3","5","3","4","4","3","4","5","5","5","4","4","3","1","3","4","3","3","4","1","3","4","4","4","2","1","4","4","3","2","1","4","5","1","0","2","35","Female","White","Prolific"
"Disclosed",53,"1,5,19,25,29","1","5","19","25","29","3","2","3","3","2","3","3","4","3","3","3","2","3","3","4","4","4","4","3","4","3","2","4","3","2","4","3","2","3","2","4","3","2","3","3","3","3","2","3","2","2","4","2","2","4","3","3","4","3","3","3","3","3","3","4","4","3","3","3","3","3","2","3","3","3","2","2","3","2","3","3","2","2","3","4","3","3","4","3","3","3","4","3","3","3","3","2","2","2","3","3","2","3","4","3","4","3","3","3","3","2","3","3","3","3","4","3","3","4","4","2",NA,NA,"32","Male","White","Prolific"
"Disclosed",54,"6,7,11,13,29","6","7","11","13","29","4","4","3","4","4","4","4","4","4","4","4","2","3","3","4","4","4","3","4","3","4","4","4","4","4","4","3","4","4","4","4","3","3","3","3","4","4","4","4","4","4","2","3","3","3","3","4","4","4","3","4","4","4","4","4","3","3","3","4","3","4","4","4","4","4","4","4","4","4","4","4","3","4","4","4","4","4","4","4","4","4","4","4","4","4","4","4","4","4","4","3","3","3","4","4","3","3","2","3","3","3","4","3","4","2","3","3","3","4","3","1","7","4","23","Female","White","Prolific"
"Disclosed",55,"22,24,25,26,31","22","24","25","26","31","5","5","4","4","5","5","3","4","3","5","5","5","5","4","5","2","5","5","5","5","3","3","4","4","5","3","4","4","5","3","3","5","4","3","4","3","4","3","4","4","4","4","4","4","3","3","3","4","4","4","4","4","5","4","5","4","3","4","3","4","3","5","5","4","4","4","4","5","5","4","4","4","4","4","4","4","4","5","5","5","5","4","5","5","4","4","4","5","4","5","2","3","3","3","4","4","3","3","2","3","4","4","1","5","3","2","4","3","4","4","1","30","6","38","Female"," ","Prolific"
"Not Disclosed",56,"9,19,22,28,29","9","19","22","28","29","4","4","4","3","4","5","5","5","5","3","4","2","4","3","3","2","4","5","4","5","4","5","4","5","5","4","4","3","5","5","5","2","5","4","4","5","5","4","5","3","3","2","3","2","4","3","2","1","5","5","4","5","5","5","5","4","4","4","5","4","4","5","4","4","5","5","5","5","5","2","5","2","4","4","4","1","4","3","5","5","5","4","4","5","5","5","4","4","5","3","4","3","3","3","5","2","1","5","3","3","4","2","2","4","5","3","3","1","1","4","2",NA,NA,"33","Female","White","Prolific"
"Not Disclosed",57,"6,11,15,35,24","6","11","15","35","24","5","5","5","5","5","5","5","5","5","5","5","4","5","5","5","5","5","3","5","5","5","5","5","5","5","5","5","5","5","5","5","5","5","5","5","5","5","5","5","3","5","3","3","5","5","4","5","3","5","5","5","5","4","5","4","4","5","4","5","4","5","5","5","5","5","5","5","5","5","5","5","4","5","4","5","5","5","3","5","5","5","5","5","5","5","5","5","5","5","5","3","4","1","5","5","1","5","1","2","1","5","5","3","5","1","3","5","3","1","1","2",NA,NA,"30","Male","White","Prolific"
"Disclosed",58,"4,6,9,11,35","4","6","9","11","35","4","4","5","5","4","5","5","4","5","5","5","3","4","4","5","2","1","2","5","3","4","2","4","4","4","3","5","2","1","1","4","3","4","5","5","4","5","4","3","4","5","2","3","5","5","3","3","2","5","5","4","2","5","4","4","3","5","3","2","1","4","3","5","5","5","4","5","4","4","4","5","3","3","3","4","3","2","2","5","4","4","2","4","4","4","4","5","2","2","2","1","1","3","1","5","2","1","3","2","4","2","3","1","3","2","3","3","1","1","4","1","0","4","34","Male","White","Prolific"
"Not Disclosed",59,"5,7,11,12,19","5","7","11","12","19","5","4","4","4","4","4","4","4","5","4","3","3","4","4","5","5","4","1","5","4","2","5","3","3","4","5","4","5","3","4","5","5","5","5","4","4","3","4","4","3","4","4","4","5","4","5","4","1","5","4","4","5","4","4","4","4","4","3","3","4","5","4","5","5","4","5","4","5","4","3","5","3","5","4","5","4","3","2","3","5","5","4","4","3","3","5","5","3","4","4","3","4","4","4","5","2","3","1","4","3","5","3","4","4","4","2","1","4","3","5","2",NA,NA,"32","Female","White","Prolific"
"Disclosed",60,"13,18,21,22,25","13","18","21","22","25","2","3","3","2","2","2","2","2","2","2","3","1","4","2","3","3","4","1","2","2","2","1","2","2","3","3","2","4","2","2","4","2","4","2","2","3","2","2","3","2","2","4","3","2","2","3","2","1","4","3","2","1","4","2","3","3","3","3","2","1","3","2","1","2","2","2","2","3","3","3","3","3","2","2","2","4","1","2","2","4","2","1","3","2","3","4","3","4","1","1","3","3","1","2","4","2","4","1","1","1","4","4","2","4","1","4","4","4","1","1","1","30","6","49","Female","White","Prolific"
"Not Disclosed",61,"11,17,35,24,31","11","17","35","24","31","5","5","5","5","5","5","5","5","5","5","5","5","5","5","5","5","5","5","5","5","5","5","5","5","5","5","5","5","5","5","5","5","5","5","5","5","5","5","5","4","5","4","5","5","5","4","5","4","5","5","5","5","5","4","5","5","5","5","5","5","5","5","5","5","5","5","5","5","5","5","5","3","4","5","5","5","5","3","5","5","5","5","5","5","5","5","5","5","5","5","1","3","3","3","2","3","1","3","3","4","4","3","2","4","4","3","1","2","4","1","2",NA,NA,"42","Female","Black","Prolific"
"Disclosed",62,"6,9,11,14,24","6","9","11","14","24","4","4","3","2","4","3","3","2","3","3","4","3","4","4","4","4","4","2","2","4","4","4","2","2","3","3","4","3","4","4","3","4","4","5","5","4","4","4","5","4","4","3","4","5","4","3","4","4","4","5","4","3","3","4","4","3","5","3","4","5","3","2","5","4","3","5","3","4","4","2","4","3","4","3","4","3","4","2","5","3","3","4","4","2","4","4","3","4","4","2","4","3","5","5","3","5","4","1","3","2","4","3","4","5","1","5","3","4","4","2","1","25","6","23","Male","Mixed","Prolific"
"Disclosed",63,"6,13,28,30,31","6","13","28","30","31","2","2","4","4","4","4","4","3","5","2","4","2","2","4","4","5","2","1","4","4","5","4","2","5","5","5","5","2","5","2","2","2","4","4","4","5","4","5","5","3","4","4","2","4","4","5","2","2","4","4","5","5","4","5","4","5","5","2","5","2","4","4","4","5","4","5","4","2","5","3","4","3","2","4","4","5","4","3","4","4","4","5","4","5","4","5","5","1","5","2","4","4","4","4","4","3","4","1","3","2","4","5","2","4","1","4","3","4","2","1","1","10","6","22","Female","White","Prolific"
"Not Disclosed",64,"6,7,9,21,36","6","7","9","21","36","4","4","4","4","3","4","4","4","5","5","3","4","4","4","5","4","3","3","4","5","3","3","4","4","5","4","3","4","5","4","4","3","3","4","3","4","4","4","3","4","2","4","3","4","4","4","3","4","4","4","4","2","4","3","4","4","4","3","5","3","4","4","3","3","4","3","4","4","4","4","4","5","5","4","4","4","3","4","4","5","5","4","3","3","4","4","3","4","4","4","4","5","5","5","3","4","4","1","3","4","4","4","5","4","1","4","3","4","4","1","1","29","6","22","Female","Asian","Prolific"
"Disclosed",65,"11,13,26,28,23","11","13","26","28","23","5","3","3","5","5","4","5","4","5","5","5","1","2","3","3","4","4","3","5","4","5","5","4","5","5","3","4","4","5","3","5","2","2","5","5","5","5","4","5","4","5","2","2","3","3","3","2","2","5","4","4","5","4","4","5","4","4","3","5","3","4","2","4","5","5","4","5","5","5","4","4","2","3","4","2","2","4","4","5","4","3","5","3","4","5","4","5","2","5","3","1","2","3","1","4","5","1","3","2","4","2","2","1","2","5","1","1","1","5","2","2",NA,NA,"23","Female","White","Prolific"
"Disclosed",66,"13,28,29,31,23","13","28","29","31","23","5","4","3","5","5","5","5","5","5","5","5","3","3","4","4","4","5","3","5","4","5","3","4","5","5","5","4","3","5","5","5","4","3","5","4","5","5","5","5","4","5","3","3","4","4","4","4","4","5","5","4","4","5","5","5","5","5","4","5","4","5","3","3","5","5","5","5","4","5","4","5","3","3","4","4","4","5","2","5","4","5","5","4","5","5","5","5","3","5","4","1","2","2","2","4","5","3","2","1","4","4","3","1","4","2","4","1","1","3","2","1","0","2","24","Female","White","Prolific"
"Disclosed",67,"6,17,24,28,23","6","17","24","28","23","3","4","3","1","4","3","2","2","1","2","2","2","4","4","3","4","1","3","4","3","4","4","2","4","1","1","1","2","2","4","4","2","4","5","5","4","3","4","2","4","4","5","3","4","3","2","1","2","2","2","4","1","2","4","3","2","2","4","3","2","4","4","4","5","4","3","2","4","1","4","2","4","3","4","3","2","1","2","4","2","3","1","2","4","3","2","2","4","5","3","4","3","4","3","4","4","4","3","4","4","4","3","3","3","3","2","4","3","3","3","1","0","6","26","Female","White","Prolific"
"Disclosed",68,"13,22,24,25,29","13","22","24","25","29","5","5","4","5","5","5","5","5","5","4","5","4","4","4","5","4","4","4","5","5","5","4","5","5","5","5","5","4","4","5","5","5","5","5","5","5","5","5","5","5","5","4","4","4","5","4","4","4","5","5","5","4","5","4","5","4","5","4","5","4","5","5","5","5","5","5","5","5","5","5","5","4","5","5","5","5","5","4","5","5","5","4","5","5","5","5","5","5","5","5","2","3","4","3","4","3","3","3","2","4","4","3","2","4","2","3","3","2","2","4","2",NA,NA,"49","Female","White","Prolific"
"Disclosed",69,"20,22,25,31,23","20","22","25","31","23","5","3","3","5","5","4","5","4","5","5","5","1","4","4","4","4","3","5","5","5","5","3","4","3","5","5","5","4","5","3","5","1","1","5","5","5","5","5","5","5","5","1","5","5","5","5","5","1","5","5","5","5","5","1","5","4","5","1","5","5","5","3","3","5","5","5","5","5","5","5","5","3","4","5","5","5","3","5","5","5","5","5","5","3","5","5","5","3","5","5","4","4","3","4","5","3","3","3","4","3","4","4","3","4","4","3","3","3","3","3","1","0","4","25","Female","White","Prolific"
"Disclosed",70,"4,6,13,15,25","4","6","13","15","25","4","3","4","4","4","5","4","4","5","4","4","3","4","3","4","3","4","3","4","3","4","4","4","3","4","4","5","3","5","4","4","4","3","5","5","5","5","4","4","4","5","2","4","4","4","3","4","2","4","4","4","3","4","3","5","4","4","3","5","4","4","4","3","5","4","4","5","4","5","4","4","2","4","4","4","3","4","4","5","3","4","5","5","4","5","4","5","3","5","4","4","4","3","4","5","3","4","2","2","2","4","5","3","4","2","4","4","4","3","2","1","0","6","37","Female","Asian","Prolific"
"Disclosed",71,"6,9,22,35,25","6","9","22","35","25","4","5","5","5","4","4","5","5","5","5","4","5","4","5","4","5","5","4","5","5","4","4","5","5","5","5","4","4","4","4","4","4","4","5","5","4","4","4","4","5","5","4","4","5","4","4","4","4","4","4","5","5","4","5","5","5","4","5","5","4","4","5","5","4","4","4","5","4","5","4","4","5","5","5","5","5","5","5","5","5","5","5","5","4","4","4","5","5","5","4","4","4","2","5","5","2","5","3","3","5","4","5","4","5","2","4","5","4","2","3","2",NA,NA,"25","Male","Black","Prolific"
"Not Disclosed",72,"4,5,6,16,25","4","5","6","16","25","3","2","4","5","5","5","5","3","2","4","4","5","5","2","5","2","1","2","5","5","3","1","5","5","5","4","5","2","5","1","5","5","5","5","5","5","5","5","5","5","5","5","5","5","5","5","2","3","5","5","5","3","3","5","2","5","5","5","3","1","5","5","5","5","5","5","5","5","5","5","5","5","5","5","5","5","5","5","5","5","5","5","5","5","5","5","5","5","5","5","2","5","4","5","5","2","4","1","2","1","5","5","4","5","1","4","4","5","2","2","2",NA,NA,"32","Male","White","Prolific"
"Not Disclosed",73,"6,7,21,30,31","6","7","21","30","31","1","1","1","1","1","1","1","1","1","1","1","1","1","1","1","1","1","1","1","1","1","1","1","1","1","1","1","1","1","1","1","1","1","1","1","1","1","1","1","1","1","1","1","1","1","1","1","1","1","1","1","1","1","1","1","1","1","1","1","1","1","1","1","1","1","1","1","1","1","1","1","1","1","1","1","1","1","1","1","1","1","1","1","1","1","1","1","1","1","1","1","2","5","3","3","5","1","3","5","5","3","3","3","3","3","3","3","3","3","5","2",NA,NA,"38","Male","White","Prolific"
"Disclosed",74,"6,9,35,29,31","6","9","35","29","31","4","1","1","5","4","4","5","5","5","4","5","1","1","4","1","1","4","1","5","1","2","3","2","1","5","3","5","4","4","2","5","1","1","5","4","3","5","4","5","2","5","1","1","1","1","1","2","1","5","1","3","1","4","1","5","4","4","1","4","1","1","1","1","1","1","1","1","1","1","1","1","1","1","1","1","1","1","1","1","1","1","1","1","1","1","1","2","1","2","1","3","4","5","3","4","5","3","4","2","3","4","4","3","4","4","3","3","3","4","4","1","30","6","37","Female","White","Prolific"
"Disclosed",75,"11,15,20,30,31","11","15","20","30","31","3","5","4","5","4","4","5","5","5","4","5","2","4","2","5","5","3","3","5","5","5","5","5","5","5","5","5","2","5","2","5","5","5","5","5","5","5","5","5","5","5","2","4","2","5","5","4","3","5","5","5","4","5","5","5","5","5","4","5","3","3","5","5","5","5","5","5","5","5","5","5","2","5","3","5","5","4","4","5","5","5","5","5","5","5","5","5","3","5","5","4","5","2","3","5","3","4","1","1","1","5","4","1","5","1","3","5","4","1","1","1","1","2","38","Female","White","Prolific"
"Not Disclosed",76,"7,13,15,35,31","7","13","15","35","31","5","5","4","5","5","5","5","5","5","5","5","3","4","5","5","5","5","3","5","5","5","5","5","5","5","5","5","5","5","5","5","4","4","5","5","5","5","5","5","5","5","3","3","5","5","5","5","3","5","5","5","5","5","5","5","5","5","5","5","3","5","5","5","5","5","5","5","5","5","5","5","3","5","5","5","5","5","3","5","5","5","5","5","4","5","5","5","5","5","4","3","3","3","3","5","3","3","3","1","3","3","3","4","3","1","3","4","3","3","3","1","0","2","26","Male","White","Prolific"
"Not Disclosed",77,"1,12,16,18,25","1","12","16","18","25","4","3","2","4","3","4","4","4","2","4","4","4","3","3","4","3","3","1","4","3","3","1","3","1","4","4","1","2","1","1","3","4","1","3","2","2","3","4","2","4","3","4","4","3","4","3","2","1","4","3","3","2","3","2","4","2","1","3","1","2","4","4","4","4","4","4","4","4","4","4","4","4","4","4","4","4","4","4","4","4","4","4","4","4","4","4","4","4","4","4","5","4","2","3","4","2","3","1","1","2","4","3","3","4","1","3","3","3","2","2","1","30","6","47","Male","Other","Prolific"
"Not Disclosed",78,"6,9,11,13,28","6","9","11","13","28","4","1","2","5","4","5","5","4","5","5","5","2","2","4","5","2","4","2","5","4","4","4","4","5","5","2","4","2","4","2","4","1","1","5","5","5","5","5","5","5","5","1","2","5","2","2","2","1","5","4","4","4","2","2","5","1","4","1","5","2","4","1","1","5","5","5","5","5","5","5","5","2","2","4","5","2","4","2","5","4","5","4","4","5","5","2","5","2","4","2","4","2","5","4","5","4","4","2","2","5","4","4","2","4","5","2","1","1","5","4","1","0","1","33","Male","Other","Prolific"
"Not Disclosed",79,"6,7,9,11,31","6","7","9","11","31","5","5","3","5","5","5","5","5","5","5","5","2","4","4","5","3","4","3","5","5","5","5","5","3","5","5","5","3","5","3","5","4","2","5","5","5","5","5","5","5","5","2","3","5","4","2","5","2","5","4","5","5","5","4","5","5","5","2","5","2","5","4","4","5","5","5","5","4","5","5","5","2","4","4","5","3","5","4","4","4","5","5","5","5","5","5","5","2","4","4","4","5","3","2","5","2","5","1","2","4","5","5","4","5","1","5","5","5","2","4","1","0","2","48","Male","White","Prolific"
"Not Disclosed",80,"13,35,28,29,30","13","35","28","29","30","5","5","5","5","5","5","5","5","5","5","5","5","5","5","5","5","5","5","5","5","5","5","5","5","5","5","5","5","5","5","5","5","5","5","5","5","5","5","5","5","5","4","5","5","5","5","5","5","5","5","5","5","5","5","5","5","5","5","5","5","5","5","5","5","5","5","5","5","5","5","5","2","5","5","5","5","5","3","5","5","5","5","5","4","5","5","5","5","5","5","2","3","4","2","4","3","4","4","4","4","3","3","3","4","4","2","3","2","3","4","2",NA,NA,"64","Male","White","Prolific"
"Not Disclosed",81,"4,11,12,13,22","4","11","12","13","22","5","4","5","5","5","5","4","5","4","5","5","4","5","5","4","5","3","5","4","5","5","4","4","4","4","5","4","3","4","4","4","5","5","5","5","4","5","4","5","5","4","4","5","5","4","5","4","5","5","5","5","4","4","4","4","4","5","3","3","4","4","4","5","5","5","4","4","4","4","5","5","5","5","4","3","5","3","5","4","5","5","4","5","5","4","4","4","4","4","4","2","3","4","2","2","4","3","2","3","4","3","3","2","4","2","3","3","3","2","3","1","0","4","19","Male","White","Prolific"
"Not Disclosed",82,"16,18,24,29,32","16","18","24","29","32","4","2","2","1","2","2","1","2","2","2","2","2","1","2","1","1","2","1","1","2","1","1","2","2","2","1","2","2","1","1","1","2","2","1","2","1","1","2","1","1","1","2","2","2","2","1","1","1","2","2","1","1","1","2","2","1","1","2","1","2","4","1","4","2","2","4","2","2","2","2","2","2","1","2","2","2","2","3","1","4","1","1","3","4","4","1","2","5","2","1","4","4","4","5","5","2","4","2","4","2","4","5","4","4","2","4","5","4","2","4","1","10","6","35","Male","Asian","Prolific"
"Disclosed",83,"22,28,29,31,23","22","28","29","31","23","2","5","2","4","5","4","4","3","5","4","4","1","2","2","4","4","4","5","5","3","3","5","5","5","5","5","5","4","5","3","4","4","2","5","5","5","5","4","5","5","5","2","2","4","3","5","5","2","5","4","5","5","5","4","5","5","5","2","5","3","2","4","2","5","5","5","5","2","5","5","5","4","3","3","5","5","5","5","5","4","4","4","5","4","5","5","5","4","5","1","2","3","3","3","5","1","3","2","3","3","3","4","2","4","3","4","2","4","2","3","2",NA,NA,"31","Female","Black","Prolific"
"Disclosed",84,"1,7,17,19,27","1","7","17","19","27","4","4","1","5","4","4","5","4","4","2","5","1","1","4","2","2","1","1","5","3","4","2","3","3","5","5","5","1","5","1","5","2","2","5","4","4","5","5","5","4","5","2","3","4","4","2","3","2","5","4","5","3","3","5","3","4","5","1","5","2","4","5","2","5","4","4","5","4","5","4","4","2","2","4","2","1","4","1","5","2","4","4","5","5","4","4","5","2","4","3","2","4","3","4","5","4","5","2","1","4","3","4","2","5","2","3","4","1","1","3","1","30","6","51","Male","White","Prolific"
"Disclosed",85,"16,17,18,19,20","16","17","18","19","20","1","1","1","1","1","1","1","1","1","1","1","1","1","1","1","1","1","1","1","1","1","1","1","1","1","1","1","1","1","1","1","1","1","1","1","1","1","1","1","1","1","1","1","1","1","1","1","1","1","1","1","1","1","1","1","1","1","1","1","1","1","1","1","1","1","1","1","1","1","1","1","1","1","1","1","1","1","1","1","1","1","1","1","1","1","1","1","1","1","1","1","4","5","5","4","4","4","2","2","5","5","4","3","5","5","3","2","3","4","5","1","0","6","47","Male","White","Prolific"
"Disclosed",86,"4,5,6,19,28","4","5","6","19","28","4","4","4","5","5","4","5","5","4","4","4","4","4","3","4","4","4","3","5","4","4","4","4","4","5","4","5","2","5","3","5","5","5","5","4","4","4","4","5","2","4","4","4","4","4","4","2","3","4","4","4","3","4","5","3","3","4","2","4","3","5","4","4","5","4","4","5","5","4","4","4","3","4","4","5","4","3","4","5","5","4","3","4","4","4","4","5","2","5","3","5","5","5","4","5","3","5","2","2","2","4","4","4","5","2","4","4","5","1","5","1","0","1","43","Male","White","Prolific"
"Not Disclosed",87,"6,9,13,15,31","6","9","13","15","31","3","1","1","5","4","4","4","4","5","3","3","2","2","1","2","1","2","1","4","1","3","1","1","1","4","4","5","1","1","3","4","1","1","5","4","4","4","5","5","2","4","2","4","5","1","1","2","1","2","2","5","1","2","1","4","5","5","2","2","2","4","3","3","5","3","4","5","5","5","3","5","2","3","3","3","3","4","1","5","3","4","2","3","3","4","5","5","2","2","4","5","4","3","3","5","3","4","1","1","2","4","4","4","3","1","4","3","3","1","1","2",NA,NA,"41","Male","White","Prolific"
"Not Disclosed",88,"6,7,13,22,27","6","7","13","22","27","4","5","5","4","4","4","4","5","4","4","5","5","4","5","5","5","5","5","4","4","5","5","4","5","5","5","5","4","5","5","4","4","5","5","5","5","4","5","5","4","3","4","5","5","4","5","5","5","4","5","4","5","4","4","4","5","5","3","5","4","4","5","5","4","5","5","5","3","5","4","3","4","4","4","4","4","5","4","4","5","5","4","5","4","5","5","4","5","3","3","4","3","4","3","5","4","2","5","5","4","4","3","3","4","4","3","4","1","4","3","2",NA,NA,"39","Male","White","Prolific"
"Not Disclosed",89,"6,7,11,15,23","6","7","11","15","23","4","4","5","5","5","5","5","5","5","5","5","2","4","5","5","4","5","3","5","5","5","5","5","4","5","5","5","4","5","5","5","5","5","5","5","5","5","5","5","5","5","2","5","5","5","3","5","3","5","5","5","5","5","4","5","5","5","5","5","5","5","5","5","5","5","5","5","5","5","5","5","5","5","5","5","5","5","5","5","5","5","5","5","5","5","5","5","3","5","5","2","3","5","3","3","4","3","4","4","5","4","4","3","4","4","3","3","3","4","3","2",NA,NA,"49","Male","White","Prolific"
"Disclosed",90,"6,15,19,30,31","6","15","19","30","31","5","5","5","5","5","5","5","5","5","5","5","5","5","5","5","5","5","5","5","5","5","5","5","5","5","5","5","5","5","5","5","5","5","5","5","5","5","5","5","5","5","5","5","5","5","5","5","5","5","5","5","5","5","5","5","5","5","5","5","5","5","5","5","5","5","5","5","5","5","5","5","5","5","5","5","5","5","4","5","5","5","5","5","5","5","5","5","5","5","5","3","3","3","4","5","2","4","2","2","2","5","4","2","4","2","3","3","4","2","4","1","0","4","66","Female","White","Prolific"
"Not Disclosed",91,"1,7,13,18,24","1","7","13","18","24","1","4","4","4","2","2","4","2","2","4","4","3","2","2","2","2","1","1","4","4","4","2","2","2","2","1","2","3","2","3","3","3","4","4","4","2","1","2","1","3","2","1","3","1","4","2","1","1","2","4","2","1","1","2","1","4","2","1","1","2","4","1","2","4","2","1","4","1","2","2","2","1","2","3","4","1","2","4","4","4","2","2","2","3","1","5","4","2","2","4","2","4","1","4","5","2","4","4","3","2","5","4","2","4","1","2","4","5","5","2","1","16","5","49","Male","White","Prolific"
"Disclosed",92,"6,11,35,24,31","6","11","35","24","31","4","4","4","5","4","5","4","4","5","2","5","3","2","4","3","3","2","2","5","3","4","2","4","4","4","5","5","2","2","1","5","4","4","5","5","5","5","4","5","4","5","4","3","5","4","3","3","2","5","5","5","3","5","5","5","5","5","2","2","2","5","5","5","5","5","5","5","5","5","5","5","4","5","5","5","5","4","4","5","5","5","5","5","5","5","5","5","4","4","3","3","3","3","4","4","3","2","2","2","3","4","3","3","4","4","3","2","2","4","4","2",NA,NA,"53","Female","White","Prolific"
"Not Disclosed",93,"9,11,17,18,19","9","11","17","18","19","5","5","4","4","4","5","5","4","4","4","4","4","5","5","5","4","4","4","4","5","4","2","4","4","4","3","4","2","5","4","5","4","5","5","5","5","5","5","5","5","5","5","5","5","5","4","4","5","5","4","5","5","4","4","5","3","5","3","5","5","5","5","5","5","5","5","5","5","5","5","5","4","5","5","5","5","5","4","5","5","5","4","5","5","4","4","4","4","5","5","2","3","2","2","4","3","3","1","1","1","4","3","3","4","2","2","3","2","2","1","2",NA,NA,"50","Female","White","Prolific"
"Not Disclosed",94,"5,6,9,18,19","5","6","9","18","19","4","4","4","4","4","4","4","4","3","4","4","4","4","4","4","5","4","3","4","4","4","2","4","3","3","2","5","3","2","2","4","4","4","5","4","4","4","4","4","4","4","4","4","4","4","3","4","4","4","4","4","2","4","4","4","3","4","3","4","3","4","4","4","4","4","5","4","4","4","4","4","3","4","4","4","4","4","4","3","4","4","2","4","4","3","2","4","2","4","2","4","4","3","3","4","2","4","4","3","2","4","4","3","4","1","3","4","4","2","2","1","5","6","49","Male","White","Prolific"
"Disclosed",95,"6,9,14,29,23","6","9","14","29","23","4","5","5","5","5","5","5","5","5","5","5","2","4","4","5","5","4","4","5","4","5","4","4","5","5","5","5","3","5","2","5","4","5","5","5","5","5","5","5","5","5","2","4","4","5","4","2","3","5","5","5","4","4","5","5","5","5","3","5","2","4","5","5","5","5","5","5","5","5","5","5","4","4","5","5","5","3","5","5","5","5","4","4","5","5","4","5","4","5","2","4","3","4","3","3","3","2","1","1","1","4","3","1","4","1","1","3","1","1","4","2",NA,NA,"49","Female","White","Prolific"
"Not Disclosed",96,"6,9,13,25,29","6","9","13","25","29","4","4","2","5","5","4","3","2","5","2","4","1","4","4","4","3","4","1","4","4","4","2","4","2","4","4","5","4","4","2","3","2","2","3","4","4","4","2","5","5","4","1","5","2","2","2","5","1","4","4","2","2","5","4","5","2","4","4","2","5","3","2","2","4","4","4","4","2","5","4","5","1","4","2","3","2","4","1","4","4","5","2","4","2","5","5","4","2","4","1","4","4","3","3","4","3","4","1","2","3","4","3","1","4","2","3","2","2","2","2","2",NA,NA,"49","Female","White","Prolific"
"Disclosed",97,"4,7,22,25,23","4","7","22","25","23","5","5","5","5","5","5","5","5","5","5","5","5","5","5","5","5","4","5","4","5","5","2","3","4","5","5","5","5","5","5","5","4","4","4","5","5","5","5","3","5","3","4","4","5","5","4","4","4","5","5","4","4","3","4","3","5","4","4","4","5","5","5","4","5","5","5","5","4","5","4","4","5","5","5","5","5","5","3","5","5","4","5","3","5","5","5","5","5","5","5","3","4","5","3","5","4","5","2","1","2","4","5","1","4","1","1","2","4","2","3","2",NA,NA,"24","Prefer not to say","White","Prolific"
"Not Disclosed",98,"13,15,27,28,29","13","15","27","28","29","2","4","2","3","2","2","4","2","4","4","3","1","2","4","2","2","2","2","4","2","4","1","4","4","5","4","4","4","2","1","2","4","2","4","4","4","4","4","4","4","4","2","2","2","2","2","2","1","5","2","4","1","4","5","5","4","3","4","2","2","2","5","4","4","2","4","2","1","4","4","4","2","1","4","2","2","2","1","4","2","4","1","3","4","4","4","2","4","1","2","2","4","2","4","4","4","5","2","2","2","4","4","4","4","2","4","3","5","2","2","2",NA,NA,"40","Male","White","Prolific"
"Disclosed",99,"9,22,24,25,28","9","22","24","25","28","3","5","4","5","5","4","4","4","5","4","5","3","3","2","4","3","3","5","4","4","4","4","4","4","5","4","4","3","3","4","5","4","5","5","5","5","5","5","5","4","5","3","4","5","4","5","4","2","5","4","5","4","5","5","5","5","5","4","3","5","3","4","5","5","5","5","5","4","5","4","5","2","2","2","4","4","3","5","4","4","4","5","4","5","5","5","5","4","3","5","1","1","5","1","1","5","1","3","1","3","1","1","1","1","3","1","1","1","3","4","1","0","4","38","Female","White","Prolific"
"Not Disclosed",100,"5,11,25,29,30","5","11","25","29","30","4","4","3","3","3","3","3","3","3","3","3","3","4","3","3","4","3","3","4","3","3","2","4","3","3","4","3","3","4","3","4","4","4","4","3","4","3","3","3","4","4","3","4","3","4","4","4","4","3","4","4","4","4","4","4","3","4","3","4","4","3","3","4","3","4","3","4","4","4","3","4","4","5","4","4","4","3","3","4","3","3","3","4","3","3","3","3","3","3","3","4","4","4","4","4","3","3","4","3","3","4","4","4","4","3","4","4","4","3","4","1","0","5","30","Male","Black","Prolific"
"Not Disclosed",101,"1,6,7,11,14","1","6","7","11","14","4","4","3","5","5","5","4","4","4","5","5","4","4","3","5","2","4","3","5","3","5","2","3","4","4","3","3","2","4","2","4","4","4","4","4","4","4","4","4","4","4","4","4","4","4","3","4","3","4","3","4","3","3","4","4","3","3","3","3","3","4","3","3","4","4","4","4","4","4","4","4","4","4","3","4","3","3","3","4","3","4","3","3","4","3","3","4","3","3","3","1","1","4","1","2","3","1","4","2","5","1","2","1","2","5","2","1","1","5","2","2",NA,NA,"67","Male","White","Prolific"
"Disclosed",102,"6,7,9,19,25","6","7","9","19","25","5","4","5","5","5","5","5","5","5","4","5","2","5","5","5","4","4","4","5","5","5","4","4","4","5","5","5","2","4","4","5","4","4","5","5","5","5","5","5","4","5","2","4","5","5","4","5","4","5","5","5","4","4","4","5","5","5","3","4","5","5","4","4","5","4","5","5","5","5","5","5","2","4","3","4","4","5","3","5","4","5","4","4","4","5","5","5","3","4","4","3","4","2","4","4","3","4","1","2","4","4","5","4","5","2","4","5","3","2","3","2",NA,NA,"30","Male","Asian","Prolific"
"Not Disclosed",103,"11,17,18,19,25","11","17","18","19","25","5","5","5","5","4","5","5","5","5","5","1","1","4","5","4","5","5","5","4","5","1","1","2","5","5","3","4","5","4","5","5","4","5","5","5","5","5","5","5","5","5","5","5","5","5","5","4","5","5","4","5","1","5","4","5","4","4","5","4","5","5","4","5","4","4","5","5","4","5","4","5","5","5","4","5","5","5","5","4","5","4","4","3","4","4","4","5","4","4","5","4","4","1","5","5","2","5","1","1","1","4","5","5","4","1","4","5","5","1","1","1","10","6","24","Male","White","Prolific"
"Disclosed",104,"9,13,24,27,29","9","13","24","27","29","5","4","4","5","5","5","5","5","5","4","5","4","5","4","5","5","5","3","5","5","4","5","5","4","5","5","5","4","3","4","5","4","3","5","5","5","5","5","5","5","5","3","4","4","4","5","5","2","5","5","5","5","5","4","5","5","5","3","3","4","4","4","4","5","5","5","5","5","5","4","5","3","3","4","4","5","4","2","5","5","4","4","5","4","5","5","5","3","3","4","3","4","5","4","5","3","3","3","3","4","4","4","4","5","4","5","4","4","3","4","2",NA,NA,"25","Male","Mixed","Prolific"
"Disclosed",105,"4,6,12,31,32","4","6","12","31","32","4","5","5","5","5","5","4","5","5","5","5","3","3","3","5","2","1","4","4","5","5","5","3","4","5","4","5","5","2","1","5","5","5","5","4","5","5","5","4","4","4","5","5","5","5","4","3","4","4","5","5","2","4","3","5","4","5","4","3","3","5","5","5","5","5","5","5","5","5","5","5","4","5","5","5","2","1","1","5","5","5","5","4","5","5","5","5","5","3","4","1","1","4","3","4","3","2","3","4","5","2","2","1","3","4","2","1","1","4","4","1","0","1","37","Female","White","Prolific"
"Disclosed",106,"6,15,19,21,29","6","15","19","21","29","4","4","5","5","5","5","5","5","5","4","5","3","4","5","5","3","5","3","5","5","5","3","4","5","5","4","5","4","5","4","4","5","4","5","5","5","5","5","5","4","5","2","4","1","5","3","5","4","5","5","5","4","4","3","4","3","4","4","5","4","4","5","5","5","5","5","5","5","5","4","5","3","4","5","5","3","5","5","5","5","5","3","4","4","5","4","5","4","4","4","2","3","4","3","4","3","2","4","4","4","4","2","2","3","4","2","4","2","4","2","2",NA,NA,"67","Male","White","Prolific"
"Not Disclosed",107,"11,13,16,22,23","11","13","16","22","23","5","5","5","5","5","5","5","5","5","5","5","5","5","5","5","5","5","5","5","5","5","5","5","4","5","5","5","4","5","5","4","5","5","4","5","5","5","5","5","5","5","4","5","4","5","4","5","5","5","5","4","5","4","4","4","4","5","5","5","5","5","5","5","5","5","5","5","5","5","5","5","5","5","5","5","5","5","5","5","5","5","5","5","5","5","5","5","4","5","5","2","3","4","1","4","3","1","4","4","4","3","3","2","3","4","2","1","2","5","5","2",NA,NA,"52","Male","White","Prolific"
"Disclosed",108,"1,9,17,22,30","1","9","17","22","30","4","3","4","4","3","4","3","4","3","4","3","3","4","4","4","4","4","3","3","3","3","4","3","3","3","4","3","3","3","4","4","3","3","3","4","3","3","4","3","3","4","3","3","3","3","3","3","3","4","4","3","4","4","3","3","3","3","4","3","3","4","4","3","3","4","3","3","4","3","4","3","4","3","3","3","3","4","3","3","3","3","3","3","4","4","4","4","3","3","4","3","4","3","4","3","4","4","3","3","3","3","4","4","4","3","4","3","3","3","3","1","5","2","48","Male","White","Prolific"
"Disclosed",109,"9,13,22,31,23","9","13","22","31","23","5","4","5","5","5","5","5","4","5","5","5","4","5","4","5","4","5","4","5","5","5","5","5","5","5","5","5","4","5","4","5","4","5","5","5","5","5","5","5","5","5","4","5","4","4","5","4","3","5","5","5","5","5","5","5","5","4","4","5","4","5","5","4","5","5","5","5","4","5","5","5","4","5","4","5","5","5","4","5","4","5","5","4","5","5","5","5","4","5","4","2","1","4","2","1","4","2","5","5","5","2","3","2","3","5","4","2","2","4","5","1","0","5","67","Female","White","Prolific"
"Disclosed",110,"12,14,17,27,28","12","14","17","27","28","5","5","5","3","5","5","5","3","5","3","5","1","5","2","5","5","5","3","5","5","5","4","4","5","3","4","5","1","5","5","5","5","3","4","5","4","5","5","5","3","5","5","4","5","4","4","3","5","5","4","5","4","5","4","5","3","5","3","3","3","5","3","5","5","5","5","5","4","5","5","3","5","5","5","5","5","5","3","5","5","5","5","5","5","5","5","5","1","5","5","2","5","5","5","5","2","5","1","4","2","5","5","5","5","1","4","4","5","3","3","1","0","2","26","Male","Black","Prolific"
"Not Disclosed",111,"4,11,24,25,27","4","11","24","25","27","5","4","5","5","4","5","4","5","5","4","5","2","5","4","4","5","2","4","5","5","5","4","4","5","5","4","5","2","5","4","5","4","2","5","4","5","4","5","5","4","5","2","4","5","4","4","2","2","4","4","4","2","4","5","5","4","4","1","4","4","5","5","5","5","5","5","5","4","5","4","5","4","4","4","4","4","5","4","4","5","5","3","5","4","5","5","5","4","5","4","2","4","4","2","4","4","2","2","2","2","4","4","4","5","1","4","4","4","2","4","1","0","2","29","Male","White","Prolific"
"Disclosed",112,"4,5,6,7,31","4","5","6","7","31","3","3","3","3","3","3","3","3","3","3","3","3","3","3","3","3","3","3","3","3","3","3","3","3","3","3","3","3","3","3","5","4","5","5","4","4","4","4","4","4","4","4","4","4","4","3","4","4","4","4","4","4","5","4","5","5","4","4","4","4","4","3","3","4","3","3","3","3","4","4","4","3","3","3","3","3","4","5","4","3","4","4","3","4","4","3","4","3","4","3","2","4","3","3","5","3","4","3","5","4","4","4","3","4","3","3","3","1","3","4","1","0","1","32","Female","White","Prolific"
"Not Disclosed",113,"7,17,18,19,24","7","17","18","19","24","5","4","5","5","5","5","4","5","4","4","5","3","5","5","5","4","5","4","5","5","4","3","4","4","4","4","4","4","3","3","5","4","4","5","5","4","4","5","4","4","5","5","5","5","5","5","4","3","5","4","5","3","4","5","4","4","3","2","4","3","5","5","4","4","4","5","4","4","4","4","4","5","5","5","4","4","5","5","4","4","4","3","4","4","4","3","4","4","3","4","4","3","2","4","4","3","4","3","4","2","4","4","3","4","3","4","3","4","3","3","1","3","5","48","Male","Black","Prolific"
"Disclosed",114,"4,13,15,24,23","4","13","15","24","23","2","5","1","4","4","2","5","4","5","4","4","2","1","2","5","1","2","2","4","1","4","2","1","4","4","2","2","1","5","1","5","4","2","5","2","2","4","5","5","4","5","2","4","4","4","5","4","1","4","1","4","5","2","2","5","4","5","1","5","2","1","2","1","1","4","2","4","5","4","4","5","2","1","2","4","4","5","2","4","2","5","5","5","4","4","2","5","2","5","1","5","5","1","5","5","1","4","1","2","2","5","5","5","5","1","5","4","4","2","2","1","0","5","35","Female","White","Prolific"
"Disclosed",115,"6,9,13,24,31","6","9","13","24","31","5","5","4","4","3","4","3","4","3","4","4","4","4","4","4","4","3","4","5","5","3","4","5","3","3","4","3","5","3","4","4","3","5","4","5","4","3","4","4","5","3","3","5","4","4","4","3","5","4","4","4","2","4","5","3","4","3","4","3","3","4","5","3","4","4","4","4","4","3","4","4","4","4","3","4","3","4","5","5","5","4","3","4","4","4","4","4","4","5","4","2","3","4","4","2","4","2","4","4","5","3","2","1","4","4","3","3","2","5","5","1",NA,"3","31","Female","White","Prolific"
"Not Disclosed",116,"1,7,15,35,28","1","7","15","35","28","5","4","5","5","5","5","5","5","5","5","5","2","5","5","5","4","5","3","5","5","5","5","4","5","5","5","5","5","5","4","5","4","3","5","4","5","5","5","5","4","4","2","4","4","4","2","4","3","5","3","4","4","3","5","5","5","5","5","3","5","5","4","3","5","5","5","5","4","5","4","5","2","5","4","5","3","3","3","5","5","4","4","3","5","5","5","5","4","5","4","2","4","5","3","3","3","1","4","4","5","3","2","3","4","4","4","3","2","4","5","2",NA,NA,"52","Female","White","Prolific"
"Not Disclosed",117,"11,12,19,28,29","11","12","19","28","29","4","5","5","4","5","5","4","4","5","4","5","4","4","4","4","4","3","4","3","4","4","5","4","4","4","5","3","2","4","4","5","4","4","4","5","4","4","5","4","4","4","5","4","4","4","5","5","4","3","4","4","5","4","5","5","4","2","2","4","4","4","5","4","4","4","4","3","5","4","3","3","5","4","5","5","4","4","4","3","4","4","5","4","4","4","4","5","2","4","4","5","5","2","5","5","2","4","1","3","2","5","5","5","5","1","5","5","5","1","5","1","0","4","21","Male","White","sona"
"Disclosed",118,"4,9,13,15,31","4","9","13","15","31","2","4","4","5","4","3","4","4","4","3","4","1","1","4","4","1","4","1","4","4","4","2","4","4","4","4","4","2","4","2","4","4","2","4","4","3","2","2","4","2","4","2","2","2","2","1","2","1","3","4","4","1","4","3","4","4","5","2","2","4","4","4","3","5","5","4","4","4","4","4","4","2","2","2","4","1","2","1","4","4","2","2","4","4","4","4","4","4","2","1","4","5","5","1","4","4","4","3","5","5","4","4","5","4","4","3","3","4","2","4","1","0","2","22","Male","White","sona"
"Not Disclosed",119,"4,6,7,13,31","4","6","7","13","31","5","5","4","5","5","5","5","5","5","5","5","5","5","5","5","4","5","4","3","5","5","4","4","5","5","5","5","5","5","5","5","5","5","5","5","5","5","5","5","5","5","5","5","5","5","5","5","5","5","5","5","5","5","5","5","5","5","5","5","5","5","5","5","5","5","5","5","4","5","4","5","3","4","5","5","4","5","4","5","4","5","5","5","5","5","5","5","4","4","4","3","1","5","3","5","5","3","3","1","4","4","3","1","4","4","2","2","1","1","3","2",NA,NA,"21","Male","Asian","sona"
"Not Disclosed",120,"6,11,18,28,23","6","11","18","28","23","5","5","5","5","5","5","5","5","5","1","5","1","5","5","5","5","5","5","5","5","1","5","5","5","5","5","5","5","5","5","5","3","5","5","5","5","5","5","5","5","1","1","5","4","5","5","5","5","5","5","1","5","5","5","3","5","5","1","5","5","5","5","5","4","5","5","5","5","5","1","1","3","5","3","5","5","5","5","5","5","5","5","5","3","3","5","5","3","3","5","2","4","4","4","4","5","3","3","4","4","4","4","2","4","2","3","3","3","3","5","2",NA,NA,"19","Male","Black","sona"
"Disclosed",121,"6,9,22,24,28","6","9","22","24","28","5","5","5","5","5","5","5","5","5","5","5","5","5","5","5","5","5","5","5","5","5","5","5","5","5","5","5","5","5","5","5","5","5","5","5","5","5","5","3","4","5","3","5","5","5","5","4","5","4","5","1","3","5","5","5","5","4","5","5","5","5","5","5","5","5","5","5","5","5","5","5","5","5","5","5","5","5","5","5","5","5","5","5","5","5","5","5","5","5","5","4","3","3","4","2","3","2","4","4","3","4","3","4","2","4","3","4","3","4","2","1","0","1","20","Female","Other","sona"
"Not Disclosed",122,"6,9,11,13,31","6","9","11","13","31","4","4","4","4","4","4","5","5","5","2","4","2","4","4","4","4","4","4","5","4","4","4","4","4","5","5","5","4","4","4","4","2","2","4","4","4","4","4","4","4","4","2","2","4","4","2","2","2","5","2","4","4","4","2","4","5","4","2","4","2","4","4","4","4","4","4","4","4","4","4","4","4","4","4","4","4","4","4","4","4","4","4","4","4","4","4","4","4","4","4","4","4","4","4","4","4","2","2","2","2","4","4","2","4","2","2","4","2","2","4","2",NA,NA,"22","Female","White","sona"
"Not Disclosed",123,"7,13,15,26,23","7","13","15","26","23","5","5","5","5","5","5","5","5","5","5","5","5","5","5","5","5","5","5","5","5","5","5","5","5","5","5","5","5","5","5","5","5","5","5","5","5","5","5","5","5","5","5","5","5","5","5","5","5","5","5","5","5","5","5","5","5","5","5","5","5","5","5","5","5","5","5","5","5","5","5","5","5","5","5","5","5","5","5","5","5","5","5","5","5","5","5","5","5","5","5","1","3","5","1","4","3","1","5","5","5","2","2","1","4","5","2","1","1","5","5","1","2","4","20","Female","White","sona"
"Disclosed",124,"20,22,28,23,36","20","22","28","23","36","4","4","4","3","2","4","5","4","4","5","4","2","5","3","3","5","5","5","5","4","4","5","5","5","5","3","5","2","5","5","4","5","5","4","4","4","5","5","5","4","5","5","4","4","5","5","4","4","5","4","5","5","4","5","5","4","5","5","5","5","4","5","5","5","4","4","4","5","5","4","4","2","4","4","5","5","4","5","4","4","3","4","5","5","4","4","4","3","5","5","4","3","5","4","3","4","2","2","1","4","4","4","2","4","3","1","2","2","4","1","1","0","3","24","Female","White","sona"
"Disclosed",125,"5,21,30,31,23","5","21","30","31","23","4","4","5","5","5","5","4","4","5","3","5","3","3","4","4","3","5","4","4","5","5","5","4","3","5","5","5","3","5","4","5","3","5","5","4","5","5","5","5","4","5","3","4","4","4","3","5","3","5","4","4","5","3","4","4","5","5","4","5","4","5","4","5","5","4","4","5","4","5","4","5","4","4","4","4","3","5","3","4","5","4","5","4","4","4","5","5","4","5","4","4","3","3","3","5","3","4","1","4","4","4","5","3","4","1","4","4","2","3","2","2",NA,NA,"19","Female","White","sona"
"Not Disclosed",126,"13,19,26,29,23","13","19","26","29","23","4","5","4","5","5","5","4","4","4","5","3","4","4","3","4","5","5","5","4","5","4","5","4","5","5","4","3","3","4","5","5","5","5","5","5","5","5","5","5","5","5","5","5","5","5","5","5","5","5","5","5","5","5","5","5","5","5","5","5","5","4","5","4","3","3","4","4","3","2","4","5","1","4","2","3","4","2","5","5","4","5","5","4","4","4","4","4","1","5","5","2","5","5","4","5","4","5","3","5","4","5","4","5","5","2","4","2","5","2","4","1","30","6","23","Male","Mixed","sona"
"Disclosed",127,"1,35,24,26,36","1","35","24","26","36","4","3","1","5","5","4","5","4","5","5","4","1","1","4","4","1","2","1","5","3","4","5","4","2","1","4","5","1","5","2","5","2","2","5","4","2","5","5","5","4","5","3","2","4","4","2","3","1","4","3","3","5","4","2","4","3","5","2","5","5","4","2","2","4","5","3","3","4","4","2","4","1","2","5","2","2","5","1","4","4","3","4","3","3","5","4","4","2","5","3","1","4","3","3","5","4","4","2","3","3","3","4","1","4","3","3","2","3","5","4","1","3","5","20","Female","White","sona"
"Not Disclosed",128,"6,13,15,29,23","6","13","15","29","23","3","4","2","4","4","4","4","3","5","3","4","3","3","3","3","3","4","3","4","4","3","3","4","3","4","3","3","2","5","3","4","4","3","4","4","4","4","3","4","4","4","3","4","4","4","3","4","3","4","5","3","3","3","3","4","4","3","3","5","3","2","3","2","2","3","2","2","2","2","2","3","2","2","3","2","2","2","2","2","2","3","3","2","2","3","3","2","3","3","3","3","3","3","3","5","3","4","2","3","3","3","5","3","5","1","3","3","4","3","2","1","0","6","23","Female","Asian","sona"
"Not Disclosed",129,"7,12,13,15,19","7","12","13","15","19","5","5","5","5","5","5","5","5","5","5","5","5","5","5","5","5","5","5","5","5","5","5","5","5","5","5","5","5","5","5","5","5","5","5","5","5","5","5","5","5","5","5","5","5","5","5","5","5","5","5","5","5","5","5","5","5","5","5","5","5","5","5","5","5","5","5","5","5","5","5","5","5","5","5","5","5","5","5","5","5","5","5","5","5","5","5","5","5","5","5","3","4","3","3","4","4","4","3","3","4","4","4","3","4","3","4","4","4","3","3","2",NA,NA,"21","Female","Asian","sona"
"Disclosed",130,"4,14,19,24,27","4","14","19","24","27","4","4","3","4","4","4","4","4","4","4","4","4","4","4","4","4","4","4","4","4","5","3","4","3","3","4","4","4","3","4","4","4","4","4","4","5","4","4","3","4","4","4","4","4","5","4","4","3","4","4","4","3","4","4","4","3","4","3","4","4","4","4","4","4","4","4","4","4","3","4","4","3","4","4","4","5","4","3","4","4","4","3","3","4","3","3","4","4","4","4","4","3","4","3","5","4","4","4","3","5","5","4","4","4","2","5","4","4","3","5","1","0","1","20","Female","Asian","sona"
"Disclosed",131,"9,11,13,26,29","9","11","13","26","29","5","5","5","5","5","5","5","5","5","5","5","5","5","5","5","5","5","5","5","5","5","5","5","5","5","5","5","5","5","5","5","5","5","5","5","5","5","5","5","5","5","5","5","5","5","5","5","5","5","5","5","5","5","5","5","5","5","5","5","5","5","5","5","5","5","5","5","5","5","5","5","5","5","5","5","5","5","5","5","5","5","5","5","5","5","5","5","5","5","5","3","1","3","2","4","4","1","3","5","5","3","3","2","1","4","1","1","2","5","3","2",NA,NA,"20","Female","White","sona"
"Not Disclosed",132,"1,6,11,13,28","1","6","11","13","28","5","5","5","5","5","5","5","5","5","5","5","4","5","5","5","5","5","5","5","5","5","5","5","4","5","5","5","5","5","5","5","5","5","5","5","5","5","5","5","5","5","5","5","5","5","5","5","5","5","5","5","5","5","5","5","5","5","5","5","5","5","5","5","5","5","5","5","5","5","5","5","5","5","5","5","5","5","5","5","5","5","5","5","5","5","5","5","5","5","5","1","4","3","4","5","3","1","4","5","5","4","4","2","3","5","3","1","1","3","4","2",NA,NA,"21","Female","White","sona"
"Disclosed",133,"4,11,35,25,36","4","11","35","25","36","4","5","5","5","5","5","5","4","4","4","5","4","5","4","4","5","5","4","5","5","4","3","3","4","5","5","4","4","5","5","5","4","5","4","5","5","4","4","5","4","4","2","5","4","5","4","3","4","5","4","4","3","5","5","4","3","4","5","4","4","5","5","4","4","5","4","5","4","5","4","4","4","4","4","4","5","5","4","5","4","5","5","3","5","4","3","4","4","5","5","1","3","4","3","2","3","2","4","4","5","3","2","1","4","2","2","3","2","3","4","1","10","5","22","Female","White","sona"
"Not Disclosed",134,"6,7,9,11,18","6","7","9","11","18","4","3","4","5","4","5","4","4","4","5","5","1","3","5","5","5","5","3","5","4","3","1","4","4","4","5","5","1","4","3","5","4","4","3","4","4","3","4","4","2","2","2","5","5","4","4","5","2","4","4","3","1","3","5","4","4","4","1","4","4","5","3","4","4","2","4","4","5","4","1","1","1","5","5","4","4","4","3","4","4","3","1","5","5","4","4","4","4","1","4","2","4","4","2","3","4","2","3","3","3","4","3","3","4","1","3","5","3","3","2","2",NA,NA,"18","Male","Black","sona"
"Disclosed",135,"9,13,15,26,23","9","13","15","26","23","5","2","2","4","4","4","4","4","4","4","5","2","3","2","4","2","4","4","4","4","4","5","2","4","4","2","4","2","5","2","5","2","2","5","4","4","5","5","5","4","5","2","2","4","4","3","4","1","5","4","4","5","4","2","4","4","4","2","5","3","5","4","2","4","5","4","5","4","4","2","5","2","2","4","2","2","5","4","5","4","4","4","2","4","4","2","4","2","5","2","1","3","3","3","4","4","3","2","2","4","4","4","2","4","4","2","3","3","3","2","1","0","6","21","Female","White","sona"
"Disclosed",136,"5,12,13,22,26","5","12","13","22","26","4","4","4","4","4","4","4","4","4","4","4","4","4","4","4","4","4","4","4","4","4","4","4","4","4","4","4","4","4","4","4","4","4","4","4","4","4","4","4","4","4","4","4","4","4","4","4","4","4","4","4","4","4","4","4","4","4","4","4","4","4","4","4","4","4","4","4","4","4","4","4","4","4","5","4","4","4","4","4","4","4","4","4","4","4","4","4","4","4","4","2","4","2","3","4","3","4","2","3","3","2","4","2","4","2","4","2","4","3","2","2",NA,NA,"24","Female","White","sona"
"Not Disclosed",137,"7,11,13,24,29","7","11","13","24","29","3","3","2","5","4","5","4","3","5","4","5","2","5","4","2","2","5","3","4","5","3","4","4","3","5","3","5","1","4","2","5","3","2","5","5","5","5","4","5","3","4","1","2","5","4","3","2","2","5","4","4","3","3","4","5","4","4","2","5","4","5","2","2","5","4","4","5","5","5","5","5","2","3","4","2","4","5","4","5","4","5","5","3","2","5","4","3","3","5","3","3","5","2","2","4","3","5","1","2","4","4","5","4","5","1","5","4","5","1","4","2",NA,NA,"19","Female","Asian","sona"
"Disclosed",138,"4,7,18,19,25","4","7","18","19","25","4","4","4","4","4","4","4","4","4","4","4","4","4","4","4","4","4","4","4","4","4","4","4","4","4","4","4","4","4","4","3","4","4","3","4","3","3","4","3","3","3","4","3","3","3","3","4","2","4","4","4","2","3","2","3","3","4","3","2","2","5","5","5","4","5","5","5","5","5","5","5","5","5","5","5","5","5","5","5","5","5","5","5","4","5","5","5","5","5","5","1","4","5","2","5","2","2","4","5","5","3","3","1","4","5","1","5","2","5","5","1","30","6","22","Male","White","sona"
"Disclosed",139,"5,6,11,13,18","5","6","11","13","18","5","5","5","5","5","5","5","5","5","5","5","5","5","5","5","5","5","5","5","5","5","5","5","5","5","5","5","5","5","5","5","5","5","5","5","5","5","5","5","5","5","5","5","5","5","5","5","4","5","5","5","5","5","5","5","5","5","5","5","4","5","5","5","5","5","5","5","5","5","5","5","5","5","5","5","5","5","4","5","5","5","4","5","5","5","5","5","5","5","5","2","4","3","3","4","4","3","3","4","2","4","4","2","4","2","2","4","2","3","5","2",NA,NA,"20","Female","White","sona"
"Not Disclosed",140,"1,4,7,11,26","1","4","7","11","26","5","5","4","5","5","4","5","5","5","4","5","5","5","4","4","5","4","4","4","5","4","5","4","4","4","4","5","5","4","5","5","5","5","4","4","5","4","4","4","5","4","4","4","5","5","4","5","5","4","4","5","4","5","4","5","4","5","5","5","4","5","5","4","5","5","4","5","5","4","4","5","4","5","5","4","4","5","4","5","4","5","5","5","5","4","4","5","5","5","4","4","4","2","2","4","3","4","1","2","2","4","5","4","4","2","4","4","4","4","2","1","3","2","18","Male","White","sona"
"Disclosed",141,"11,13,14,20,32","11","13","14","20","32","3","3","3","3","4","3","3","3","3","3","3","3","3","3","3","3","3","3","4","3","5","4","3","3","3","5","3","4","3","4","4","5","3","2","4","5","4","4","4","5","4","3","5","4","3","3","3","3","4","3","3","3","3","4","3","4","4","4","3","3","4","3","3","4","3","3","3","4","5","4","4","4","4","4","4","4","4","4","5","3","4","4","4","4","4","3","4","4","4","4","3","5","4","3","5","3","3","1","3","2","3","5","1","4","1","4","4","3","1","3","1","4","6","21","Male","Other","sona"
"Not Disclosed",142,"9,11,13,28,31","9","11","13","28","31","5","5","5","5","5","5","5","5","5","5","5","5","5","5","5","4","5","4","5","5","5","4","5","5","5","5","5","5","5","5","5","5","5","5","5","4","5","5","5","5","5","5","5","5","5","4","5","4","5","5","5","5","4","5","5","5","5","4","5","5","5","5","5","5","5","5","5","5","5","5","5","5","5","5","5","4","5","4","5","5","5","4","5","5","5","5","5","5","5","5","1","4","3","2","5","4","2","4","4","5","3","2","2","4","4","1","3","1","2","4","2",NA,NA,"19","Female","Other","sona"
"Not Disclosed",143,"6,11,26,30,23","6","11","26","30","23","2","2","1","4","3","3","4","3","4","3","4","3","2","1","3","3","3","5","4","3","4","4","4","3","4","3","4","2","4","3","4","4","2","4","4","4","4","4","4","3","4","2","4","4","4","3","4","4","4","4","4","4","4","3","4","4","4","4","5","4","4","4","4","4","4","4","4","4","4","4","4","3","4","4","3","3","4","4","4","4","4","5","3","4","4","4","4","4","5","4","1","4","5","4","5","2","4","3","4","4","4","4","3","4","4","2","3","4","4","1","1","30","6","21","Male","White","sona"
"Disclosed",144,"9,22,25,26,31","9","22","25","26","31","4","4","4","4","4","5","4","4","4","4","4","4","4","3","4","3","4","5","4","4","4","5","4","4","4","4","4","4","4","4","4","4","3","4","4","4","5","4","4","5","4","3","4","4","4","3","3","4","4","4","4","5","4","4","4","4","4","3","3","4","4","4","4","4","4","3","4","4","4","4","4","4","3","4","4","4","3","4","5","5","4","4","4","4","4","4","4","4","3","4","3","4","4","2","4","2","2","3","2","5","4","4","2","4","4","2","4","1","4","3","2",NA,NA,"18","Other","White","sona"
"Not Disclosed",145,"4,7,13,14,23","4","7","13","14","23","5","5","5","5","5","5","5","5","5","5","5","5","5","5","5","5","5","5","5","5","5","5","5","5","5","5","5","5","5","5","5","5","5","5","5","5","5","5","5","5","5","5","5","5","5","5","5","5","5","5","5","5","5","5","5","5","5","5","5","5","5","5","5","5","5","5","5","5","5","5","5","5","5","5","5","5","5","5","5","5","5","5","5","5","5","5","5","5","5","5","2","3","4","3","3","4","2","4","4","4","3","2","2","4","5","2","1","3","3","4","2",NA,NA,"26","Prefer not to say","Prefer not to say","sona"
"Disclosed",146,"1,5,7,15,19","1","5","7","15","19","5","5","5","5","5","5","5","5","5","5","5","5","5","5","5","5","5","5","5","5","5","5","5","5","5","5","5","5","5","5","5","5","5","5","5","5","5","5","5","5","5","5","5","5","5","5","5","5","5","5","5","5","5","5","5","5","5","5","5","5","5","5","5","5","5","5","5","5","5","5","5","5","5","5","5","5","5","5","5","5","5","5","5","5","5","5","5","5","5","5","1","5","4","4","5","3","4","2","4","4","4","4","2","5","3","2","3","4","4","4","2",NA,NA,"23","Male","White","sona"
"Disclosed",147,"4,20,22,29,23","4","20","22","29","23","4","5","1","4","2","5","5","3","5","1","3","1","4","2","4","5","5","4","4","5","3","3","4","3","4","3","4","5","5","4","5","4","1","4","5","5","5","5","5","5","5","1","4","1","5","5","4","4","4","5","5","5","3","4","5","5","5","4","5","4","4","4","1","4","5","4","5","4","4","4","3","1","4","2","5","5","5","5","5","4","4","5","4","3","5","5","4","1","5","5","3","1","2","2","4","2","3","2","3","3","4","4","4","4","2","4","3","4","4","3","1","30","6","20","Male","White","sona"
"Not Disclosed",148,"6,28,29,30,31","6","28","29","30","31","4","4","4","4","4","3","4","4","4","4","4","3","4","3","3","2","3","3","4","4","4","3","4","4","4","4","4","2","4","4","4","3","4","4","3","4","4","4","4","4","4","3","3","4","3","2","4","4","3","2","4","3","3","4","4","3","4","2","4","3","4","4","5","4","3","4","4","4","5","4","4","2","3","4","3","3","3","3","3","4","3","3","2","3","3","4","4","3","4","4","2","4","5","3","4","4","3","3","2","4","4","3","3","5","4","2","5","3","4","4","1","0","6","22","Female","White","sona"
"Disclosed",149,"13,29,30,31,23","13","29","30","31","23","4","4","4","4","4","4","4","4","4","4","4","4","4","4","4","5","5","5","5","5","5","5","5","5","5","5","5","5","5","5","5","3","3","5","5","5","5","5","5","4","5","3","4","5","4","4","4","3","5","4","5","5","5","3","5","4","5","3","5","4","4","3","3","4","4","4","4","5","5","4","4","3","3","4","4","5","5","4","5","4","5","4","5","4","5","5","5","3","5","5","3","3","3","3","5","3","3","2","3","4","3","4","3","4","3","3","3","3","2","3","1","1","5","21","Female","White","sona"
"Not Disclosed",150,"9,18,27,29,23","9","18","27","29","23","5","5","5","5","5","5","5","5","5","5","5","5","5","5","5","5","5","5","5","5","5","5","5","5","5","5","5","5","5","5","5","5","5","5","5","5","5","5","5","5","5","5","5","5","5","5","5","5","5","5","5","5","5","5","5","5","5","5","5","5","5","5","5","5","5","5","5","5","5","5","5","5","5","5","5","5","5","5","5","5","5","5","5","5","5","5","5","5","5","5","3","4","3","3","4","3","3","2","3","3","4","4","3","3","2","3","4","3","2","2","2",NA,NA,"19","Female","White","sona"
"Disclosed",151,"6,9,11,29,23","6","9","11","29","23","4","2","3","5","4","5","5","4","5","4","4","2","4","2","4","2","4","4","5","4","4","4","4","3","5","3","5","2","5","5","5","2","1","5","4","5","5","5","5","5","5","1","1","5","2","2","1","1","5","5","5","5","5","1","5","5","5","1","5","5","4","2","1","2","2","5","5","4","5","5","5","4","1","4","2","3","4","4","5","5","5","4","4","1","4","5","4","2","5","3","1","4","4","2","5","4","4","4","2","2","4","4","2","5","3","2","2","4","4","2","1","0","2","21","Female","Asian","sona"
"Not Disclosed",152,"7,9,35,24,31","7","9","35","24","31","3","4","2","5","4","4","5","5","5","5","5","2","4","1","4","4","4","4","4","4","5","3","4","2","4","4","4","4","5","2","4","4","4","4","5","5","5","5","5","4","4","4","4","2","5","4","2","4","4","5","5","3","5","5","5","5","5","1","5","4","5","5","4","4","5","4","5","5","5","5","4","4","4","4","4","4","2","4","4","4","5","3","4","4","5","4","4","3","4","2","2","4","3","4","5","3","4","2","2","3","4","4","3","4","2","3","2","4","4","2","1","0","2","20","Male","White","sona"
"Disclosed",153,"5,6,14,17,27","5","6","14","17","27","3","3","3","2","3","5","3","3","2","3","4","3","4","2","3","4","4","4","1","4","3","3","3","3","4","2","3","3","5","3","5","3","3","5","4","4","3","3","3","3","2","4","2","4","2","4","3","3","4","3","3","4","2","3","4","4","2","2","3","4","3","3","3","3","4","2","3","4","4","4","3","4","3","2","3","4","2","3","4","3","3","3","3","3","2","4","4","3","2","4","4","2","3","4","2","4","4","3","3","4","2","2","4","3","4","4","4","3","4","3","2",NA,NA,"18","Female","White","sona"
"Disclosed",154,"4,19,28,29,31","4","19","28","29","31","4","4","4","5","5","4","4","5","4","5","4","4","4","4","5","4","5","4","5","5","5","4","5","4","5","4","5","4","5","5","4","5","5","4","5","5","5","5","5","4","4","2","4","4","4","5","4","4","5","4","5","4","4","5","4","4","4","5","5","4","5","5","4","4","4","5","5","4","4","4","4","5","2","4","5","5","5","4","5","4","4","4","5","5","4","5","4","5","4","4","4","5","4","4","5","3","4","2","3","4","4","5","4","2","2","4","2","4","2","4","2",NA,NA,"20","Female","Asian","sona"
"Not Disclosed",155,"6,15,16,35,30","6","15","16","35","30","5","3","2","5","5","5","5","5","5","4","5","4","3","4","4","5","4","3","5","4","4","5","4","3","5","4","5","4","5","4","5","4","4","5","5","5","5","5","5","5","5","4","4","5","5","5","5","3","5","5","5","5","5","4","5","5","5","3","5","5","5","5","4","5","5","5","5","5","5","5","5","4","4","5","4","5","5","4","5","5","5","5","5","5","5","5","5","4","5","5","1","4","5","3","2","5","3","4","3","5","4","3","2","3","5","2","3","1","4","4","2",NA,NA,"24","Female","White","sona"
"Not Disclosed",156,"6,13,30,31,23","6","13","30","31","23","4","4","5","5","4","4","4","3","5","3","4","3","4","3","4","4","5","2","4","4","4","5","5","4","5","5","5","5","5","5","5","4","5","5","5","5","5","5","5","4","5","4","2","4","5","5","5","3","5","4","5","5","5","4","5","5","5","3","5","5","4","4","5","4","5","5","5","4","5","4","5","2","4","5","4","3","5","5","5","5","4","5","5","4","5","5","5","4","5","5","1","1","5","1","2","5","1","5","5","5","1","1","1","1","5","1","1","1","5","4","2",NA,NA,"21","Female","White","sona"
"Disclosed",157,"9,13,17,22,23","9","13","17","22","23","5","5","5","5","5","5","5","5","5","5","5","5","5","5","5","5","5","5","5","5","5","5","5","5","5","5","5","5","5","5","5","5","5","5","5","5","5","5","5","5","5","5","5","5","5","5","5","5","5","5","5","5","5","5","5","5","5","5","5","5","5","5","5","5","5","5","5","5","5","5","5","2","4","3","5","5","5","5","5","5","5","5","5","3","4","5","5","5","5","5","1","5","4","5","5","3","4","1","2","4","5","5","4","5","2","4","4","5","3","5","1","15-Oct","6","20","Male","White","sona"
"Not Disclosed",158,"19,35,28,29,30","19","35","28","29","30","5","5","5","5","5","5","5","5","5","5","5","5","5","5","5","5","5","2","5","5","2","5","5","5","5","5","5","5","5","5","5","3","5","4","5","4","4","4","4","5","5","5","5","4","4","5","4","5","5","5","4","5","5","5","4","5","5","4","5","5","3","4","5","4","5","5","5","5","5","4","4","5","3","3","5","5","5","2","5","5","5","5","4","5","5","5","5","5","5","5","5","5","4","5","5","3","5","1","1","1","4","5","5","5","1","5","5","5","1","1","1","0","2","21","Female","White","sona"
"Not Disclosed",159,"6,11,12,28,29","6","11","12","28","29","5","4","5","5","4","5","4","4","5","4","4","4","5","4","4","4","4","4","5","5","4","4","4","4","4","4","5","4","5","4","4","4","5","5","4","5","4","4","4","4","4","4","4","4","4","3","5","4","4","5","4","4","4","4","4","4","5","4","4","4","4","3","4","4","4","4","5","4","5","4","4","2","4","4","4","2","4","4","4","4","4","3","4","3","4","5","5","4","4","4","4","4","5","4","4","4","4","3","2","3","4","4","5","5","3","3","4","5","2","3","2",NA,NA,"22","Male","Mixed","sona"
"Not Disclosed",160,"9,22,27,29,30","9","22","27","29","30","2","4","4","2","2","4","2","2","2","2","2","2","4","2","4","4","4","2","2","4","2","2","4","4","2","2","2","2","2","2","4","2","4","4","2","4","2","2","2","2","2","2","2","2","4","3","2","4","2","2","2","2","4","2","2","2","2","2","4","2","4","4","4","2","2","2","2","4","4","2","2","2","2","4","2","4","4","2","2","2","4","4","4","4","4","2","2","4","4","4","2","4","4","4","4","3","3","2","2","2","4","4","3","4","2","4","4","4","3","2","2",NA,NA,"21","Other","White","sona"
"Not Disclosed",161,"1,5,7,12,22","1","5","7","12","22","5","5","5","5","5","5","5","5","5","5","5","5","5","5","5","5","5","5","5","5","5","5","5","5","5","5","5","5","5","5","5","4","5","5","5","5","5","5","5","5","5","5","5","5","5","5","5","5","5","5","5","5","5","5","5","5","5","5","5","5","5","5","5","5","5","5","5","5","5","5","5","5","5","5","5","5","5","5","5","5","5","5","5","5","5","5","5","5","5","5","2","3","5","3","4","3","4","3","3","3","4","5","1","4","3","1","4","1","3","5","2",NA,NA,"21","Male","Black","sona"
"Disclosed",162,"12,18,19,35,29","12","18","19","35","29","5","4","4","5","5","5","5","5","5","5","5","1","5","5","4","4","5","4","5","5","5","5","5","5","5","5","5","1","5","4","5","4","4","5","5","5","5","5","5","5","5","1","5","5","5","4","5","2","5","5","5","5","5","4","5","5","5","1","5","4","5","5","4","5","5","5","5","5","5","5","5","5","5","5","5","5","5","5","5","5","5","5","5","4","5","5","5","4","5","5","1","2","5","1","4","4","1","5","5","5","1","2","4","2","5","4","1","1","5","5","1","3","5","20","Female","White","sona"
"Disclosed",163,"9,13,15,22,30","9","13","15","22","30","2","5","2","5","5","4","5","4","5","3","4","2","2","3","4","2","2","2","5","4","4","4","4","4","5","5","5","2","2","2","4","2","5","5","4","4","5","4","5","4","5","2","2","2","5","2","2","2","5","4","2","4","5","5","4","5","5","2","2","4","2","2","4","5","5","4","4","4","4","4","4","2","2","2","4","2","1","2","4","4","2","5","4","5","5","5","4","2","2","2","1","4","2","3","4","3","1","1","2","2","4","3","1","4","1","2","1","2","2","2","1","30","6","21","Female","White","sona"
"Not Disclosed",164,"5,9,13,15,18","5","9","13","15","18","5","5","5","5","5","5","5","5","5","5","5","5","5","5","5","5","5","5","5","5","5","5","5","5","5","5","5","5","5","5","5","5","5","5","5","5","5","5","5","5","5","5","5","5","5","5","5","5","5","5","5","5","5","5","5","5","5","5","5","5","5","5","5","5","5","5","5","5","5","5","5","5","5","5","5","5","5","5","5","5","5","5","5","5","5","5","5","5","5","5","1","4","3","3","5","2","1","3","4","3","3","3","5","5","4","4","3","1","4","3","1","0","2","23","Female","White","sona"
"Disclosed",165,"20,26,27,29,30","20","26","27","29","30","4","4","4","4","4","4","4","4","4","4","4","4","4","4","4","4","4","4","4","4","4","4","4","4","4","4","4","4","4","4","5","5","5","5","5","5","5","5","5","5","5","5","5","5","5","5","5","5","5","5","5","5","5","5","5","5","5","5","5","5","4","4","4","4","4","4","4","4","4","4","4","4","4","4","4","4","4","4","4","4","4","4","4","4","4","4","4","4","4","4","2","4","4","3","4","5","2","3","1","3","4","4","3","2","3","3","3","2","3","2","1","30","7","18","Female","White","sona"
"Not Disclosed",166,"7,18,24,31,32","7","18","24","31","32","3","4","5","5","5","5","4","4","3","4","5","4","5","5","4","5","5","4","5","4","5","4","5","4","5","5","4","5","4","4","4","4","4","3","5","4","5","4","5","5","5","5","5","5","4","3","4","5","4","5","3","5","4","5","5","5","4","5","5","5","4","4","5","5","4","4","5","5","4","4","4","4","4","4","4","5","5","3","4","5","4","5","5","3","5","5","4","3","4","4","4","4","5","3","3","4","2","4","4","5","4","2","1","3","4","1","4","4","4","3","1","2 years","6","22","Female","Mixed","sona"
"Not Disclosed",167,"7,9,11,15,28","7","9","11","15","28","2","3","3","5","4","5","5","4","5","4","5","2","3","2","3","3","3","2","5","3","3","2","3","3","4","4","5","2","3","3","2","4","5","5","4","3","5","4","4","2","5","2","2","3","4","2","5","2","5","4","4","2","2","3","4","5","5","5","3","1","2","3","3","5","5","4","4","3","5","2","4","1","2","3","3","3","3","3","5","2","4","1","2","3","4","4","4","2","2","1","2","3","2","1","3","3","1","2","2","3","3","2","2","4","3","2","1","2","3","3","2",NA,NA,"19","Female","White","sona"
"Not Disclosed",168,"11,13,27,30,31","11","13","27","30","31","3","3","3","4","4","4","4","4","3","3","3","4","3","3","4","5","4","3","5","3","5","3","4","2","5","3","3","5","5","4","1","3","4","4","4","4","4","4","4","4","4","4","4","4","4","4","4","3","4","4","4","3","4","3","4","3","4","4","4","4","4","4","4","4","4","4","4","4","4","4","4","4","4","4","4","3","4","4","4","4","4","4","4","4","4","4","4","4","4","4","1","4","3","3","5","4","2","4","4","4","4","4","1","4","4","4","3","3","3","3","1","0","2","21","Male","Mixed","sona"
"Disclosed",169,"15,26,28,30,23","15","26","28","30","23","4","4","2","5","5","5","4","5","5","5","5","3","4","4","4","5","5","2","5","5","4","5","5","5","5","5","5","4","5","4","5","4","1","5","5","5","5","5","5","5","5","4","5","5","5","4","5","1","5","5","5","5","5","4","5","5","5","1","5","5","5","5","1","5","5","5","5","4","5","5","5","2","4","5","4","5","5","5","5","5","5","5","5","4","4","5","5","4","5","4","1","4","3","4","4","4","4","2","4","4","5","5","2","5","2","4","2","2","2","4","1","0","5","22","Male","White","sona"
"Not Disclosed",170,"9,22,29,30,31","9","22","29","30","31","3","2","3","4","2","4","3","4","4","3","4","3","3","2","3","2","3","4","3","3","3","4","3","3","4","4","4","3","4","2","4","4","4","4","4","5","5","5","5","5","4","4","4","4","5","4","4","4","5","4","4","4","4","4","5","5","5","4","5","4","4","4","4","5","5","4","5","4","5","4","4","5","4","5","5","4","4","5","5","4","4","4","4","4","5","5","4","5","5","4","3","3","3","3","5","2","3","3","3","3","4","4","3","4","4","3","3","3","2","3","1","30","6","21","Female","White","sona"
"Disclosed",171,"6,9,13,22,23","6","9","13","22","23","4","4","4","4","4","3","4","3","3","3","4","4","4","4","4","4","4","3","4","4","3","4","4","4","4","4","4","4","4","4","4","4","4","4","3","3","4","4","4","3","4","4","4","4","4","4","4","4","4","4","4","5","5","3","4","4","3","4","3","4","4","4","4","3","4","3","4","4","4","4","3","2","4","4","3","4","4","5","4","4","3","3","4","4","4","2","4","4","4","4","2","4","3","3","5","4","2","1","2","3","4","3","2","4","1","4","4","3","2","2","1","0","3","21","Female","White","sona"
"Not Disclosed",172,"5,6,14,21,22","5","6","14","21","22","5","3","5","5","5","5","5","5","5","5","5","5","5","5","5","5","5","5","4","5","5","5","5","5","5","5","5","5","3","5","5","3","5","5","5","5","3","5","3","5","5","5","5","5","5","5","5","5","3","5","5","3","4","3","3","4","5","3","3","5","5","5","5","5","5","5","5","5","5","5","5","5","5","5","5","5","5","5","5","5","5","5","5","5","5","5","5","5","5","5","1","3","3","3","4","4","3","4","2","4","3","4","1","5","4","4","4","1","3","3","1","0","6","20","Male","White","sona"
"Disclosed",173,"11,16,35,24,29","11","16","35","24","29","5","5","5","5","5","5","5","5","5","5","5","5","5","5","5","4","5","5","5","5","5","3","4","5","5","3","5","5","5","4","5","5","5","5","5","5","5","5","5","5","5","5","5","5","5","4","5","5","5","5","5","3","5","5","5","4","5","5","5","5","5","5","5","5","5","5","5","5","5","5","5","5","5","5","5","5","5","5","5","5","5","3","4","5","5","5","5","5","5","5","1","2","3","1","4","4","3","1","2","4","3","4","3","5","1","1","2","4","3","2","1","15","5","20","Female","White","sona"
"Not Disclosed",174,"20,26,28,30,23","20","26","28","30","23","2","3","3","3","3","4","4","2","4","4","3","4","2","4","4","5","4","2","4","4","3","3","4","3","4","5","4","1","2","4","1","4","2","3","3","2","3","3","4","4","4","1","2","2","3","4","2","4","4","2","2","4","4","4","5","4","4","3","4","3","1","3","4","3","3","4","2","4","4","4","4","1","2","4","3","4","2","4","4","1","2","5","4","5","4","5","3","2","5","4","1","4","5","4","4","4","2","4","2","5","4","2","2","4","2","4","1","1","4","2","1","0","2","22","Male","White","sona"
"Disclosed",175,"9,13,21,22,31","9","13","21","22","31","5","5","5","5","5","5","5","5","5","5","5","5","5","5","5","5","5","5","5","5","5","5","5","5","5","5","5","5","5","5","5","5","5","5","5","5","5","5","5","3","5","5","5","5","5","5","5","5","5","5","5","5","5","5","5","5","5","5","5","5","5","5","5","5","5","5","5","5","5","5","5","5","5","5","5","5","5","3","5","5","5","5","5","5","3","5","5","5","5","5","2","4","2","3","3","3","3","3","2","2","3","3","2","4","1","2","3","3","1","2","2",NA,NA,"19","Female","Black","sona"
"Not Disclosed",176,"1,6,9,13,15","1","6","9","13","15","4","4","4","5","4","5","4","2","4","5","5","5","5","4","2","4","5","1","4","4","5","1","5","4","4","2","5","4","4","1","4","5","5","5","5","5","5","1","5","5","5","1","5","5","4","4","4","1","5","4","4","1","1","1","5","5","5","5","5","1","4","4","4","5","5","5","5","1","4","4","4","5","1","2","5","1","5","4","5","4","5","1","1","2","5","5","4","2","5","2","3","4","3","3","4","3","2","3","3","3","3","4","3","3","2","3","3","2","3","3","2",NA,NA,"20","Female","White","sona"
"Disclosed",177,"6,22,26,29,23","6","22","26","29","23","4","5","4","4","5","4","4","4","4","5","5","4","4","4","5","4","4","4","4","4","5","4","4","4","4","5","5","5","4","4","5","5","5","4","4","4","5","5","5","5","5","4","5","5","4","4","5","5","5","4","4","5","4","4","4","5","4","4","3","5","4","4","4","4","5","4","4","5","4","4","4","4","4","4","4","4","4","4","4","5","5","5","4","4","5","4","5","4","4","5","2","5","4","5","5","5","5","3","3","4","4","5","5","5","3","3","5","5","3","5","1","Daily","6","21","Male","White","sona"
"Disclosed",178,"15,19,24,25,23","15","19","24","25","23","5","5","2","5","5","5","4","4","5","5","5","1","4","2","5","5","4","4","5","5","4","5","5","4","5","5","5","4","5","4","5","2","1","5","5","5","5","4","5","4","5","1","2","4","4","5","2","1","5","5","5","5","5","2","5","4","5","3","5","4","5","5","5","5","5","5","5","5","5","5","5","5","5","5","5","5","5","5","5","5","5","5","5","5","5","5","5","5","5","5","1","3","2","2","5","3","2","2","2","4","4","4","2","4","3","2","1","1","4","4","1","0","6","21","Female","White","sona"
"Not Disclosed",179,"6,12,17,29,30","6","12","17","29","30","5","5","5","5","5","5","5","5","5","1","1","1","5","5","5","5","5","4","5","5","1","3","5","5","5","5","5","5","3","5","5","5","5","5","5","5","5","5","5","5","1","1","5","5","5","5","5","5","5","5","1","5","5","5","5","5","5","5","3","5","5","4","5","5","5","5","5","5","5","1","1","1","4","5","5","5","5","4","5","5","1","2","5","5","5","5","5","5","3","5","5","3","5","4","5","2","4","3","5","2","4","3","5","5","4","4","4","3","4","3","1","30","6","20","Female","White","sona"
"Not Disclosed",180,"6,7,14,27,32","6","7","14","27","32","5","4","3","5","4","5","5","4","5","5","5","1","5","5","4","4","4","1","5","5","3","4","5","5","4","5","4","5","4","3","4","4","4","5","4","5","4","4","5","4","4","2","3","2","3","4","1","3","5","5","4","4","5","5","5","5","5","5","4","4","5","5","4","5","5","5","5","4","5","5","5","2","4","5","4","5","5","3","4","3","4","3","5","5","3","5","5","5","5","3","2","2","3","3","5","5","3","4","4","4","4","4","1","5","4","1","2","3","1","2","1","1","4","26","Female","Mixed","sona"
"Disclosed",181,"4,6,7,9,25","4","6","7","9","25","5","5","5","4","5","4","5","3","5","5","5","3","5","4","5","4","5","1","5","5","5","2","3","4","4","5","5","2","5","3","5","5","5","5","5","5","5","4","5","5","5","5","5","5","5","2","5","5","5","5","5","2","4","5","5","4","5","1","5","2","5","5","5","5","5","5","5","5","5","5","5","5","5","5","5","3","5","5","5","5","5","2","5","5","5","5","5","5","5","5","1","1","5","1","4","2","1","5","4","4","3","1","1","3","5","2","1","1","5","3","1","2","4","21","Female","Other","sona"
