"Status","Progress","Duration (in seconds)","Finished","C_Message Rank","C_Message1","C_Message2","C_Message3","C_Message4","C_Message5","C_Dis_AI1","C_Dis_AI2","C_Dis_AI3","C_Dis_AI4","C_Dis_AI5","C_Dis_AI6","C_Dis_AI7","C_Dis_AI8","C_Dis_AI9","C_Dis_AI10","C_Dis_AI11","C_Dis_AI12","C_Dis_AI13","C_Dis_AI14","C_Dis_AI15","C_Dis_Hum1","C_Dis_Hum2","C_Dis_Hum3","C_Dis_Hum4","C_Dis_Hum5","C_Dis_Hum6","C_Dis_Hum7","C_Dis_Hum8","C_Dis_Hum9","C_Dis_Hum10","C_Dis_Hum11","C_Dis_Hum12","C_Dis_Hum13","C_Dis_Hum14","C_Dis_Hum15","C_Con_AI1","C_Con_AI2","C_Con_AI3","C_Con_AI4","C_Con_AI5","C_Con_AI6","C_Con_AI7","C_Con_AI8","C_Con_AI9","C_Con_AI10","C_Con_AI11","C_Con_AI12","C_Con_AI13","C_Con_AI14","C_Con_AI15","C_Con_Hum1","C_Con_Hum2","C_Con_Hum3","C_Con_Hum4","C_Con_Hum5","C_Con_Hum6","C_Con_Hum7","C_Con_Hum8","C_Con_Hum9","C_Con_Hum10","C_Con_Hum11","C_Con_Hum12","C_Con_Hum13","C_Con_Hum14","C_Con_Hum15","C_Unp_AI1","C_Unp_AI2","C_Unp_AI3","C_Unp_AI4","C_Unp_AI5","C_Unp_AI6","C_Unp_AI7","C_Unp_AI8","C_Unp_AI9","C_Unp_AI10","C_Unp_AI11","C_Unp_AI12","C_Unp_AI13","C_Unp_AI14","C_Unp_AI15","C_Unp_Hum1","C_Unp_Hum2","C_Unp_Hum3","C_Unp_Hum4","C_Unp_Hum5","C_Unp_Hum6","C_Unp_Hum7","C_Unp_Hum8","C_Unp_Hum9","C_Unp_Hum10","C_Unp_Hum11","C_Unp_Hum12","C_Unp_Hum13","C_Unp_Hum14","C_Unp_Hum15","T_Message Ranking","T_Message1","T_Message2","T_Message3","T_Message4","T_Message5","T_Dis_AI1_1","T_Dis_AI2_1","T_Dis_AI3_1","T_Dis_AI4_1","T_Dis_AI5_1","T_Dis_AI6_1","T_Dis_AI7_1","T_Dis_AI8_1","T_Dis_AI9_1","T_Dis_AI10_1","T_Dis_AI11_1","T_Dis_AI12_1","T_Dis_AI13_1","T_Dis_AI14_1","T_Dis_AI15_1","T_Dis_Hum1_1","T_Dis_Hum2_1","T_Dis_Hum3_1","T_Dis_Hum4_1","T_Dis_Hum5_1","T_Dis_Hum6_1","T_Dis_Hum7_1","T_Dis_Hum8_1","T_Dis_Hum9_1","T_Dis_Hum10_1","T_Dis_Hum11_1","T_Dis_Hum12_1","T_Dis_Hum13_1","T_Dis_Hum14_1","T_Dis_Hum15_1","T_Con_AI1_1","T_Con_AI2_1","T_Con_AI3_1","T_Con_AI4_1","T_Con_AI5_1","T_Con_AI6_1","T_Con_AI7_1","T_Con_AI8_1","T_Con_AI9_1","T_Con_AI10_1","T_Con_AI11_1","T_Con_AI12_1","T_Con_AI13_1","T_Con_AI14_1","T_Con_AI15_1","T_Con_Hum1_1","T_Con_Hum2_1","T_Con_Hum3_1","T_Con_Hum4_1","T_Con_Hum5_1","T_Con_Hum6_1","T_Con_Hum7_1","T_Con_Hum8_1","T_Con_Hum9_1","T_Con_Hum10_1","T_Con_Hum11_1","T_Con_Hum12_1","T_Con_Hum13_1","T_Con_Hum14_1","T_Con_Hum15_1","T_Unp_AI1_1","T_Unp_AI2_1","T_Unp_AI3_1","T_Unp_AI4_1","T_Unp_AI5_1","T_Unp_AI6_1","T_Unp_AI7_1","T_Unp_AI8_1","T_Unp_AI9_1","T_Unp_AI10_1","T_Unp_AI11_1","T_Unp_AI12_1","T_Unp_AI13_1","T_Unp_AI14_1","T_Unp_AI15_1","T_Unp_Hum1_1","T_Unp_Hum2_1","T_Unp_Hum3_1","T_Unp_Hum4_1","T_Unp_Hum5_1","T_Unp_Hum6_1","T_Unp_Hum7_1","T_Unp_Hum8_1","T_Unp_Hum9_1","T_Unp_Hum10_1","T_Unp_Hum11_1","T_Unp_Hum12_1","T_Unp_Hum13_1","T_Unp_Hum14_1","T_Unp_Hum15_1","Per_AI1_1","Per_AI2_1","Per_AI3_1","Per_AI4_1","Per_AI5_1","Per_AI6_1","Per_AI7_1","Per_AI8_1","Per_AI9_1","Per_AI10_1","Per_AI11_1","Per_AI12_1","Mani_check_1","Per_AI13_1","Per_AI14_1","Per_AI15_1","Per_AI16_1","Per_AI17_1","Per_AI18_1","Per_AI19_1","Per_AI20_1","Age","Sex","Experimental_Group"
"1","100","280","1",NA,NA,NA,NA,NA,NA,NA,NA,NA,NA,NA,NA,NA,NA,NA,NA,NA,NA,NA,NA,NA,NA,NA,NA,NA,NA,NA,NA,NA,NA,NA,NA,NA,NA,NA,NA,NA,NA,NA,NA,NA,NA,NA,NA,NA,NA,NA,NA,NA,NA,NA,NA,NA,NA,NA,NA,NA,NA,NA,NA,NA,NA,NA,NA,NA,NA,NA,NA,NA,NA,NA,NA,NA,NA,NA,NA,NA,NA,NA,NA,NA,NA,NA,NA,NA,NA,NA,NA,NA,NA,NA,NA,NA,NA,NA,NA,"13,17,18,22,27","13","17","18","22","27","1","3","2","4","1","3","2","1","1","3","1","2","1","5","1","1","3","3","1","4","4","1","1","2","2","4","2","2","1","1","3","5","4","3","2","5","1","4","1","3","3","1","5","2","1","5","2","2","3","4","2","4","2","5","1","1","4","2","3","4","3","1","2","3","3","4","2","2","3","1","2","1","1","4","4","2","4","3","4","4","5","1","2","2","3","3","4","5","4","4","2","5","3","3","4","2","1","4","2","3","3","4","3","5","4","2","2","4","3","1","1","23","Female","1"
"0","100","232","1","25,27,28,31,32","25","27","28","31","32","4","2","4","4","2","4","5","4","1","5","3","1","5","1","3","5","3","2","2","5","2","4","4","3","3","1","1","2","3","2","4","3","2","5","2","5","2","5","5","3","3","1","3","2","2","2","2","4","5","3","5","4","4","4","3","2","4","3","2","1","3","3","5","5","2","4","5","2","2","3","1","1","4","4","3","4","4","4","2","5","1","1","1","4","2","5","2","3","3","4",NA,NA,NA,NA,NA,NA,NA,NA,NA,NA,NA,NA,NA,NA,NA,NA,NA,NA,NA,NA,NA,NA,NA,NA,NA,NA,NA,NA,NA,NA,NA,NA,NA,NA,NA,NA,NA,NA,NA,NA,NA,NA,NA,NA,NA,NA,NA,NA,NA,NA,NA,NA,NA,NA,NA,NA,NA,NA,NA,NA,NA,NA,NA,NA,NA,NA,NA,NA,NA,NA,NA,NA,NA,NA,NA,NA,NA,NA,NA,NA,NA,NA,NA,NA,NA,NA,NA,NA,NA,NA,NA,NA,NA,NA,NA,NA,"1","3","3","2","2","3","2","3","4","2","4","2","5","1","3","4","5","4","3","4","5","23","Female","0"
"0","100","727","1","11,12,19,28,29","11","12","19","28","29","4","5","5","4","5","5","4","4","5","4","5","4","4","4","4","4","3","4","3","4","4","5","4","4","4","5","3","2","4","4","5","4","4","4","5","4","4","5","4","4","4","5","4","4","4","5","5","4","3","4","4","5","4","5","5","4","2","2","4","4","4","5","4","4","4","4","3","5","4","3","3","5","4","5","5","4","4","4","3","4","4","5","4","4","4","4","5","2","4","4",NA,NA,NA,NA,NA,NA,NA,NA,NA,NA,NA,NA,NA,NA,NA,NA,NA,NA,NA,NA,NA,NA,NA,NA,NA,NA,NA,NA,NA,NA,NA,NA,NA,NA,NA,NA,NA,NA,NA,NA,NA,NA,NA,NA,NA,NA,NA,NA,NA,NA,NA,NA,NA,NA,NA,NA,NA,NA,NA,NA,NA,NA,NA,NA,NA,NA,NA,NA,NA,NA,NA,NA,NA,NA,NA,NA,NA,NA,NA,NA,NA,NA,NA,NA,NA,NA,NA,NA,NA,NA,NA,NA,NA,NA,NA,NA,"5","5","2","5","5","2","4","1","3","2","5","5","5","5","5","1","5","5","5","1","5","21","Male","0"
"0","100","166","1",NA,NA,NA,NA,NA,NA,NA,NA,NA,NA,NA,NA,NA,NA,NA,NA,NA,NA,NA,NA,NA,NA,NA,NA,NA,NA,NA,NA,NA,NA,NA,NA,NA,NA,NA,NA,NA,NA,NA,NA,NA,NA,NA,NA,NA,NA,NA,NA,NA,NA,NA,NA,NA,NA,NA,NA,NA,NA,NA,NA,NA,NA,NA,NA,NA,NA,NA,NA,NA,NA,NA,NA,NA,NA,NA,NA,NA,NA,NA,NA,NA,NA,NA,NA,NA,NA,NA,NA,NA,NA,NA,NA,NA,NA,NA,NA,"5,21,29,30,31","5","21","29","30","31","3","2","4","2","3","3","3","3","3","4","3","3","2","4","3","3","2","3","3","3","2","3","2","3","3","2","3","3","2","3","4","2","2","2","2","2","2","2","4","2","4","2","3","3","2","4","3","3","2","3","2","2","2","2","2","3","3","2","3","3","1","2","3","3","2","4","2","4","3","2","2","3","3","3","3","2","2","2","3","3","2","5","2","3","4","2","2","4","2","3","4","2","3","2","2","3","4","3","2","3","4","3","4","2","3","2","3","3","3","2","4","23","Male","1"
"0","100","864","1",NA,NA,NA,NA,NA,NA,NA,NA,NA,NA,NA,NA,NA,NA,NA,NA,NA,NA,NA,NA,NA,NA,NA,NA,NA,NA,NA,NA,NA,NA,NA,NA,NA,NA,NA,NA,NA,NA,NA,NA,NA,NA,NA,NA,NA,NA,NA,NA,NA,NA,NA,NA,NA,NA,NA,NA,NA,NA,NA,NA,NA,NA,NA,NA,NA,NA,NA,NA,NA,NA,NA,NA,NA,NA,NA,NA,NA,NA,NA,NA,NA,NA,NA,NA,NA,NA,NA,NA,NA,NA,NA,NA,NA,NA,NA,NA,"4,9,13,15,31","4","9","13","15","31","2","4","4","5","4","3","4","4","4","3","4","1","1","4","4","1","4","1","4","4","4","2","4","4","4","4","4","2","4","2","4","4","2","4","4","3","2","2","4","2","4","2","2","2","2","1","2","1","3","4","4","1","4","3","4","4","5","2","2","4","4","4","3","5","5","4","4","4","4","4","4","2","2","2","4","1","2","1","4","4","2","2","4","4","4","4","4","4","2","1","4","5","5","1","4","4","4","3","5","5","4","4","5","5","4","4","3","3","4","2","4","22","Male","1"
"0","100","4037","1","4,6,7,13,31","4","6","7","13","31","5","5","4","5","5","5","5","5","5","5","5","5","5","5","5","4","5","4","3","5","5","4","4","5","5","5","5","5","5","5","5","5","5","5","5","5","5","5","5","5","5","5","5","5","5","5","5","5","5","5","5","5","5","5","5","5","5","5","5","5","5","5","5","5","5","5","5","4","5","4","5","3","4","5","5","4","5","4","5","4","5","5","5","5","5","5","5","4","4","4",NA,NA,NA,NA,NA,NA,NA,NA,NA,NA,NA,NA,NA,NA,NA,NA,NA,NA,NA,NA,NA,NA,NA,NA,NA,NA,NA,NA,NA,NA,NA,NA,NA,NA,NA,NA,NA,NA,NA,NA,NA,NA,NA,NA,NA,NA,NA,NA,NA,NA,NA,NA,NA,NA,NA,NA,NA,NA,NA,NA,NA,NA,NA,NA,NA,NA,NA,NA,NA,NA,NA,NA,NA,NA,NA,NA,NA,NA,NA,NA,NA,NA,NA,NA,NA,NA,NA,NA,NA,NA,NA,NA,NA,NA,NA,NA,"3","1","5","3","5","5","3","3","1","4","4","3","5","1","4","4","2","2","1","1","3","21","Male","0"
"0","100","753","1","6,11,18,28,23","6","11","18","28","23","5","5","5","5","5","5","5","5","5","1","5","1","5","5","5","5","5","5","5","5","1","5","5","5","5","5","5","5","5","5","5","3","5","5","5","5","5","5","5","5","1","1","5","4","5","5","5","5","5","5","1","5","5","5","3","5","5","1","5","5","5","5","5","4","5","5","5","5","5","1","1","3","5","3","5","5","5","5","5","5","5","5","5","3","3","5","5","3","3","5",NA,NA,NA,NA,NA,NA,NA,NA,NA,NA,NA,NA,NA,NA,NA,NA,NA,NA,NA,NA,NA,NA,NA,NA,NA,NA,NA,NA,NA,NA,NA,NA,NA,NA,NA,NA,NA,NA,NA,NA,NA,NA,NA,NA,NA,NA,NA,NA,NA,NA,NA,NA,NA,NA,NA,NA,NA,NA,NA,NA,NA,NA,NA,NA,NA,NA,NA,NA,NA,NA,NA,NA,NA,NA,NA,NA,NA,NA,NA,NA,NA,NA,NA,NA,NA,NA,NA,NA,NA,NA,NA,NA,NA,NA,NA,NA,"2","4","4","4","4","5","3","3","4","4","4","4","5","2","4","2","3","3","3","3","5","19","Male","0"
"0","100","617","1",NA,NA,NA,NA,NA,NA,NA,NA,NA,NA,NA,NA,NA,NA,NA,NA,NA,NA,NA,NA,NA,NA,NA,NA,NA,NA,NA,NA,NA,NA,NA,NA,NA,NA,NA,NA,NA,NA,NA,NA,NA,NA,NA,NA,NA,NA,NA,NA,NA,NA,NA,NA,NA,NA,NA,NA,NA,NA,NA,NA,NA,NA,NA,NA,NA,NA,NA,NA,NA,NA,NA,NA,NA,NA,NA,NA,NA,NA,NA,NA,NA,NA,NA,NA,NA,NA,NA,NA,NA,NA,NA,NA,NA,NA,NA,NA,"6,9,22,24,28","6","9","22","24","28","5","5","5","5","5","5","5","5","5","5","5","5","5","5","5","5","5","5","5","5","5","5","5","5","5","5","5","5","5","5","5","5","5","5","5","5","5","5","3","4","5","3","5","5","5","5","4","5","4","5","1","3","5","5","5","5","4","5","5","5","5","5","5","5","5","5","5","5","5","5","5","5","5","5","5","5","5","5","5","5","5","5","5","5","5","5","5","5","5","5","4","3","3","4","2","3","2","4","4","3","4","3","5","4","2","4","3","4","3","4","2","20","Female","1"
"0","100","568","1","6,9,11,13,31","6","9","11","13","31","4","4","4","4","4","4","5","5","5","2","4","2","4","4","4","4","4","4","5","4","4","4","4","4","5","5","5","4","4","4","4","2","2","4","4","4","4","4","4","4","4","2","2","4","4","2","2","2","5","2","4","4","4","2","4","5","4","2","4","2","4","4","4","4","4","4","4","4","4","4","4","4","4","4","4","4","4","4","4","4","4","4","4","4","4","4","4","4","4","4",NA,NA,NA,NA,NA,NA,NA,NA,NA,NA,NA,NA,NA,NA,NA,NA,NA,NA,NA,NA,NA,NA,NA,NA,NA,NA,NA,NA,NA,NA,NA,NA,NA,NA,NA,NA,NA,NA,NA,NA,NA,NA,NA,NA,NA,NA,NA,NA,NA,NA,NA,NA,NA,NA,NA,NA,NA,NA,NA,NA,NA,NA,NA,NA,NA,NA,NA,NA,NA,NA,NA,NA,NA,NA,NA,NA,NA,NA,NA,NA,NA,NA,NA,NA,NA,NA,NA,NA,NA,NA,NA,NA,NA,NA,NA,NA,"4","4","4","4","4","4","2","2","2","2","4","4","5","2","4","2","2","4","2","2","4","22","Female","0"
"0","100","573","1","7,13,15,26,23","7","13","15","26","23","5","5","5","5","5","5","5","5","5","5","5","5","5","5","5","5","5","5","5","5","5","5","5","5","5","5","5","5","5","5","5","5","5","5","5","5","5","5","5","5","5","5","5","5","5","5","5","5","5","5","5","5","5","5","5","5","5","5","5","5","5","5","5","5","5","5","5","5","5","5","5","5","5","5","5","5","5","5","5","5","5","5","5","5","5","5","5","5","5","5",NA,NA,NA,NA,NA,NA,NA,NA,NA,NA,NA,NA,NA,NA,NA,NA,NA,NA,NA,NA,NA,NA,NA,NA,NA,NA,NA,NA,NA,NA,NA,NA,NA,NA,NA,NA,NA,NA,NA,NA,NA,NA,NA,NA,NA,NA,NA,NA,NA,NA,NA,NA,NA,NA,NA,NA,NA,NA,NA,NA,NA,NA,NA,NA,NA,NA,NA,NA,NA,NA,NA,NA,NA,NA,NA,NA,NA,NA,NA,NA,NA,NA,NA,NA,NA,NA,NA,NA,NA,NA,NA,NA,NA,NA,NA,NA,"1","3","5","1","4","3","1","5","5","5","2","2","5","1","4","5","2","1","1","5","5","20","Female","0"
"0","100","956","1",NA,NA,NA,NA,NA,NA,NA,NA,NA,NA,NA,NA,NA,NA,NA,NA,NA,NA,NA,NA,NA,NA,NA,NA,NA,NA,NA,NA,NA,NA,NA,NA,NA,NA,NA,NA,NA,NA,NA,NA,NA,NA,NA,NA,NA,NA,NA,NA,NA,NA,NA,NA,NA,NA,NA,NA,NA,NA,NA,NA,NA,NA,NA,NA,NA,NA,NA,NA,NA,NA,NA,NA,NA,NA,NA,NA,NA,NA,NA,NA,NA,NA,NA,NA,NA,NA,NA,NA,NA,NA,NA,NA,NA,NA,NA,NA,"20,22,28,23,36","20","22","28","23","36","4","4","4","3","2","4","5","4","4","5","4","2","5","3","3","5","5","5","5","4","4","5","5","5","5","3","5","2","5","5","4","5","5","4","4","4","5","5","5","4","5","5","4","4","5","5","4","4","5","4","5","5","4","5","5","4","5","5","5","5","4","5","5","5","4","4","4","5","5","4","4","2","4","4","5","5","4","5","4","4","3","4","5","5","4","4","4","3","5","5","4","3","5","4","3","4","2","2","1","4","4","4","5","2","4","3","1","2","2","4","1","24","Female","1"
"0","100","880","1",NA,NA,NA,NA,NA,NA,NA,NA,NA,NA,NA,NA,NA,NA,NA,NA,NA,NA,NA,NA,NA,NA,NA,NA,NA,NA,NA,NA,NA,NA,NA,NA,NA,NA,NA,NA,NA,NA,NA,NA,NA,NA,NA,NA,NA,NA,NA,NA,NA,NA,NA,NA,NA,NA,NA,NA,NA,NA,NA,NA,NA,NA,NA,NA,NA,NA,NA,NA,NA,NA,NA,NA,NA,NA,NA,NA,NA,NA,NA,NA,NA,NA,NA,NA,NA,NA,NA,NA,NA,NA,NA,NA,NA,NA,NA,NA,"5,21,30,31,23","5","21","30","31","23","4","4","5","5","5","5","4","4","5","3","5","3","3","4","4","3","5","4","4","5","5","5","4","3","5","5","5","3","5","4","5","3","5","5","4","5","5","5","5","4","5","3","4","4","4","3","5","3","5","4","4","5","3","4","4","5","5","4","5","4","5","4","5","5","4","4","5","4","5","4","5","4","4","4","4","3","5","3","4","5","4","5","4","4","4","5","5","4","5","4","4","3","3","3","5","3","4","1","4","4","4","5","5","3","4","1","4","4","2","3","2","19","Female","1"
"0","100","415","1","13,19,26,29,23","13","19","26","29","23","4","5","4","5","5","5","4","4","4","5","3","4","4","3","4","5","5","5","4","5","4","5","4","5","5","4","3","3","4","5","5","5","5","5","5","5","5","5","5","5","5","5","5","5","5","5","5","5","5","5","5","5","5","5","5","5","5","5","5","5","4","5","4","3","3","4","4","3","2","4","5","1","4","2","3","4","2","5","5","4","5","5","4","4","4","4","4","1","5","5",NA,NA,NA,NA,NA,NA,NA,NA,NA,NA,NA,NA,NA,NA,NA,NA,NA,NA,NA,NA,NA,NA,NA,NA,NA,NA,NA,NA,NA,NA,NA,NA,NA,NA,NA,NA,NA,NA,NA,NA,NA,NA,NA,NA,NA,NA,NA,NA,NA,NA,NA,NA,NA,NA,NA,NA,NA,NA,NA,NA,NA,NA,NA,NA,NA,NA,NA,NA,NA,NA,NA,NA,NA,NA,NA,NA,NA,NA,NA,NA,NA,NA,NA,NA,NA,NA,NA,NA,NA,NA,NA,NA,NA,NA,NA,NA,"2","5","5","4","5","4","5","3","5","4","5","4","5","5","5","2","4","2","5","2","4","23","Male","0"
"0","100","991","1",NA,NA,NA,NA,NA,NA,NA,NA,NA,NA,NA,NA,NA,NA,NA,NA,NA,NA,NA,NA,NA,NA,NA,NA,NA,NA,NA,NA,NA,NA,NA,NA,NA,NA,NA,NA,NA,NA,NA,NA,NA,NA,NA,NA,NA,NA,NA,NA,NA,NA,NA,NA,NA,NA,NA,NA,NA,NA,NA,NA,NA,NA,NA,NA,NA,NA,NA,NA,NA,NA,NA,NA,NA,NA,NA,NA,NA,NA,NA,NA,NA,NA,NA,NA,NA,NA,NA,NA,NA,NA,NA,NA,NA,NA,NA,NA,"1,35,24,26,36","1","35","24","26","36","4","3","1","5","5","4","5","4","5","5","4","1","1","4","4","1","2","1","5","3","4","5","4","2","1","4","5","1","5","2","5","2","2","5","4","2","5","5","5","4","5","3","2","4","4","2","3","1","4","3","3","5","4","2","4","3","5","2","5","5","4","2","2","4","5","3","3","4","4","2","4","1","2","5","2","2","5","1","4","4","3","4","3","3","5","4","4","2","5","3","1","4","3","3","5","4","4","2","3","3","3","4","5","1","4","3","3","2","3","5","4","20","Female","1"
"0","100","3974","1","6,13,15,29,23","6","13","15","29","23","3","4","2","4","4","4","4","3","5","3","4","3","3","3","3","3","4","3","4","4","3","3","4","3","4","3","3","2","5","3","4","4","3","4","4","4","4","3","4","4","4","3","4","4","4","3","4","3","4","5","3","3","3","3","4","4","3","3","5","3","2","3","2","2","3","2","2","2","2","2","3","2","2","3","2","2","2","2","2","2","3","3","2","2","3","3","2","3","3","3",NA,NA,NA,NA,NA,NA,NA,NA,NA,NA,NA,NA,NA,NA,NA,NA,NA,NA,NA,NA,NA,NA,NA,NA,NA,NA,NA,NA,NA,NA,NA,NA,NA,NA,NA,NA,NA,NA,NA,NA,NA,NA,NA,NA,NA,NA,NA,NA,NA,NA,NA,NA,NA,NA,NA,NA,NA,NA,NA,NA,NA,NA,NA,NA,NA,NA,NA,NA,NA,NA,NA,NA,NA,NA,NA,NA,NA,NA,NA,NA,NA,NA,NA,NA,NA,NA,NA,NA,NA,NA,NA,NA,NA,NA,NA,NA,"3","3","3","3","5","3","4","2","3","3","3","5","5","3","5","1","3","3","4","3","2","23","Female","0"
"0","100","559","1","7,12,13,15,19","7","12","13","15","19","5","5","5","5","5","5","5","5","5","5","5","5","5","5","5","5","5","5","5","5","5","5","5","5","5","5","5","5","5","5","5","5","5","5","5","5","5","5","5","5","5","5","5","5","5","5","5","5","5","5","5","5","5","5","5","5","5","5","5","5","5","5","5","5","5","5","5","5","5","5","5","5","5","5","5","5","5","5","5","5","5","5","5","5","5","5","5","5","5","5",NA,NA,NA,NA,NA,NA,NA,NA,NA,NA,NA,NA,NA,NA,NA,NA,NA,NA,NA,NA,NA,NA,NA,NA,NA,NA,NA,NA,NA,NA,NA,NA,NA,NA,NA,NA,NA,NA,NA,NA,NA,NA,NA,NA,NA,NA,NA,NA,NA,NA,NA,NA,NA,NA,NA,NA,NA,NA,NA,NA,NA,NA,NA,NA,NA,NA,NA,NA,NA,NA,NA,NA,NA,NA,NA,NA,NA,NA,NA,NA,NA,NA,NA,NA,NA,NA,NA,NA,NA,NA,NA,NA,NA,NA,NA,NA,"3","4","3","3","4","4","4","3","3","4","4","4","5","3","4","3","4","4","4","3","3","21","Female","0"
"0","100","192152","1",NA,NA,NA,NA,NA,NA,NA,NA,NA,NA,NA,NA,NA,NA,NA,NA,NA,NA,NA,NA,NA,NA,NA,NA,NA,NA,NA,NA,NA,NA,NA,NA,NA,NA,NA,NA,NA,NA,NA,NA,NA,NA,NA,NA,NA,NA,NA,NA,NA,NA,NA,NA,NA,NA,NA,NA,NA,NA,NA,NA,NA,NA,NA,NA,NA,NA,NA,NA,NA,NA,NA,NA,NA,NA,NA,NA,NA,NA,NA,NA,NA,NA,NA,NA,NA,NA,NA,NA,NA,NA,NA,NA,NA,NA,NA,NA,"4,14,19,24,27","4","14","19","24","27","4","4","3","4","4","4","4","4","4","4","4","4","4","4","4","4","4","4","4","4","5","3","4","3","3","4","4","4","3","4","4","4","4","4","4","5","4","4","3","4","4","4","4","4","5","4","4","3","4","4","4","3","4","4","4","3","4","3","4","4","4","4","4","4","4","4","4","4","3","4","4","3","4","4","4","5","4","3","4","4","4","3","3","4","3","3","4","4","4","4","4","3","4","3","5","4","4","4","3","5","5","4","5","4","4","2","5","4","4","3","5","20","Female","1"
"0","100","215","1",NA,NA,NA,NA,NA,NA,NA,NA,NA,NA,NA,NA,NA,NA,NA,NA,NA,NA,NA,NA,NA,NA,NA,NA,NA,NA,NA,NA,NA,NA,NA,NA,NA,NA,NA,NA,NA,NA,NA,NA,NA,NA,NA,NA,NA,NA,NA,NA,NA,NA,NA,NA,NA,NA,NA,NA,NA,NA,NA,NA,NA,NA,NA,NA,NA,NA,NA,NA,NA,NA,NA,NA,NA,NA,NA,NA,NA,NA,NA,NA,NA,NA,NA,NA,NA,NA,NA,NA,NA,NA,NA,NA,NA,NA,NA,NA,"6,7,14,21,29","6","7","14","21","29","3","3","3","3","3","3","3","3","3","3","3","3","3","3","3","3","3","3","3","3","3","3","3","3","3","3","3","3","3","3","3","3","3","3","3","3","3","3","3","3","3","3","3","3","3","3","3","3","3","3","3","3","3","3","3","3","3","3","3","3","3","3","3","3","3","4","3","3","3","3","3","3","3","3","3","3","3","3","3","3","3","3","3","3","3","3","3","3","3","3","3","3","3","3","3","3","3","3","3","3","3","3","3","3","3","3","3","3","3","3","3","22","1,2,3,4,5,6","1"
"0","100","640","1",NA,NA,NA,NA,NA,NA,NA,NA,NA,NA,NA,NA,NA,NA,NA,NA,NA,NA,NA,NA,NA,NA,NA,NA,NA,NA,NA,NA,NA,NA,NA,NA,NA,NA,NA,NA,NA,NA,NA,NA,NA,NA,NA,NA,NA,NA,NA,NA,NA,NA,NA,NA,NA,NA,NA,NA,NA,NA,NA,NA,NA,NA,NA,NA,NA,NA,NA,NA,NA,NA,NA,NA,NA,NA,NA,NA,NA,NA,NA,NA,NA,NA,NA,NA,NA,NA,NA,NA,NA,NA,NA,NA,NA,NA,NA,NA,"9,11,13,26,29","9","11","13","26","29","5","5","5","5","5","5","5","5","5","5","5","5","5","5","5","5","5","5","5","5","5","5","5","5","5","5","5","5","5","5","5","5","5","5","5","5","5","5","5","5","5","5","5","5","5","5","5","5","5","5","5","5","5","5","5","5","5","5","5","5","5","5","5","5","5","5","5","5","5","5","5","5","5","5","5","5","5","5","5","5","5","5","5","5","5","5","5","5","5","5","3","1","3","2","4","4","1","3","5","5","3","3","5","2","1","4","1","1","2","5","3","20","Female","1"
"0","100","585","1","1,6,11,13,28","1","6","11","13","28","5","5","5","5","5","5","5","5","5","5","5","4","5","5","5","5","5","5","5","5","5","5","5","4","5","5","5","5","5","5","5","5","5","5","5","5","5","5","5","5","5","5","5","5","5","5","5","5","5","5","5","5","5","5","5","5","5","5","5","5","5","5","5","5","5","5","5","5","5","5","5","5","5","5","5","5","5","5","5","5","5","5","5","5","5","5","5","5","5","5",NA,NA,NA,NA,NA,NA,NA,NA,NA,NA,NA,NA,NA,NA,NA,NA,NA,NA,NA,NA,NA,NA,NA,NA,NA,NA,NA,NA,NA,NA,NA,NA,NA,NA,NA,NA,NA,NA,NA,NA,NA,NA,NA,NA,NA,NA,NA,NA,NA,NA,NA,NA,NA,NA,NA,NA,NA,NA,NA,NA,NA,NA,NA,NA,NA,NA,NA,NA,NA,NA,NA,NA,NA,NA,NA,NA,NA,NA,NA,NA,NA,NA,NA,NA,NA,NA,NA,NA,NA,NA,NA,NA,NA,NA,NA,NA,"1","4","3","4","5","3","1","4","5","5","4","4","5","2","3","5","3","1","1","3","4","21","Female","0"
"0","100","1072","1","4,7,9,19,31","4","7","9","19","31","5","5","5","5","5","5","5","5","5","5","5","5","5","5","5","5","5","5","5","5","5","5","5","5","5","5","5","5","5","5","5","4","4","4","4","4","4","5","5","5","4","4","5","4","5","4","4","4","5","5","5","5","4","5","5","5","5","5","4","5","5","5","5","5","5","5","5","5","5","5","5","5","5","5","5","5","5","5","5","5","5","5","5","5","5","5","5","5","5","5",NA,NA,NA,NA,NA,NA,NA,NA,NA,NA,NA,NA,NA,NA,NA,NA,NA,NA,NA,NA,NA,NA,NA,NA,NA,NA,NA,NA,NA,NA,NA,NA,NA,NA,NA,NA,NA,NA,NA,NA,NA,NA,NA,NA,NA,NA,NA,NA,NA,NA,NA,NA,NA,NA,NA,NA,NA,NA,NA,NA,NA,NA,NA,NA,NA,NA,NA,NA,NA,NA,NA,NA,NA,NA,NA,NA,NA,NA,NA,NA,NA,NA,NA,NA,NA,NA,NA,NA,NA,NA,NA,NA,NA,NA,NA,NA,"4","5","4","5","4","4","4","4","5","5","4","4","4","4","4","5","4","5","4","5","4","22","Male","0"
"0","100","1164","1","5,13,18,20,30","5","13","18","20","30","5","4","5","4","4","5","5","3","4","5","5","5","5","5","4","4","5","5","4","5","4","5","4","4","3","5","3","4","5","5","5","5","4","4","5","5","4","4","5","5","5","4","5","5","5","5","5","5","5","4","5","3","2","5","4","5","5","1","5","5","5","5","4","5","4","5","5","4","4","4","4","4","4","3","5","5","4","5","5","4","4","4","4","5","4","5","5","3","4","4",NA,NA,NA,NA,NA,NA,NA,NA,NA,NA,NA,NA,NA,NA,NA,NA,NA,NA,NA,NA,NA,NA,NA,NA,NA,NA,NA,NA,NA,NA,NA,NA,NA,NA,NA,NA,NA,NA,NA,NA,NA,NA,NA,NA,NA,NA,NA,NA,NA,NA,NA,NA,NA,NA,NA,NA,NA,NA,NA,NA,NA,NA,NA,NA,NA,NA,NA,NA,NA,NA,NA,NA,NA,NA,NA,NA,NA,NA,NA,NA,NA,NA,NA,NA,NA,NA,NA,NA,NA,NA,NA,NA,NA,NA,NA,NA,"4","5","5","4","4","5","5","4","4","5","4","5","4","4","4","5","5","5","4","4","4","20","Male","0"
"0","100","226","1",NA,NA,NA,NA,NA,NA,NA,NA,NA,NA,NA,NA,NA,NA,NA,NA,NA,NA,NA,NA,NA,NA,NA,NA,NA,NA,NA,NA,NA,NA,NA,NA,NA,NA,NA,NA,NA,NA,NA,NA,NA,NA,NA,NA,NA,NA,NA,NA,NA,NA,NA,NA,NA,NA,NA,NA,NA,NA,NA,NA,NA,NA,NA,NA,NA,NA,NA,NA,NA,NA,NA,NA,NA,NA,NA,NA,NA,NA,NA,NA,NA,NA,NA,NA,NA,NA,NA,NA,NA,NA,NA,NA,NA,NA,NA,NA,"4,6,19,30,32","4","6","19","30","32","5","4","2","5","4","4","3","4","3","2","1","3","3","2","3","3","2","4","3","4","5","4","3","2","2","3","4","3","4","4","2","4","4","4","2","3","4","3","3","4","3","3","3","3","4","4","3","4","4","3","5","4","3","3","2","3","4","5","4","4","5","1","5","1","4","3","3","3","4","2","4","4","4","4","4","3","4","3","3","3","4","4","4","4","4","4","4","2","4","5","4","4","3","4","4","5","3","4","4","2","3","3","5","3","4","3","4","4","4","4","2","19","Male","1"
"0","100","448","1",NA,NA,NA,NA,NA,NA,NA,NA,NA,NA,NA,NA,NA,NA,NA,NA,NA,NA,NA,NA,NA,NA,NA,NA,NA,NA,NA,NA,NA,NA,NA,NA,NA,NA,NA,NA,NA,NA,NA,NA,NA,NA,NA,NA,NA,NA,NA,NA,NA,NA,NA,NA,NA,NA,NA,NA,NA,NA,NA,NA,NA,NA,NA,NA,NA,NA,NA,NA,NA,NA,NA,NA,NA,NA,NA,NA,NA,NA,NA,NA,NA,NA,NA,NA,NA,NA,NA,NA,NA,NA,NA,NA,NA,NA,NA,NA,"4,11,35,25,36","4","11","35","25","36","4","5","5","5","5","5","5","4","4","4","5","4","5","4","4","5","5","4","5","5","4","3","3","4","5","5","4","4","5","5","5","4","5","4","5","5","4","4","5","4","4","2","5","4","5","4","3","4","5","4","4","3","5","5","4","3","4","5","4","4","5","5","4","4","5","4","5","4","5","4","4","4","4","4","4","5","5","4","5","4","5","5","3","5","4","3","4","4","5","5","1","3","4","3","2","3","2","4","4","5","3","2","5","1","4","2","2","3","2","3","4","22","Female","1"
"0","100","1346","1","6,7,9,11,18","6","7","9","11","18","4","3","4","5","4","5","4","4","4","5","5","1","3","5","5","5","5","3","5","4","3","1","4","4","4","5","5","1","4","3","5","4","4","3","4","4","3","4","4","2","2","2","5","5","4","4","5","2","4","4","3","1","3","5","4","4","4","1","4","4","5","3","4","4","2","4","4","5","4","1","1","1","5","5","4","4","4","3","4","4","3","1","5","5","4","4","4","4","1","4",NA,NA,NA,NA,NA,NA,NA,NA,NA,NA,NA,NA,NA,NA,NA,NA,NA,NA,NA,NA,NA,NA,NA,NA,NA,NA,NA,NA,NA,NA,NA,NA,NA,NA,NA,NA,NA,NA,NA,NA,NA,NA,NA,NA,NA,NA,NA,NA,NA,NA,NA,NA,NA,NA,NA,NA,NA,NA,NA,NA,NA,NA,NA,NA,NA,NA,NA,NA,NA,NA,NA,NA,NA,NA,NA,NA,NA,NA,NA,NA,NA,NA,NA,NA,NA,NA,NA,NA,NA,NA,NA,NA,NA,NA,NA,NA,"2","4","4","2","3","4","2","3","3","3","4","3","5","3","4","1","3","5","3","3","2","18","Male","0"
"0","100","1001","1",NA,NA,NA,NA,NA,NA,NA,NA,NA,NA,NA,NA,NA,NA,NA,NA,NA,NA,NA,NA,NA,NA,NA,NA,NA,NA,NA,NA,NA,NA,NA,NA,NA,NA,NA,NA,NA,NA,NA,NA,NA,NA,NA,NA,NA,NA,NA,NA,NA,NA,NA,NA,NA,NA,NA,NA,NA,NA,NA,NA,NA,NA,NA,NA,NA,NA,NA,NA,NA,NA,NA,NA,NA,NA,NA,NA,NA,NA,NA,NA,NA,NA,NA,NA,NA,NA,NA,NA,NA,NA,NA,NA,NA,NA,NA,NA,"9,13,15,26,23","9","13","15","26","23","5","2","2","4","4","4","4","4","4","4","5","2","3","2","4","2","4","4","4","4","4","5","2","4","4","2","4","2","5","2","5","2","2","5","4","4","5","5","5","4","5","2","2","4","4","3","4","1","5","4","4","5","4","2","4","4","4","2","5","3","5","4","2","4","5","4","5","4","4","2","5","2","2","4","2","2","5","4","5","4","4","4","2","4","4","2","4","2","5","2","1","3","3","3","4","4","3","2","2","4","4","4","5","2","4","4","2","3","3","3","2","21","Female","1"
"0","100","372","1","6,7,11,17,25","6","7","11","17","25","4","4","4","4","4","4","4","4","4","4","4","4","4","4","4","4","4","4","4","4","4","4","4","4","4","4","4","4","4","4","4","4","4","4","4","4","4","5","4","4","4","4","4","4","4","4","4","4","4","4","4","4","4","4","3","5","4","4","4","4","4","4","4","4","4","4","4","4","4","4","4","4","4","4","4","4","4","4","4","4","4","4","4","4","4","4","4","4","4","4",NA,NA,NA,NA,NA,NA,NA,NA,NA,NA,NA,NA,NA,NA,NA,NA,NA,NA,NA,NA,NA,NA,NA,NA,NA,NA,NA,NA,NA,NA,NA,NA,NA,NA,NA,NA,NA,NA,NA,NA,NA,NA,NA,NA,NA,NA,NA,NA,NA,NA,NA,NA,NA,NA,NA,NA,NA,NA,NA,NA,NA,NA,NA,NA,NA,NA,NA,NA,NA,NA,NA,NA,NA,NA,NA,NA,NA,NA,NA,NA,NA,NA,NA,NA,NA,NA,NA,NA,NA,NA,NA,NA,NA,NA,NA,NA,"1","3","3","1","4","3","1","4","4","5","3","2","3","1","3","5","3","1","2","4","4","20","Male","0"
"0","100","133689","1",NA,NA,NA,NA,NA,NA,NA,NA,NA,NA,NA,NA,NA,NA,NA,NA,NA,NA,NA,NA,NA,NA,NA,NA,NA,NA,NA,NA,NA,NA,NA,NA,NA,NA,NA,NA,NA,NA,NA,NA,NA,NA,NA,NA,NA,NA,NA,NA,NA,NA,NA,NA,NA,NA,NA,NA,NA,NA,NA,NA,NA,NA,NA,NA,NA,NA,NA,NA,NA,NA,NA,NA,NA,NA,NA,NA,NA,NA,NA,NA,NA,NA,NA,NA,NA,NA,NA,NA,NA,NA,NA,NA,NA,NA,NA,NA,"5,12,13,22,26","5","12","13","22","26","4","4","4","4","4","4","4","4","4","4","4","4","4","4","4","4","4","4","4","4","4","4","4","4","4","4","4","4","4","4","4","4","4","4","4","4","4","4","4","4","4","4","4","4","4","4","4","4","4","4","4","4","4","4","4","4","4","4","4","4","4","4","4","4","4","4","4","4","4","4","4","4","4","5","4","4","4","4","4","4","4","4","4","4","4","4","4","4","4","4","2","4","2","3","4","3","4","2","3","3","2","4","5","2","4","2","4","2","4","3","2","24","Female","1"
"0","100","289","1",NA,NA,NA,NA,NA,NA,NA,NA,NA,NA,NA,NA,NA,NA,NA,NA,NA,NA,NA,NA,NA,NA,NA,NA,NA,NA,NA,NA,NA,NA,NA,NA,NA,NA,NA,NA,NA,NA,NA,NA,NA,NA,NA,NA,NA,NA,NA,NA,NA,NA,NA,NA,NA,NA,NA,NA,NA,NA,NA,NA,NA,NA,NA,NA,NA,NA,NA,NA,NA,NA,NA,NA,NA,NA,NA,NA,NA,NA,NA,NA,NA,NA,NA,NA,NA,NA,NA,NA,NA,NA,NA,NA,NA,NA,NA,NA,"6,12,21,25,31","6","12","21","25","31","4","4","5","3","5","5","5","5","4","5","5","5","4","5","5","4","4","4","5","4","5","4","3","5","5","5","4","4","5","5","5","5","5","5","5","5","5","5","5","5","5","5","5","5","5","4","5","5","5","5","4","4","4","4","5","5","5","5","5","5","4","5","5","5","5","4","5","4","4","5","4","2","3","4","4","5","5","5","5","5","5","5","5","4","4","5","5","5","4","5","3","3","3","3","3","3","3","3","3","3","3","3","3","3","3","4","3","3","4","3","3","19","Female","1"
"0","100","1290","1","7,11,13,24,29","7","11","13","24","29","3","3","2","5","4","5","4","3","5","4","5","2","5","4","2","2","5","3","4","5","3","4","4","3","5","3","5","1","4","2","5","3","2","5","5","5","5","4","5","3","4","1","2","5","4","3","2","2","5","4","4","3","3","4","5","4","4","2","5","4","5","2","2","5","4","4","5","5","5","5","5","2","3","4","2","4","5","4","5","4","5","5","3","2","5","4","3","3","5","3",NA,NA,NA,NA,NA,NA,NA,NA,NA,NA,NA,NA,NA,NA,NA,NA,NA,NA,NA,NA,NA,NA,NA,NA,NA,NA,NA,NA,NA,NA,NA,NA,NA,NA,NA,NA,NA,NA,NA,NA,NA,NA,NA,NA,NA,NA,NA,NA,NA,NA,NA,NA,NA,NA,NA,NA,NA,NA,NA,NA,NA,NA,NA,NA,NA,NA,NA,NA,NA,NA,NA,NA,NA,NA,NA,NA,NA,NA,NA,NA,NA,NA,NA,NA,NA,NA,NA,NA,NA,NA,NA,NA,NA,NA,NA,NA,"3","5","2","2","4","3","5","1","2","4","4","5","5","4","5","1","5","4","5","1","4","19","Female","0"
"0","100","199","1","9,15,17,30,36","9","15","17","30","36","1","4","4","5","3","5","2","5","2","5","4","4","5","5","2","5","4","1","5","2","5","2","1","5","1","2","5","5","5","2","1","1","1","1","1","1","1","1","1","1","1","1","1","1","1","1","1","1","1","1","1","1","5","1","1","1","1","1","1","1","2","5","5","4","1","5","4","5","3","5","4","1","4","2","4","3","2","5","5","2","2","2","1","5","2","5","2","2","2","5",NA,NA,NA,NA,NA,NA,NA,NA,NA,NA,NA,NA,NA,NA,NA,NA,NA,NA,NA,NA,NA,NA,NA,NA,NA,NA,NA,NA,NA,NA,NA,NA,NA,NA,NA,NA,NA,NA,NA,NA,NA,NA,NA,NA,NA,NA,NA,NA,NA,NA,NA,NA,NA,NA,NA,NA,NA,NA,NA,NA,NA,NA,NA,NA,NA,NA,NA,NA,NA,NA,NA,NA,NA,NA,NA,NA,NA,NA,NA,NA,NA,NA,NA,NA,NA,NA,NA,NA,NA,NA,NA,NA,NA,NA,NA,NA,"2","2","2","1","2","3","4","1","1","1","1","1","5","2","1","2","1","1","1","1","1","21","Male","0"
"0","100","416","1",NA,NA,NA,NA,NA,NA,NA,NA,NA,NA,NA,NA,NA,NA,NA,NA,NA,NA,NA,NA,NA,NA,NA,NA,NA,NA,NA,NA,NA,NA,NA,NA,NA,NA,NA,NA,NA,NA,NA,NA,NA,NA,NA,NA,NA,NA,NA,NA,NA,NA,NA,NA,NA,NA,NA,NA,NA,NA,NA,NA,NA,NA,NA,NA,NA,NA,NA,NA,NA,NA,NA,NA,NA,NA,NA,NA,NA,NA,NA,NA,NA,NA,NA,NA,NA,NA,NA,NA,NA,NA,NA,NA,NA,NA,NA,NA,"4,7,18,19,25","4","7","18","19","25","4","4","4","4","4","4","4","4","4","4","4","4","4","4","4","4","4","4","4","4","4","4","4","4","4","4","4","4","4","4","3","4","4","3","4","3","3","4","3","3","3","4","3","3","3","3","4","2","4","4","4","2","3","2","3","3","4","3","2","2","5","5","5","4","5","5","5","5","5","5","5","5","5","5","5","5","5","5","5","5","5","5","5","4","5","5","5","5","5","5","1","4","5","2","5","2","2","4","5","5","3","3","5","1","4","5","1","5","2","5","5","22","Male","1"
"0","100","388","1",NA,NA,NA,NA,NA,NA,NA,NA,NA,NA,NA,NA,NA,NA,NA,NA,NA,NA,NA,NA,NA,NA,NA,NA,NA,NA,NA,NA,NA,NA,NA,NA,NA,NA,NA,NA,NA,NA,NA,NA,NA,NA,NA,NA,NA,NA,NA,NA,NA,NA,NA,NA,NA,NA,NA,NA,NA,NA,NA,NA,NA,NA,NA,NA,NA,NA,NA,NA,NA,NA,NA,NA,NA,NA,NA,NA,NA,NA,NA,NA,NA,NA,NA,NA,NA,NA,NA,NA,NA,NA,NA,NA,NA,NA,NA,NA,"5,6,11,13,18","5","6","11","13","18","5","5","5","5","5","5","5","5","5","5","5","5","5","5","5","5","5","5","5","5","5","5","5","5","5","5","5","5","5","5","5","5","5","5","5","5","5","5","5","5","5","5","5","5","5","5","5","4","5","5","5","5","5","5","5","5","5","5","5","4","5","5","5","5","5","5","5","5","5","5","5","5","5","5","5","5","5","4","5","5","5","4","5","5","5","5","5","5","5","5","2","4","3","3","4","4","3","3","4","2","4","4","5","2","4","2","2","4","2","3","5","20","Female","1"
"0","100","565","1","1,4,7,11,26","1","4","7","11","26","5","5","4","5","5","4","5","5","5","4","5","5","5","4","4","5","4","4","4","5","4","5","4","4","4","4","5","5","4","5","5","5","5","4","4","5","4","4","4","5","4","4","4","5","5","4","5","5","4","4","5","4","5","4","5","4","5","5","5","4","5","5","4","5","5","4","5","5","4","4","5","4","5","5","4","4","5","4","5","4","5","5","5","5","4","4","5","5","5","4",NA,NA,NA,NA,NA,NA,NA,NA,NA,NA,NA,NA,NA,NA,NA,NA,NA,NA,NA,NA,NA,NA,NA,NA,NA,NA,NA,NA,NA,NA,NA,NA,NA,NA,NA,NA,NA,NA,NA,NA,NA,NA,NA,NA,NA,NA,NA,NA,NA,NA,NA,NA,NA,NA,NA,NA,NA,NA,NA,NA,NA,NA,NA,NA,NA,NA,NA,NA,NA,NA,NA,NA,NA,NA,NA,NA,NA,NA,NA,NA,NA,NA,NA,NA,NA,NA,NA,NA,NA,NA,NA,NA,NA,NA,NA,NA,"4","4","2","2","4","3","4","1","2","2","4","5","5","4","4","2","4","4","4","4","2","18","Male","0"
"0","100","357","1",NA,NA,NA,NA,NA,NA,NA,NA,NA,NA,NA,NA,NA,NA,NA,NA,NA,NA,NA,NA,NA,NA,NA,NA,NA,NA,NA,NA,NA,NA,NA,NA,NA,NA,NA,NA,NA,NA,NA,NA,NA,NA,NA,NA,NA,NA,NA,NA,NA,NA,NA,NA,NA,NA,NA,NA,NA,NA,NA,NA,NA,NA,NA,NA,NA,NA,NA,NA,NA,NA,NA,NA,NA,NA,NA,NA,NA,NA,NA,NA,NA,NA,NA,NA,NA,NA,NA,NA,NA,NA,NA,NA,NA,NA,NA,NA,"11,13,14,20,32","11","13","14","20","32","3","3","3","3","4","3","3","3","3","3","3","3","3","3","3","3","3","3","4","3","5","4","3","3","3","5","3","4","3","4","4","5","3","2","4","5","4","4","4","5","4","3","5","4","3","3","3","3","4","3","3","3","3","4","3","4","4","4","3","3","4","3","3","4","3","3","3","4","5","4","4","4","4","4","4","4","4","4","5","3","4","4","4","4","4","3","4","4","4","4","3","5","4","3","5","3","3","1","3","2","3","5","5","1","4","1","4","4","3","1","3","21","Male","1"
"0","100","606","1","9,11,13,28,31","9","11","13","28","31","5","5","5","5","5","5","5","5","5","5","5","5","5","5","5","4","5","4","5","5","5","4","5","5","5","5","5","5","5","5","5","5","5","5","5","4","5","5","5","5","5","5","5","5","5","4","5","4","5","5","5","5","4","5","5","5","5","4","5","5","5","5","5","5","5","5","5","5","5","5","5","5","5","5","5","4","5","4","5","5","5","4","5","5","5","5","5","5","5","5",NA,NA,NA,NA,NA,NA,NA,NA,NA,NA,NA,NA,NA,NA,NA,NA,NA,NA,NA,NA,NA,NA,NA,NA,NA,NA,NA,NA,NA,NA,NA,NA,NA,NA,NA,NA,NA,NA,NA,NA,NA,NA,NA,NA,NA,NA,NA,NA,NA,NA,NA,NA,NA,NA,NA,NA,NA,NA,NA,NA,NA,NA,NA,NA,NA,NA,NA,NA,NA,NA,NA,NA,NA,NA,NA,NA,NA,NA,NA,NA,NA,NA,NA,NA,NA,NA,NA,NA,NA,NA,NA,NA,NA,NA,NA,NA,"1","4","3","2","5","4","2","4","4","5","3","2","5","2","4","4","1","3","1","2","4","19","Female","0"
"0","100","231","1",NA,NA,NA,NA,NA,NA,NA,NA,NA,NA,NA,NA,NA,NA,NA,NA,NA,NA,NA,NA,NA,NA,NA,NA,NA,NA,NA,NA,NA,NA,NA,NA,NA,NA,NA,NA,NA,NA,NA,NA,NA,NA,NA,NA,NA,NA,NA,NA,NA,NA,NA,NA,NA,NA,NA,NA,NA,NA,NA,NA,NA,NA,NA,NA,NA,NA,NA,NA,NA,NA,NA,NA,NA,NA,NA,NA,NA,NA,NA,NA,NA,NA,NA,NA,NA,NA,NA,NA,NA,NA,NA,NA,NA,NA,NA,NA,"7,11,12,14,32","7","11","12","14","32","3","3","3","3","3","3","3","3","3","3","4","3","3","3","3","3","3","3","3","3","3","3","3","3","3","3","3","3","3","3","3","3","3","3","3","3","3","3","3","3","3","3","3","3","3","3","3","3","3","3","3","3","3","3","3","3","3","3","3","3","3","3","3","3","3","3","3","3","3","3","3","3","3","3","3","3","3","3","3","3","3","3","3","3","3","3","3","3","3","3","3","3","3","3","3","3","3","3","3","3","3","3","3","3","3","3","3","3","3","3","3","21","Female","1"
"0","100","516","1","7,9,12,18,28","7","9","12","18","28","5","5","5","5","5","5","5","5","5","5","5","5","5","5","5","5","5","5","5","5","5","5","5","5","5","5","5","5","5","5","4","2","5","5","4","4","5","4","5","3","4","2","2","4","2","2","3","2","5","4","3","2","4","4","5","4","4","3","3","4","5","5","5","5","5","5","5","5","5","5","5","4","4","5","4","4","5","4","5","4","5","4","5","5","5","5","5","4","5","4",NA,NA,NA,NA,NA,NA,NA,NA,NA,NA,NA,NA,NA,NA,NA,NA,NA,NA,NA,NA,NA,NA,NA,NA,NA,NA,NA,NA,NA,NA,NA,NA,NA,NA,NA,NA,NA,NA,NA,NA,NA,NA,NA,NA,NA,NA,NA,NA,NA,NA,NA,NA,NA,NA,NA,NA,NA,NA,NA,NA,NA,NA,NA,NA,NA,NA,NA,NA,NA,NA,NA,NA,NA,NA,NA,NA,NA,NA,NA,NA,NA,NA,NA,NA,NA,NA,NA,NA,NA,NA,NA,NA,NA,NA,NA,NA,"4","4","5","3","4","5","1","5","1","5","3","2","3","4","4","5","2","2","1","5","5","22","Male","0"
"0","100","827","1","6,11,26,30,23","6","11","26","30","23","2","2","1","4","3","3","4","3","4","3","4","3","2","1","3","3","3","5","4","3","4","4","4","3","4","3","4","2","4","3","4","4","2","4","4","4","4","4","4","3","4","2","4","4","4","3","4","4","4","4","4","4","4","3","4","4","4","4","5","4","4","4","4","4","4","4","4","4","4","4","4","3","4","4","3","3","4","4","4","4","4","5","3","4","4","4","4","4","5","4",NA,NA,NA,NA,NA,NA,NA,NA,NA,NA,NA,NA,NA,NA,NA,NA,NA,NA,NA,NA,NA,NA,NA,NA,NA,NA,NA,NA,NA,NA,NA,NA,NA,NA,NA,NA,NA,NA,NA,NA,NA,NA,NA,NA,NA,NA,NA,NA,NA,NA,NA,NA,NA,NA,NA,NA,NA,NA,NA,NA,NA,NA,NA,NA,NA,NA,NA,NA,NA,NA,NA,NA,NA,NA,NA,NA,NA,NA,NA,NA,NA,NA,NA,NA,NA,NA,NA,NA,NA,NA,NA,NA,NA,NA,NA,NA,"1","4","5","4","5","2","4","3","4","4","4","4","5","3","4","4","2","3","4","4","1","21","Male","0"
"0","100","1322","1",NA,NA,NA,NA,NA,NA,NA,NA,NA,NA,NA,NA,NA,NA,NA,NA,NA,NA,NA,NA,NA,NA,NA,NA,NA,NA,NA,NA,NA,NA,NA,NA,NA,NA,NA,NA,NA,NA,NA,NA,NA,NA,NA,NA,NA,NA,NA,NA,NA,NA,NA,NA,NA,NA,NA,NA,NA,NA,NA,NA,NA,NA,NA,NA,NA,NA,NA,NA,NA,NA,NA,NA,NA,NA,NA,NA,NA,NA,NA,NA,NA,NA,NA,NA,NA,NA,NA,NA,NA,NA,NA,NA,NA,NA,NA,NA,"9,22,25,26,31","9","22","25","26","31","4","4","4","4","4","5","4","4","4","4","4","4","4","3","4","3","4","5","4","4","4","5","4","4","4","4","4","4","4","4","4","4","3","4","4","4","5","4","4","5","4","3","4","4","4","3","3","4","4","4","4","5","4","4","4","4","4","3","3","4","4","4","4","4","4","3","4","4","4","4","4","4","3","4","4","4","3","4","5","5","4","4","4","4","4","4","4","4","3","4","3","4","4","2","4","2","2","3","2","5","4","4","5","2","4","4","2","4","1","4","3","18","Other","1"
"0","100","1101","1","4,7,13,14,23","4","7","13","14","23","5","5","5","5","5","5","5","5","5","5","5","5","5","5","5","5","5","5","5","5","5","5","5","5","5","5","5","5","5","5","5","5","5","5","5","5","5","5","5","5","5","5","5","5","5","5","5","5","5","5","5","5","5","5","5","5","5","5","5","5","5","5","5","5","5","5","5","5","5","5","5","5","5","5","5","5","5","5","5","5","5","5","5","5","5","5","5","5","5","5",NA,NA,NA,NA,NA,NA,NA,NA,NA,NA,NA,NA,NA,NA,NA,NA,NA,NA,NA,NA,NA,NA,NA,NA,NA,NA,NA,NA,NA,NA,NA,NA,NA,NA,NA,NA,NA,NA,NA,NA,NA,NA,NA,NA,NA,NA,NA,NA,NA,NA,NA,NA,NA,NA,NA,NA,NA,NA,NA,NA,NA,NA,NA,NA,NA,NA,NA,NA,NA,NA,NA,NA,NA,NA,NA,NA,NA,NA,NA,NA,NA,NA,NA,NA,NA,NA,NA,NA,NA,NA,NA,NA,NA,NA,NA,NA,"2","3","4","3","3","4","2","4","4","4","3","2","5","2","4","5","2","1","3","3","4","26","Prefer not to say","0"
"0","100","1003","1",NA,NA,NA,NA,NA,NA,NA,NA,NA,NA,NA,NA,NA,NA,NA,NA,NA,NA,NA,NA,NA,NA,NA,NA,NA,NA,NA,NA,NA,NA,NA,NA,NA,NA,NA,NA,NA,NA,NA,NA,NA,NA,NA,NA,NA,NA,NA,NA,NA,NA,NA,NA,NA,NA,NA,NA,NA,NA,NA,NA,NA,NA,NA,NA,NA,NA,NA,NA,NA,NA,NA,NA,NA,NA,NA,NA,NA,NA,NA,NA,NA,NA,NA,NA,NA,NA,NA,NA,NA,NA,NA,NA,NA,NA,NA,NA,"1,5,7,15,19","1","5","7","15","19","5","5","5","5","5","5","5","5","5","5","5","5","5","5","5","5","5","5","5","5","5","5","5","5","5","5","5","5","5","5","5","5","5","5","5","5","5","5","5","5","5","5","5","5","5","5","5","5","5","5","5","5","5","5","5","5","5","5","5","5","5","5","5","5","5","5","5","5","5","5","5","5","5","5","5","5","5","5","5","5","5","5","5","5","5","5","5","5","5","5","1","5","4","4","5","3","4","2","4","4","4","4","5","2","5","3","2","3","4","4","4","23","Male","1"
"0","100","1106","1",NA,NA,NA,NA,NA,NA,NA,NA,NA,NA,NA,NA,NA,NA,NA,NA,NA,NA,NA,NA,NA,NA,NA,NA,NA,NA,NA,NA,NA,NA,NA,NA,NA,NA,NA,NA,NA,NA,NA,NA,NA,NA,NA,NA,NA,NA,NA,NA,NA,NA,NA,NA,NA,NA,NA,NA,NA,NA,NA,NA,NA,NA,NA,NA,NA,NA,NA,NA,NA,NA,NA,NA,NA,NA,NA,NA,NA,NA,NA,NA,NA,NA,NA,NA,NA,NA,NA,NA,NA,NA,NA,NA,NA,NA,NA,NA,"4,20,22,29,23","4","20","22","29","23","4","5","1","4","2","5","5","3","5","1","3","1","4","2","4","5","5","4","4","5","3","3","4","3","4","3","4","5","5","4","5","4","1","4","5","5","5","5","5","5","5","1","4","1","5","5","4","4","4","5","5","5","3","4","5","5","5","4","5","4","4","4","1","4","5","4","5","4","4","4","3","1","4","2","5","5","5","5","5","4","4","5","4","3","5","5","4","1","5","5","3","1","2","2","4","2","3","2","3","3","4","4","5","4","4","2","4","3","4","4","3","20","Male","1"
"0","100","263","1","6,9,11,12,13","6","9","11","12","13","3","3","3","3","3","3","3","3","3","3","3","3","3","3","3","3","3","3","3","3","3","3","3","3","3","3","3","3","3","3","3","3","3","3","3","3","3","3","3","3","3","3","3","3","3","3","3","3","3","3","3","5","3","3","3","3","3","3","3","3","3","3","3","3","3","3","3","3","3","3","3","3","3","3","3","3","3","3","3","3","3","3","3","3","3","3","3","3","3","3",NA,NA,NA,NA,NA,NA,NA,NA,NA,NA,NA,NA,NA,NA,NA,NA,NA,NA,NA,NA,NA,NA,NA,NA,NA,NA,NA,NA,NA,NA,NA,NA,NA,NA,NA,NA,NA,NA,NA,NA,NA,NA,NA,NA,NA,NA,NA,NA,NA,NA,NA,NA,NA,NA,NA,NA,NA,NA,NA,NA,NA,NA,NA,NA,NA,NA,NA,NA,NA,NA,NA,NA,NA,NA,NA,NA,NA,NA,NA,NA,NA,NA,NA,NA,NA,NA,NA,NA,NA,NA,NA,NA,NA,NA,NA,NA,"3","4","3","3","3","4","3","4","3","3","4","4","5","3","3","3","3","3","3","2","3","19","Male","0"
"0","100","553","1","6,28,29,30,31","6","28","29","30","31","4","4","4","4","4","3","4","4","4","4","4","3","4","3","3","2","3","3","4","4","4","3","4","4","4","4","4","2","4","4","4","3","4","4","3","4","4","4","4","4","4","3","3","4","3","2","4","4","3","2","4","3","3","4","4","3","4","2","4","3","4","4","5","4","3","4","4","4","5","4","4","2","3","4","3","3","3","3","3","4","3","3","2","3","3","4","4","3","4","4",NA,NA,NA,NA,NA,NA,NA,NA,NA,NA,NA,NA,NA,NA,NA,NA,NA,NA,NA,NA,NA,NA,NA,NA,NA,NA,NA,NA,NA,NA,NA,NA,NA,NA,NA,NA,NA,NA,NA,NA,NA,NA,NA,NA,NA,NA,NA,NA,NA,NA,NA,NA,NA,NA,NA,NA,NA,NA,NA,NA,NA,NA,NA,NA,NA,NA,NA,NA,NA,NA,NA,NA,NA,NA,NA,NA,NA,NA,NA,NA,NA,NA,NA,NA,NA,NA,NA,NA,NA,NA,NA,NA,NA,NA,NA,NA,"2","4","5","3","4","4","3","3","2","4","4","3","5","3","5","4","2","5","3","4","4","22","Female","0"
"0","100","1046","1",NA,NA,NA,NA,NA,NA,NA,NA,NA,NA,NA,NA,NA,NA,NA,NA,NA,NA,NA,NA,NA,NA,NA,NA,NA,NA,NA,NA,NA,NA,NA,NA,NA,NA,NA,NA,NA,NA,NA,NA,NA,NA,NA,NA,NA,NA,NA,NA,NA,NA,NA,NA,NA,NA,NA,NA,NA,NA,NA,NA,NA,NA,NA,NA,NA,NA,NA,NA,NA,NA,NA,NA,NA,NA,NA,NA,NA,NA,NA,NA,NA,NA,NA,NA,NA,NA,NA,NA,NA,NA,NA,NA,NA,NA,NA,NA,"13,29,30,31,23","13","29","30","31","23","4","4","4","4","4","4","4","4","4","4","4","4","4","4","4","5","5","5","5","5","5","5","5","5","5","5","5","5","5","5","5","3","3","5","5","5","5","5","5","4","5","3","4","5","4","4","4","3","5","4","5","5","5","3","5","4","5","3","5","4","4","3","3","4","4","4","4","5","5","4","4","3","3","4","4","5","5","4","5","4","5","4","5","4","5","5","5","3","5","5","3","3","3","3","5","3","3","2","3","4","3","4","5","3","4","3","3","3","3","2","3","21","Female","1"
"0","100","302","1","9,18,27,29,23","9","18","27","29","23","5","5","5","5","5","5","5","5","5","5","5","5","5","5","5","5","5","5","5","5","5","5","5","5","5","5","5","5","5","5","5","5","5","5","5","5","5","5","5","5","5","5","5","5","5","5","5","5","5","5","5","5","5","5","5","5","5","5","5","5","5","5","5","5","5","5","5","5","5","5","5","5","5","5","5","5","5","5","5","5","5","5","5","5","5","5","5","5","5","5",NA,NA,NA,NA,NA,NA,NA,NA,NA,NA,NA,NA,NA,NA,NA,NA,NA,NA,NA,NA,NA,NA,NA,NA,NA,NA,NA,NA,NA,NA,NA,NA,NA,NA,NA,NA,NA,NA,NA,NA,NA,NA,NA,NA,NA,NA,NA,NA,NA,NA,NA,NA,NA,NA,NA,NA,NA,NA,NA,NA,NA,NA,NA,NA,NA,NA,NA,NA,NA,NA,NA,NA,NA,NA,NA,NA,NA,NA,NA,NA,NA,NA,NA,NA,NA,NA,NA,NA,NA,NA,NA,NA,NA,NA,NA,NA,"3","4","3","3","4","3","3","2","3","3","4","4","5","3","3","2","3","4","3","2","2","19","Female","0"
"0","100","224","1",NA,NA,NA,NA,NA,NA,NA,NA,NA,NA,NA,NA,NA,NA,NA,NA,NA,NA,NA,NA,NA,NA,NA,NA,NA,NA,NA,NA,NA,NA,NA,NA,NA,NA,NA,NA,NA,NA,NA,NA,NA,NA,NA,NA,NA,NA,NA,NA,NA,NA,NA,NA,NA,NA,NA,NA,NA,NA,NA,NA,NA,NA,NA,NA,NA,NA,NA,NA,NA,NA,NA,NA,NA,NA,NA,NA,NA,NA,NA,NA,NA,NA,NA,NA,NA,NA,NA,NA,NA,NA,NA,NA,NA,NA,NA,NA,"12,13,22,24,25","12","13","22","24","25","3","4","4","5","3","3","5","5","5","3","5","3","5","3","4","5","4","3","5","4","3","3","3","4","5","3","3","3","3","3","4","3","5","3","3","4","4","3","3","5","4","4","4","3","4","4","4","4","4","3","4","4","4","4","4","4","3","3","3","3","3","3","3","3","3","3","3","3","3","3","3","3","3","3","3","3","4","3","4","4","3","3","3","3","3","3","4","4","3","3","3","4","3","4","3","4","3","3","3","4","3","4","4","3","4","3","3","3","4","4","4","21","Female","1"
"0","71","1710","0",NA,NA,NA,NA,NA,NA,NA,NA,NA,NA,NA,NA,NA,NA,NA,NA,NA,NA,NA,NA,NA,NA,NA,NA,NA,NA,NA,NA,NA,NA,NA,NA,NA,NA,NA,NA,NA,NA,NA,NA,NA,NA,NA,NA,NA,NA,NA,NA,NA,NA,NA,NA,NA,NA,NA,NA,NA,NA,NA,NA,NA,NA,NA,NA,NA,NA,NA,NA,NA,NA,NA,NA,NA,NA,NA,NA,NA,NA,NA,NA,NA,NA,NA,NA,NA,NA,NA,NA,NA,NA,NA,NA,NA,NA,NA,NA,NA,NA,NA,NA,NA,NA,NA,NA,NA,NA,NA,NA,NA,NA,NA,NA,NA,NA,NA,NA,NA,NA,NA,NA,NA,NA,NA,NA,NA,NA,NA,NA,NA,NA,NA,NA,"2","4","4","4","4","5","4","4","4","2","3","4","3","4","4","4","3","4","4","4","3","4","4","4","4","4","4","3","5","4","4","4","4","4","4","4","4","4","4","4","4","4","4","4","4","4","4","4","4","4","4","4","4","4","4","4","4","4","5","4",NA,NA,NA,NA,NA,NA,NA,NA,NA,NA,NA,NA,NA,NA,NA,NA,NA,NA,NA,NA,NA,NA,NA,"1"
"0","100","910","1",NA,NA,NA,NA,NA,NA,NA,NA,NA,NA,NA,NA,NA,NA,NA,NA,NA,NA,NA,NA,NA,NA,NA,NA,NA,NA,NA,NA,NA,NA,NA,NA,NA,NA,NA,NA,NA,NA,NA,NA,NA,NA,NA,NA,NA,NA,NA,NA,NA,NA,NA,NA,NA,NA,NA,NA,NA,NA,NA,NA,NA,NA,NA,NA,NA,NA,NA,NA,NA,NA,NA,NA,NA,NA,NA,NA,NA,NA,NA,NA,NA,NA,NA,NA,NA,NA,NA,NA,NA,NA,NA,NA,NA,NA,NA,NA,"6,9,11,29,23","6","9","11","29","23","4","2","3","5","4","5","5","4","5","4","4","2","4","2","4","2","4","4","5","4","4","4","4","3","5","3","5","2","5","5","5","2","1","5","4","5","5","5","5","5","5","1","1","5","2","2","1","1","5","5","5","5","5","1","5","5","5","1","5","5","4","2","1","2","2","5","5","4","5","5","5","4","1","4","2","3","4","4","5","5","5","4","4","1","4","5","4","2","5","3","1","4","4","2","5","4","4","4","2","2","4","4","5","2","5","3","2","2","4","4","2","21","Female","1"
"0","100","1216","1","7,9,35,24,31","7","9","35","24","31","3","4","2","5","4","4","5","5","5","5","5","2","4","1","4","4","4","4","4","4","5","3","4","2","4","4","4","4","5","2","4","4","4","4","5","5","5","5","5","4","4","4","4","2","5","4","2","4","4","5","5","3","5","5","5","5","5","1","5","4","5","5","4","4","5","4","5","5","5","5","4","4","4","4","4","4","2","4","4","4","5","3","4","4","5","4","4","3","4","2",NA,NA,NA,NA,NA,NA,NA,NA,NA,NA,NA,NA,NA,NA,NA,NA,NA,NA,NA,NA,NA,NA,NA,NA,NA,NA,NA,NA,NA,NA,NA,NA,NA,NA,NA,NA,NA,NA,NA,NA,NA,NA,NA,NA,NA,NA,NA,NA,NA,NA,NA,NA,NA,NA,NA,NA,NA,NA,NA,NA,NA,NA,NA,NA,NA,NA,NA,NA,NA,NA,NA,NA,NA,NA,NA,NA,NA,NA,NA,NA,NA,NA,NA,NA,NA,NA,NA,NA,NA,NA,NA,NA,NA,NA,NA,NA,"2","4","3","4","5","3","4","2","2","3","4","4","5","3","4","2","3","2","4","4","2","20","Male","0"
"0","100","330","1","1,4,13,20,21","1","4","13","20","21","3","4","2","4","3","2","3","4","3","4","2","2","4","4","5","3","4","3","2","4","3","4","3","4","3","4","3","5","3","1","3","3","3","2","2","4","2","3","2","4","2","3","4","3","2","4","1","3","4","3","2","4","3","2","3","3","4","3","4","3","3","3","3","3","3","3","3","3","3","3","3","3","3","3","3","3","3","3","3","3","3","3","3","3","3","3","3","3","3","3",NA,NA,NA,NA,NA,NA,NA,NA,NA,NA,NA,NA,NA,NA,NA,NA,NA,NA,NA,NA,NA,NA,NA,NA,NA,NA,NA,NA,NA,NA,NA,NA,NA,NA,NA,NA,NA,NA,NA,NA,NA,NA,NA,NA,NA,NA,NA,NA,NA,NA,NA,NA,NA,NA,NA,NA,NA,NA,NA,NA,NA,NA,NA,NA,NA,NA,NA,NA,NA,NA,NA,NA,NA,NA,NA,NA,NA,NA,NA,NA,NA,NA,NA,NA,NA,NA,NA,NA,NA,NA,NA,NA,NA,NA,NA,NA,"2","2","2","4","2","3","4","3","2","4","4","4","2","2","2","2","2","3","4","4","3","21","Male","0"
"0","100","454","1",NA,NA,NA,NA,NA,NA,NA,NA,NA,NA,NA,NA,NA,NA,NA,NA,NA,NA,NA,NA,NA,NA,NA,NA,NA,NA,NA,NA,NA,NA,NA,NA,NA,NA,NA,NA,NA,NA,NA,NA,NA,NA,NA,NA,NA,NA,NA,NA,NA,NA,NA,NA,NA,NA,NA,NA,NA,NA,NA,NA,NA,NA,NA,NA,NA,NA,NA,NA,NA,NA,NA,NA,NA,NA,NA,NA,NA,NA,NA,NA,NA,NA,NA,NA,NA,NA,NA,NA,NA,NA,NA,NA,NA,NA,NA,NA,"5,6,14,17,27","5","6","14","17","27","3","3","3","2","3","5","3","3","2","3","4","3","4","2","3","4","4","4","1","4","3","3","3","3","4","2","3","3","5","3","5","3","3","5","4","4","3","3","3","3","2","4","2","4","2","4","3","3","4","3","3","4","2","3","4","4","2","2","3","4","3","3","3","3","4","2","3","4","4","4","3","4","3","2","3","4","2","3","4","3","3","3","3","3","2","4","4","3","2","4","4","2","3","4","2","4","4","3","3","4","2","2","5","4","3","4","4","4","3","4","3","18","Female","1"
"0","100","397","1",NA,NA,NA,NA,NA,NA,NA,NA,NA,NA,NA,NA,NA,NA,NA,NA,NA,NA,NA,NA,NA,NA,NA,NA,NA,NA,NA,NA,NA,NA,NA,NA,NA,NA,NA,NA,NA,NA,NA,NA,NA,NA,NA,NA,NA,NA,NA,NA,NA,NA,NA,NA,NA,NA,NA,NA,NA,NA,NA,NA,NA,NA,NA,NA,NA,NA,NA,NA,NA,NA,NA,NA,NA,NA,NA,NA,NA,NA,NA,NA,NA,NA,NA,NA,NA,NA,NA,NA,NA,NA,NA,NA,NA,NA,NA,NA,"4,19,28,29,31","4","19","28","29","31","4","4","4","5","5","4","4","5","4","5","4","4","4","4","5","4","5","4","5","5","5","4","5","4","5","4","5","4","5","5","4","5","5","4","5","5","5","5","5","4","4","2","4","4","4","5","4","4","5","4","5","4","4","5","4","4","4","5","5","4","5","5","4","4","4","5","5","4","4","4","4","5","2","4","5","5","5","4","5","4","4","4","5","5","4","5","4","5","4","4","4","5","4","4","5","3","4","2","3","4","4","5","5","4","2","2","4","2","4","2","4","20","Female","1"
"0","100","965","1","6,15,16,35,30","6","15","16","35","30","5","3","2","5","5","5","5","5","5","4","5","4","3","4","4","5","4","3","5","4","4","5","4","3","5","4","5","4","5","4","5","4","4","5","5","5","5","5","5","5","5","4","4","5","5","5","5","3","5","5","5","5","5","4","5","5","5","3","5","5","5","5","4","5","5","5","5","5","5","5","5","4","4","5","4","5","5","4","5","5","5","5","5","5","5","5","5","4","5","5",NA,NA,NA,NA,NA,NA,NA,NA,NA,NA,NA,NA,NA,NA,NA,NA,NA,NA,NA,NA,NA,NA,NA,NA,NA,NA,NA,NA,NA,NA,NA,NA,NA,NA,NA,NA,NA,NA,NA,NA,NA,NA,NA,NA,NA,NA,NA,NA,NA,NA,NA,NA,NA,NA,NA,NA,NA,NA,NA,NA,NA,NA,NA,NA,NA,NA,NA,NA,NA,NA,NA,NA,NA,NA,NA,NA,NA,NA,NA,NA,NA,NA,NA,NA,NA,NA,NA,NA,NA,NA,NA,NA,NA,NA,NA,NA,"1","4","5","3","2","5","3","4","3","5","4","3","5","2","3","5","2","3","1","4","4","24","Female","0"
"0","100","266","1",NA,NA,NA,NA,NA,NA,NA,NA,NA,NA,NA,NA,NA,NA,NA,NA,NA,NA,NA,NA,NA,NA,NA,NA,NA,NA,NA,NA,NA,NA,NA,NA,NA,NA,NA,NA,NA,NA,NA,NA,NA,NA,NA,NA,NA,NA,NA,NA,NA,NA,NA,NA,NA,NA,NA,NA,NA,NA,NA,NA,NA,NA,NA,NA,NA,NA,NA,NA,NA,NA,NA,NA,NA,NA,NA,NA,NA,NA,NA,NA,NA,NA,NA,NA,NA,NA,NA,NA,NA,NA,NA,NA,NA,NA,NA,NA,"5,15,35,24,23","5","15","35","24","23","5","4","4","4","3","4","3","4","4","4","4","4","4","4","3","3","4","3","4","4","3","3","4","4","3","3","4","4","4","3","3","4","4","4","4","3","4","4","4","3","4","4","4","3","4","3","4","3","3","3","3","4","4","4","4","3","4","3","4","4","4","4","3","4","4","4","4","3","3","4","4","3","4","3","4","4","4","3","3","4","3","3","4","4","4","3","4","4","4","4","4","3","3","2","4","4","4","3","3","4","3","2","3","2","3","4","4","4","2","4","4","21","Male","1"
"0","100","1280","1","6,13,30,31,23","6","13","30","31","23","4","4","5","5","4","4","4","3","5","3","4","3","4","3","4","4","5","2","4","4","4","5","5","4","5","5","5","5","5","5","5","4","5","5","5","5","5","5","5","4","5","4","2","4","5","5","5","3","5","4","5","5","5","4","5","5","5","3","5","5","4","4","5","4","5","5","5","4","5","4","5","2","4","5","4","3","5","5","5","5","4","5","5","4","5","5","5","4","5","5",NA,NA,NA,NA,NA,NA,NA,NA,NA,NA,NA,NA,NA,NA,NA,NA,NA,NA,NA,NA,NA,NA,NA,NA,NA,NA,NA,NA,NA,NA,NA,NA,NA,NA,NA,NA,NA,NA,NA,NA,NA,NA,NA,NA,NA,NA,NA,NA,NA,NA,NA,NA,NA,NA,NA,NA,NA,NA,NA,NA,NA,NA,NA,NA,NA,NA,NA,NA,NA,NA,NA,NA,NA,NA,NA,NA,NA,NA,NA,NA,NA,NA,NA,NA,NA,NA,NA,NA,NA,NA,NA,NA,NA,NA,NA,NA,"1","1","5","1","2","5","1","5","5","5","1","1","5","1","1","5","1","1","1","5","4","21","Female","0"
"0","100","1126","1",NA,NA,NA,NA,NA,NA,NA,NA,NA,NA,NA,NA,NA,NA,NA,NA,NA,NA,NA,NA,NA,NA,NA,NA,NA,NA,NA,NA,NA,NA,NA,NA,NA,NA,NA,NA,NA,NA,NA,NA,NA,NA,NA,NA,NA,NA,NA,NA,NA,NA,NA,NA,NA,NA,NA,NA,NA,NA,NA,NA,NA,NA,NA,NA,NA,NA,NA,NA,NA,NA,NA,NA,NA,NA,NA,NA,NA,NA,NA,NA,NA,NA,NA,NA,NA,NA,NA,NA,NA,NA,NA,NA,NA,NA,NA,NA,"9,13,17,22,23","9","13","17","22","23","5","5","5","5","5","5","5","5","5","5","5","5","5","5","5","5","5","5","5","5","5","5","5","5","5","5","5","5","5","5","5","5","5","5","5","5","5","5","5","5","5","5","5","5","5","5","5","5","5","5","5","5","5","5","5","5","5","5","5","5","5","5","5","5","5","5","5","5","5","5","5","2","4","3","5","5","5","5","5","5","5","5","5","3","4","5","5","5","5","5","1","5","4","5","5","3","4","1","2","4","5","5","5","4","5","2","4","4","5","3","5","20","Male","1"
"0","100","622","1","19,35,28,29,30","19","35","28","29","30","5","5","5","5","5","5","5","5","5","5","5","5","5","5","5","5","5","2","5","5","2","5","5","5","5","5","5","5","5","5","5","3","5","4","5","4","4","4","4","5","5","5","5","4","4","5","4","5","5","5","4","5","5","5","4","5","5","4","5","5","3","4","5","4","5","5","5","5","5","4","4","5","3","3","5","5","5","2","5","5","5","5","4","5","5","5","5","5","5","5",NA,NA,NA,NA,NA,NA,NA,NA,NA,NA,NA,NA,NA,NA,NA,NA,NA,NA,NA,NA,NA,NA,NA,NA,NA,NA,NA,NA,NA,NA,NA,NA,NA,NA,NA,NA,NA,NA,NA,NA,NA,NA,NA,NA,NA,NA,NA,NA,NA,NA,NA,NA,NA,NA,NA,NA,NA,NA,NA,NA,NA,NA,NA,NA,NA,NA,NA,NA,NA,NA,NA,NA,NA,NA,NA,NA,NA,NA,NA,NA,NA,NA,NA,NA,NA,NA,NA,NA,NA,NA,NA,NA,NA,NA,NA,NA,"5","5","4","5","5","3","5","1","1","1","4","5","5","5","5","1","5","5","5","1","1","21","Female","0"
"0","100","847","1","6,11,12,28,29","6","11","12","28","29","5","4","5","5","4","5","4","4","5","4","4","4","5","4","4","4","4","4","5","5","4","4","4","4","4","4","5","4","5","4","4","4","5","5","4","5","4","4","4","4","4","4","4","4","4","3","5","4","4","5","4","4","4","4","4","4","5","4","4","4","4","3","4","4","4","4","5","4","5","4","4","2","4","4","4","2","4","4","4","4","4","3","4","3","4","5","5","4","4","4",NA,NA,NA,NA,NA,NA,NA,NA,NA,NA,NA,NA,NA,NA,NA,NA,NA,NA,NA,NA,NA,NA,NA,NA,NA,NA,NA,NA,NA,NA,NA,NA,NA,NA,NA,NA,NA,NA,NA,NA,NA,NA,NA,NA,NA,NA,NA,NA,NA,NA,NA,NA,NA,NA,NA,NA,NA,NA,NA,NA,NA,NA,NA,NA,NA,NA,NA,NA,NA,NA,NA,NA,NA,NA,NA,NA,NA,NA,NA,NA,NA,NA,NA,NA,NA,NA,NA,NA,NA,NA,NA,NA,NA,NA,NA,NA,"4","4","5","4","4","4","4","3","2","3","4","4","5","5","5","3","3","4","5","2","3","22","Male","0"
"0","100","286","1",NA,NA,NA,NA,NA,NA,NA,NA,NA,NA,NA,NA,NA,NA,NA,NA,NA,NA,NA,NA,NA,NA,NA,NA,NA,NA,NA,NA,NA,NA,NA,NA,NA,NA,NA,NA,NA,NA,NA,NA,NA,NA,NA,NA,NA,NA,NA,NA,NA,NA,NA,NA,NA,NA,NA,NA,NA,NA,NA,NA,NA,NA,NA,NA,NA,NA,NA,NA,NA,NA,NA,NA,NA,NA,NA,NA,NA,NA,NA,NA,NA,NA,NA,NA,NA,NA,NA,NA,NA,NA,NA,NA,NA,NA,NA,NA,"11,13,14,35,27","11","13","14","35","27","2","4","2","1","2","4","5","4","2","1","2","3","2","5","4","2","3","2","1","2","2","4","5","3","1","1","2","2","4","1","3","2","3","1","2","2","4","2","5","2","3","4","4","2","3","1","3","2","4","4","3","2","2","2","4","2","1","1","3","1","2","2","2","2","1","1","4","2","4","3","3","2","2","3","2","2","2","4","4","2","3","2","2","4","3","2","2","1","1","3","4","2","2","1","2","2","4","5","4","2","2","4","2","2","1","5","3","4","4","4","2","18","Male","1"
"0","100","474","1","9,22,27,29,30","9","22","27","29","30","2","4","4","2","2","4","2","2","2","2","2","2","4","2","4","4","4","2","2","4","2","2","4","4","2","2","2","2","2","2","4","2","4","4","2","4","2","2","2","2","2","2","2","2","4","3","2","4","2","2","2","2","4","2","2","2","2","2","4","2","4","4","4","2","2","2","2","4","4","2","2","2","2","4","2","4","4","2","2","2","4","4","4","4","4","2","2","4","4","4",NA,NA,NA,NA,NA,NA,NA,NA,NA,NA,NA,NA,NA,NA,NA,NA,NA,NA,NA,NA,NA,NA,NA,NA,NA,NA,NA,NA,NA,NA,NA,NA,NA,NA,NA,NA,NA,NA,NA,NA,NA,NA,NA,NA,NA,NA,NA,NA,NA,NA,NA,NA,NA,NA,NA,NA,NA,NA,NA,NA,NA,NA,NA,NA,NA,NA,NA,NA,NA,NA,NA,NA,NA,NA,NA,NA,NA,NA,NA,NA,NA,NA,NA,NA,NA,NA,NA,NA,NA,NA,NA,NA,NA,NA,NA,NA,"2","4","4","4","4","3","3","2","2","2","4","4","5","3","4","2","4","4","4","3","2","21","Other","0"
"0","100","446","1",NA,NA,NA,NA,NA,NA,NA,NA,NA,NA,NA,NA,NA,NA,NA,NA,NA,NA,NA,NA,NA,NA,NA,NA,NA,NA,NA,NA,NA,NA,NA,NA,NA,NA,NA,NA,NA,NA,NA,NA,NA,NA,NA,NA,NA,NA,NA,NA,NA,NA,NA,NA,NA,NA,NA,NA,NA,NA,NA,NA,NA,NA,NA,NA,NA,NA,NA,NA,NA,NA,NA,NA,NA,NA,NA,NA,NA,NA,NA,NA,NA,NA,NA,NA,NA,NA,NA,NA,NA,NA,NA,NA,NA,NA,NA,NA,"13,16,24,30,36","13","16","24","30","36","5","4","1","4","4","4","3","3","3","3","4","5","2","4","3","3","4","4","1","5","3","3","3","2","5","3","4","5","5","4","4","5","5","5","3","5","5","3","3","2","2","1","4","5","5","3","4","5","5","3","3","3","4","5","4","5","5","5","5","3","4","4","4","4","3","4","3","4","4","3","3","4","3","4","3","2","4","4","4","3","4","4","5","4","2","4","5","4","3","4","1","4","4","3","4","3","1","1","2","3","5","3","3","3","4","2","4","3","2","1","4","23","Female","1"
"0","100","578","1","1,5,7,12,22","1","5","7","12","22","5","5","5","5","5","5","5","5","5","5","5","5","5","5","5","5","5","5","5","5","5","5","5","5","5","5","5","5","5","5","5","4","5","5","5","5","5","5","5","5","5","5","5","5","5","5","5","5","5","5","5","5","5","5","5","5","5","5","5","5","5","5","5","5","5","5","5","5","5","5","5","5","5","5","5","5","5","5","5","5","5","5","5","5","5","5","5","5","5","5",NA,NA,NA,NA,NA,NA,NA,NA,NA,NA,NA,NA,NA,NA,NA,NA,NA,NA,NA,NA,NA,NA,NA,NA,NA,NA,NA,NA,NA,NA,NA,NA,NA,NA,NA,NA,NA,NA,NA,NA,NA,NA,NA,NA,NA,NA,NA,NA,NA,NA,NA,NA,NA,NA,NA,NA,NA,NA,NA,NA,NA,NA,NA,NA,NA,NA,NA,NA,NA,NA,NA,NA,NA,NA,NA,NA,NA,NA,NA,NA,NA,NA,NA,NA,NA,NA,NA,NA,NA,NA,NA,NA,NA,NA,NA,NA,"2","3","5","3","4","3","4","3","3","3","4","5","5","1","4","3","1","4","1","3","5","21","Male","0"
"0","100","1359","1",NA,NA,NA,NA,NA,NA,NA,NA,NA,NA,NA,NA,NA,NA,NA,NA,NA,NA,NA,NA,NA,NA,NA,NA,NA,NA,NA,NA,NA,NA,NA,NA,NA,NA,NA,NA,NA,NA,NA,NA,NA,NA,NA,NA,NA,NA,NA,NA,NA,NA,NA,NA,NA,NA,NA,NA,NA,NA,NA,NA,NA,NA,NA,NA,NA,NA,NA,NA,NA,NA,NA,NA,NA,NA,NA,NA,NA,NA,NA,NA,NA,NA,NA,NA,NA,NA,NA,NA,NA,NA,NA,NA,NA,NA,NA,NA,"12,18,19,35,29","12","18","19","35","29","5","4","4","5","5","5","5","5","5","5","5","1","5","5","4","4","5","4","5","5","5","5","5","5","5","5","5","1","5","4","5","4","4","5","5","5","5","5","5","5","5","1","5","5","5","4","5","2","5","5","5","5","5","4","5","5","5","1","5","4","5","5","4","5","5","5","5","5","5","5","5","5","5","5","5","5","5","5","5","5","5","5","5","4","5","5","5","4","5","5","1","2","5","1","4","4","1","5","5","5","1","2","5","4","2","5","4","1","1","5","5","20","Female","1"
"0","100","4558","1",NA,NA,NA,NA,NA,NA,NA,NA,NA,NA,NA,NA,NA,NA,NA,NA,NA,NA,NA,NA,NA,NA,NA,NA,NA,NA,NA,NA,NA,NA,NA,NA,NA,NA,NA,NA,NA,NA,NA,NA,NA,NA,NA,NA,NA,NA,NA,NA,NA,NA,NA,NA,NA,NA,NA,NA,NA,NA,NA,NA,NA,NA,NA,NA,NA,NA,NA,NA,NA,NA,NA,NA,NA,NA,NA,NA,NA,NA,NA,NA,NA,NA,NA,NA,NA,NA,NA,NA,NA,NA,NA,NA,NA,NA,NA,NA,"9,13,15,22,30","9","13","15","22","30","2","5","2","5","5","4","5","4","5","3","4","2","2","3","4","2","2","2","5","4","4","4","4","4","5","5","5","2","2","2","4","2","5","5","4","4","5","4","5","4","5","2","2","2","5","2","2","2","5","4","2","4","5","5","4","5","5","2","2","4","2","2","4","5","5","4","4","4","4","4","4","2","2","2","4","2","1","2","4","4","2","5","4","5","5","5","4","2","2","2","1","4","2","3","4","3","1","1","2","2","4","3","5","1","4","1","2","1","2","2","2","21","Female","1"
"0","100","843","1","5,9,13,15,18","5","9","13","15","18","5","5","5","5","5","5","5","5","5","5","5","5","5","5","5","5","5","5","5","5","5","5","5","5","5","5","5","5","5","5","5","5","5","5","5","5","5","5","5","5","5","5","5","5","5","5","5","5","5","5","5","5","5","5","5","5","5","5","5","5","5","5","5","5","5","5","5","5","5","5","5","5","5","5","5","5","5","5","5","5","5","5","5","5","5","5","5","5","5","5",NA,NA,NA,NA,NA,NA,NA,NA,NA,NA,NA,NA,NA,NA,NA,NA,NA,NA,NA,NA,NA,NA,NA,NA,NA,NA,NA,NA,NA,NA,NA,NA,NA,NA,NA,NA,NA,NA,NA,NA,NA,NA,NA,NA,NA,NA,NA,NA,NA,NA,NA,NA,NA,NA,NA,NA,NA,NA,NA,NA,NA,NA,NA,NA,NA,NA,NA,NA,NA,NA,NA,NA,NA,NA,NA,NA,NA,NA,NA,NA,NA,NA,NA,NA,NA,NA,NA,NA,NA,NA,NA,NA,NA,NA,NA,NA,"1","4","3","3","5","2","1","3","4","3","3","3","5","5","5","4","4","3","1","4","3","23","Female","0"
"0","100","540","1",NA,NA,NA,NA,NA,NA,NA,NA,NA,NA,NA,NA,NA,NA,NA,NA,NA,NA,NA,NA,NA,NA,NA,NA,NA,NA,NA,NA,NA,NA,NA,NA,NA,NA,NA,NA,NA,NA,NA,NA,NA,NA,NA,NA,NA,NA,NA,NA,NA,NA,NA,NA,NA,NA,NA,NA,NA,NA,NA,NA,NA,NA,NA,NA,NA,NA,NA,NA,NA,NA,NA,NA,NA,NA,NA,NA,NA,NA,NA,NA,NA,NA,NA,NA,NA,NA,NA,NA,NA,NA,NA,NA,NA,NA,NA,NA,"20,26,27,29,30","20","26","27","29","30","4","4","4","4","4","4","4","4","4","4","4","4","4","4","4","4","4","4","4","4","4","4","4","4","4","4","4","4","4","4","5","5","5","5","5","5","5","5","5","5","5","5","5","5","5","5","5","5","5","5","5","5","5","5","5","5","5","5","5","5","4","4","4","4","4","4","4","4","4","4","4","4","4","4","4","4","4","4","4","4","4","4","4","4","4","4","4","4","4","4","2","4","4","3","4","5","2","3","1","3","4","4","5","3","2","3","3","3","2","3","2","18","Female","1"
"0","100","2327","1","7,18,24,31,32","7","18","24","31","32","3","4","5","5","5","5","4","4","3","4","5","4","5","5","4","5","5","4","5","4","5","4","5","4","5","5","4","5","4","4","4","4","4","3","5","4","5","4","5","5","5","5","5","5","4","3","4","5","4","5","3","5","4","5","5","5","4","5","5","5","4","4","5","5","4","4","5","5","4","4","4","4","4","4","4","5","5","3","4","5","4","5","5","3","5","5","4","3","4","4",NA,NA,NA,NA,NA,NA,NA,NA,NA,NA,NA,NA,NA,NA,NA,NA,NA,NA,NA,NA,NA,NA,NA,NA,NA,NA,NA,NA,NA,NA,NA,NA,NA,NA,NA,NA,NA,NA,NA,NA,NA,NA,NA,NA,NA,NA,NA,NA,NA,NA,NA,NA,NA,NA,NA,NA,NA,NA,NA,NA,NA,NA,NA,NA,NA,NA,NA,NA,NA,NA,NA,NA,NA,NA,NA,NA,NA,NA,NA,NA,NA,NA,NA,NA,NA,NA,NA,NA,NA,NA,NA,NA,NA,NA,NA,NA,"4","4","5","3","3","4","2","4","4","5","4","2","5","1","3","4","1","4","4","4","3","22","Female","0"
"0","100","1577","1","7,9,11,15,28","7","9","11","15","28","2","3","3","5","4","5","5","4","5","4","5","2","3","2","3","3","3","2","5","3","3","2","3","3","4","4","5","2","3","3","2","4","5","5","4","3","5","4","4","2","5","2","2","3","4","2","5","2","5","4","4","2","2","3","4","5","5","5","3","1","2","3","3","5","5","4","4","3","5","2","4","1","2","3","3","3","3","3","5","2","4","1","2","3","4","4","4","2","2","1",NA,NA,NA,NA,NA,NA,NA,NA,NA,NA,NA,NA,NA,NA,NA,NA,NA,NA,NA,NA,NA,NA,NA,NA,NA,NA,NA,NA,NA,NA,NA,NA,NA,NA,NA,NA,NA,NA,NA,NA,NA,NA,NA,NA,NA,NA,NA,NA,NA,NA,NA,NA,NA,NA,NA,NA,NA,NA,NA,NA,NA,NA,NA,NA,NA,NA,NA,NA,NA,NA,NA,NA,NA,NA,NA,NA,NA,NA,NA,NA,NA,NA,NA,NA,NA,NA,NA,NA,NA,NA,NA,NA,NA,NA,NA,NA,"2","3","2","1","3","3","1","2","2","3","3","2","5","2","4","3","2","1","2","3","3","19","Female","0"
"0","100","218","1",NA,NA,NA,NA,NA,NA,NA,NA,NA,NA,NA,NA,NA,NA,NA,NA,NA,NA,NA,NA,NA,NA,NA,NA,NA,NA,NA,NA,NA,NA,NA,NA,NA,NA,NA,NA,NA,NA,NA,NA,NA,NA,NA,NA,NA,NA,NA,NA,NA,NA,NA,NA,NA,NA,NA,NA,NA,NA,NA,NA,NA,NA,NA,NA,NA,NA,NA,NA,NA,NA,NA,NA,NA,NA,NA,NA,NA,NA,NA,NA,NA,NA,NA,NA,NA,NA,NA,NA,NA,NA,NA,NA,NA,NA,NA,NA,"4,6,9,18,29","4","6","9","18","29","2","2","3","2","2","3","3","2","2","2","2","2","2","3","3","2","2","2","2","4","3","2","2","3","2","2","3","3","2","2","3","2","2","2","2","2","2","2","2","3","3","3","3","3","3","3","3","4","3","3","3","2","3","2","3","2","3","2","3","2","4","3","2","2","2","3","3","2","2","2","3","3","4","2","3","4","2","3","3","3","2","2","4","3","2","2","4","3","2","2","2","2","3","4","3","3","2","4","3","4","3","4","5","3","4","4","2","4","4","3","2","21","Male","1"
"0","100","254","1",NA,NA,NA,NA,NA,NA,NA,NA,NA,NA,NA,NA,NA,NA,NA,NA,NA,NA,NA,NA,NA,NA,NA,NA,NA,NA,NA,NA,NA,NA,NA,NA,NA,NA,NA,NA,NA,NA,NA,NA,NA,NA,NA,NA,NA,NA,NA,NA,NA,NA,NA,NA,NA,NA,NA,NA,NA,NA,NA,NA,NA,NA,NA,NA,NA,NA,NA,NA,NA,NA,NA,NA,NA,NA,NA,NA,NA,NA,NA,NA,NA,NA,NA,NA,NA,NA,NA,NA,NA,NA,NA,NA,NA,NA,NA,NA,"7,17,24,28,32","7","17","24","28","32","4","4","4","4","4","4","2","4","4","4","4","4","4","4","4","4","4","4","4","4","4","4","4","4","4","4","4","2","4","4","4","2","2","2","4","2","4","4","2","4","4","4","4","4","4","4","2","4","4","4","4","4","4","4","4","4","4","4","2","4","4","4","4","4","2","4","2","4","4","4","2","4","4","4","4","2","4","4","2","4","4","4","4","4","4","4","2","2","4","4","4","2","4","4","4","4","4","4","4","4","4","4","5","4","4","4","4","4","2","4","4","21","Female","1"
"0","100","437","1","11,13,27,30,31","11","13","27","30","31","3","3","3","4","4","4","4","4","3","3","3","4","3","3","4","5","4","3","5","3","5","3","4","2","5","3","3","5","5","4","1","3","4","4","4","4","4","4","4","4","4","4","4","4","4","4","4","3","4","4","4","3","4","3","4","3","4","4","4","4","4","4","4","4","4","4","4","4","4","4","4","4","4","4","4","3","4","4","4","4","4","4","4","4","4","4","4","4","4","4",NA,NA,NA,NA,NA,NA,NA,NA,NA,NA,NA,NA,NA,NA,NA,NA,NA,NA,NA,NA,NA,NA,NA,NA,NA,NA,NA,NA,NA,NA,NA,NA,NA,NA,NA,NA,NA,NA,NA,NA,NA,NA,NA,NA,NA,NA,NA,NA,NA,NA,NA,NA,NA,NA,NA,NA,NA,NA,NA,NA,NA,NA,NA,NA,NA,NA,NA,NA,NA,NA,NA,NA,NA,NA,NA,NA,NA,NA,NA,NA,NA,NA,NA,NA,NA,NA,NA,NA,NA,NA,NA,NA,NA,NA,NA,NA,"1","4","3","3","5","4","2","4","4","4","4","4","5","1","4","4","4","3","3","3","3","21","Male","0"
"0","100","1364","1",NA,NA,NA,NA,NA,NA,NA,NA,NA,NA,NA,NA,NA,NA,NA,NA,NA,NA,NA,NA,NA,NA,NA,NA,NA,NA,NA,NA,NA,NA,NA,NA,NA,NA,NA,NA,NA,NA,NA,NA,NA,NA,NA,NA,NA,NA,NA,NA,NA,NA,NA,NA,NA,NA,NA,NA,NA,NA,NA,NA,NA,NA,NA,NA,NA,NA,NA,NA,NA,NA,NA,NA,NA,NA,NA,NA,NA,NA,NA,NA,NA,NA,NA,NA,NA,NA,NA,NA,NA,NA,NA,NA,NA,NA,NA,NA,"15,26,28,30,23","15","26","28","30","23","4","4","2","5","5","5","4","5","5","5","5","3","4","4","4","5","5","2","5","5","4","5","5","5","5","5","5","4","5","4","5","4","1","5","5","5","5","5","5","5","5","4","5","5","5","4","5","1","5","5","5","5","5","4","5","5","5","1","5","5","5","5","1","5","5","5","5","4","5","5","5","2","4","5","4","5","5","5","5","5","5","5","5","4","4","5","5","4","5","4","1","4","3","4","4","4","4","2","4","4","5","5","5","2","5","2","4","2","2","2","4","22","Male","1"
"0","100","689","1","9,22,29,30,31","9","22","29","30","31","3","2","3","4","2","4","3","4","4","3","4","3","3","2","3","2","3","4","3","3","3","4","3","3","4","4","4","3","4","2","4","4","4","4","4","5","5","5","5","5","4","4","4","4","5","4","4","4","5","4","4","4","4","4","5","5","5","4","5","4","4","4","4","5","5","4","5","4","5","4","4","5","4","5","5","4","4","5","5","4","4","4","4","4","5","5","4","5","5","4",NA,NA,NA,NA,NA,NA,NA,NA,NA,NA,NA,NA,NA,NA,NA,NA,NA,NA,NA,NA,NA,NA,NA,NA,NA,NA,NA,NA,NA,NA,NA,NA,NA,NA,NA,NA,NA,NA,NA,NA,NA,NA,NA,NA,NA,NA,NA,NA,NA,NA,NA,NA,NA,NA,NA,NA,NA,NA,NA,NA,NA,NA,NA,NA,NA,NA,NA,NA,NA,NA,NA,NA,NA,NA,NA,NA,NA,NA,NA,NA,NA,NA,NA,NA,NA,NA,NA,NA,NA,NA,NA,NA,NA,NA,NA,NA,"3","3","3","3","5","2","3","3","3","3","4","4","5","3","4","4","3","3","3","2","3","21","Female","0"
"0","100","634","1",NA,NA,NA,NA,NA,NA,NA,NA,NA,NA,NA,NA,NA,NA,NA,NA,NA,NA,NA,NA,NA,NA,NA,NA,NA,NA,NA,NA,NA,NA,NA,NA,NA,NA,NA,NA,NA,NA,NA,NA,NA,NA,NA,NA,NA,NA,NA,NA,NA,NA,NA,NA,NA,NA,NA,NA,NA,NA,NA,NA,NA,NA,NA,NA,NA,NA,NA,NA,NA,NA,NA,NA,NA,NA,NA,NA,NA,NA,NA,NA,NA,NA,NA,NA,NA,NA,NA,NA,NA,NA,NA,NA,NA,NA,NA,NA,"6,9,13,22,23","6","9","13","22","23","4","4","4","4","4","3","4","3","3","3","4","4","4","4","4","4","4","3","4","4","3","4","4","4","4","4","4","4","4","4","4","4","4","4","3","3","4","4","4","3","4","4","4","4","4","4","4","4","4","4","4","5","5","3","4","4","3","4","3","4","4","4","4","3","4","3","4","4","4","4","3","2","4","4","3","4","4","5","4","4","3","3","4","4","4","2","4","4","4","4","2","4","3","3","5","4","2","1","2","3","4","3","5","2","4","1","4","4","3","2","2","21","Female","1"
"0","100","554","1","5,6,14,21,22","5","6","14","21","22","5","3","5","5","5","5","5","5","5","5","5","5","5","5","5","5","5","5","4","5","5","5","5","5","5","5","5","5","3","5","5","3","5","5","5","5","3","5","3","5","5","5","5","5","5","5","5","5","3","5","5","3","4","3","3","4","5","3","3","5","5","5","5","5","5","5","5","5","5","5","5","5","5","5","5","5","5","5","5","5","5","5","5","5","5","5","5","5","5","5",NA,NA,NA,NA,NA,NA,NA,NA,NA,NA,NA,NA,NA,NA,NA,NA,NA,NA,NA,NA,NA,NA,NA,NA,NA,NA,NA,NA,NA,NA,NA,NA,NA,NA,NA,NA,NA,NA,NA,NA,NA,NA,NA,NA,NA,NA,NA,NA,NA,NA,NA,NA,NA,NA,NA,NA,NA,NA,NA,NA,NA,NA,NA,NA,NA,NA,NA,NA,NA,NA,NA,NA,NA,NA,NA,NA,NA,NA,NA,NA,NA,NA,NA,NA,NA,NA,NA,NA,NA,NA,NA,NA,NA,NA,NA,NA,"1","3","3","3","4","4","3","4","2","4","3","4","5","1","5","4","4","4","1","3","3","20","Male","0"
"0","100","607","1",NA,NA,NA,NA,NA,NA,NA,NA,NA,NA,NA,NA,NA,NA,NA,NA,NA,NA,NA,NA,NA,NA,NA,NA,NA,NA,NA,NA,NA,NA,NA,NA,NA,NA,NA,NA,NA,NA,NA,NA,NA,NA,NA,NA,NA,NA,NA,NA,NA,NA,NA,NA,NA,NA,NA,NA,NA,NA,NA,NA,NA,NA,NA,NA,NA,NA,NA,NA,NA,NA,NA,NA,NA,NA,NA,NA,NA,NA,NA,NA,NA,NA,NA,NA,NA,NA,NA,NA,NA,NA,NA,NA,NA,NA,NA,NA,"11,16,35,24,29","11","16","35","24","29","5","5","5","5","5","5","5","5","5","5","5","5","5","5","5","4","5","5","5","5","5","3","4","5","5","3","5","5","5","4","5","5","5","5","5","5","5","5","5","5","5","5","5","5","5","4","5","5","5","5","5","3","5","5","5","4","5","5","5","5","5","5","5","5","5","5","5","5","5","5","5","5","5","5","5","5","5","5","5","5","5","3","4","5","5","5","5","5","5","5","1","2","3","1","4","4","3","1","2","4","3","4","5","3","5","1","1","2","4","3","2","20","Female","1"
"0","100","1538","1","20,26,28,30,23","20","26","28","30","23","2","3","3","3","3","4","4","2","4","4","3","4","2","4","4","5","4","2","4","4","3","3","4","3","4","5","4","1","2","4","1","4","2","3","3","2","3","3","4","4","4","1","2","2","3","4","2","4","4","2","2","4","4","4","5","4","4","3","4","3","1","3","4","3","3","4","2","4","4","4","4","1","2","4","3","4","2","4","4","1","2","5","4","5","4","5","3","2","5","4",NA,NA,NA,NA,NA,NA,NA,NA,NA,NA,NA,NA,NA,NA,NA,NA,NA,NA,NA,NA,NA,NA,NA,NA,NA,NA,NA,NA,NA,NA,NA,NA,NA,NA,NA,NA,NA,NA,NA,NA,NA,NA,NA,NA,NA,NA,NA,NA,NA,NA,NA,NA,NA,NA,NA,NA,NA,NA,NA,NA,NA,NA,NA,NA,NA,NA,NA,NA,NA,NA,NA,NA,NA,NA,NA,NA,NA,NA,NA,NA,NA,NA,NA,NA,NA,NA,NA,NA,NA,NA,NA,NA,NA,NA,NA,NA,"1","4","5","4","4","4","2","4","2","5","4","2","5","2","4","2","4","1","1","4","2","22","Male","0"
"0","100","721","1",NA,NA,NA,NA,NA,NA,NA,NA,NA,NA,NA,NA,NA,NA,NA,NA,NA,NA,NA,NA,NA,NA,NA,NA,NA,NA,NA,NA,NA,NA,NA,NA,NA,NA,NA,NA,NA,NA,NA,NA,NA,NA,NA,NA,NA,NA,NA,NA,NA,NA,NA,NA,NA,NA,NA,NA,NA,NA,NA,NA,NA,NA,NA,NA,NA,NA,NA,NA,NA,NA,NA,NA,NA,NA,NA,NA,NA,NA,NA,NA,NA,NA,NA,NA,NA,NA,NA,NA,NA,NA,NA,NA,NA,NA,NA,NA,"9,13,21,22,31","9","13","21","22","31","5","5","5","5","5","5","5","5","5","5","5","5","5","5","5","5","5","5","5","5","5","5","5","5","5","5","5","5","5","5","5","5","5","5","5","5","5","5","5","3","5","5","5","5","5","5","5","5","5","5","5","5","5","5","5","5","5","5","5","5","5","5","5","5","5","5","5","5","5","5","5","5","5","5","5","5","5","3","5","5","5","5","5","5","3","5","5","5","5","5","2","4","2","3","3","3","3","3","2","2","3","3","5","2","4","1","2","3","3","1","2","19","Female","1"
"0","100","451","1","15,17,18,22,25","15","17","18","22","25","5","4","5","4","5","4","5","4","4","5","4","5","5","4","5","4","4","5","5","4","4","5","5","5","4","4","4","5","4","4","4","4","5","4","4","4","4","4","4","4","5","4","4","5","5","4","3","5","4","4","4","5","5","4","4","4","5","4","5","5","4","4","4","4","5","4","4","5","4","5","4","5","5","5","4","4","5","4","5","4","5","4","4","4","4","4","5","4","4","4",NA,NA,NA,NA,NA,NA,NA,NA,NA,NA,NA,NA,NA,NA,NA,NA,NA,NA,NA,NA,NA,NA,NA,NA,NA,NA,NA,NA,NA,NA,NA,NA,NA,NA,NA,NA,NA,NA,NA,NA,NA,NA,NA,NA,NA,NA,NA,NA,NA,NA,NA,NA,NA,NA,NA,NA,NA,NA,NA,NA,NA,NA,NA,NA,NA,NA,NA,NA,NA,NA,NA,NA,NA,NA,NA,NA,NA,NA,NA,NA,NA,NA,NA,NA,NA,NA,NA,NA,NA,NA,NA,NA,NA,NA,NA,NA,"4","5","5","3","3","4","3","4","4","2","3","3","1","3","4","4","2","4","3","2","3","21","Male","0"
"0","100","429","1","1,6,9,13,15","1","6","9","13","15","4","4","4","5","4","5","4","2","4","5","5","5","5","4","2","4","5","1","4","4","5","1","5","4","4","2","5","4","4","1","4","5","5","5","5","5","5","1","5","5","5","1","5","5","4","4","4","1","5","4","4","1","1","1","5","5","5","5","5","1","4","4","4","5","5","5","5","1","4","4","4","5","1","2","5","1","5","4","5","4","5","1","1","2","5","5","4","2","5","2",NA,NA,NA,NA,NA,NA,NA,NA,NA,NA,NA,NA,NA,NA,NA,NA,NA,NA,NA,NA,NA,NA,NA,NA,NA,NA,NA,NA,NA,NA,NA,NA,NA,NA,NA,NA,NA,NA,NA,NA,NA,NA,NA,NA,NA,NA,NA,NA,NA,NA,NA,NA,NA,NA,NA,NA,NA,NA,NA,NA,NA,NA,NA,NA,NA,NA,NA,NA,NA,NA,NA,NA,NA,NA,NA,NA,NA,NA,NA,NA,NA,NA,NA,NA,NA,NA,NA,NA,NA,NA,NA,NA,NA,NA,NA,NA,"3","4","3","3","4","3","2","3","3","3","3","4","5","3","3","2","3","3","2","3","3","20","Female","0"
"0","100","493","1",NA,NA,NA,NA,NA,NA,NA,NA,NA,NA,NA,NA,NA,NA,NA,NA,NA,NA,NA,NA,NA,NA,NA,NA,NA,NA,NA,NA,NA,NA,NA,NA,NA,NA,NA,NA,NA,NA,NA,NA,NA,NA,NA,NA,NA,NA,NA,NA,NA,NA,NA,NA,NA,NA,NA,NA,NA,NA,NA,NA,NA,NA,NA,NA,NA,NA,NA,NA,NA,NA,NA,NA,NA,NA,NA,NA,NA,NA,NA,NA,NA,NA,NA,NA,NA,NA,NA,NA,NA,NA,NA,NA,NA,NA,NA,NA,"6,22,26,29,23","6","22","26","29","23","4","5","4","4","5","4","4","4","4","5","5","4","4","4","5","4","4","4","4","4","5","4","4","4","4","5","5","5","4","4","5","5","5","4","4","4","5","5","5","5","5","4","5","5","4","4","5","5","5","4","4","5","4","4","4","5","4","4","3","5","4","4","4","4","5","4","4","5","4","4","4","4","4","4","4","4","4","4","4","5","5","5","4","4","5","4","5","4","4","5","2","5","4","5","5","5","5","3","3","4","4","5","5","5","5","3","3","5","5","3","5","21","Male","1"
"0","100","647","1",NA,NA,NA,NA,NA,NA,NA,NA,NA,NA,NA,NA,NA,NA,NA,NA,NA,NA,NA,NA,NA,NA,NA,NA,NA,NA,NA,NA,NA,NA,NA,NA,NA,NA,NA,NA,NA,NA,NA,NA,NA,NA,NA,NA,NA,NA,NA,NA,NA,NA,NA,NA,NA,NA,NA,NA,NA,NA,NA,NA,NA,NA,NA,NA,NA,NA,NA,NA,NA,NA,NA,NA,NA,NA,NA,NA,NA,NA,NA,NA,NA,NA,NA,NA,NA,NA,NA,NA,NA,NA,NA,NA,NA,NA,NA,NA,"15,19,24,25,23","15","19","24","25","23","5","5","2","5","5","5","4","4","5","5","5","1","4","2","5","5","4","4","5","5","4","5","5","4","5","5","5","4","5","4","5","2","1","5","5","5","5","4","5","4","5","1","2","4","4","5","2","1","5","5","5","5","5","2","5","4","5","3","5","4","5","5","5","5","5","5","5","5","5","5","5","5","5","5","5","5","5","5","5","5","5","5","5","5","5","5","5","5","5","5","1","3","2","2","5","3","2","2","2","4","4","4","5","2","4","3","2","1","1","4","4","21","Female","1"
"0","100","927","1","6,12,17,29,30","6","12","17","29","30","5","5","5","5","5","5","5","5","5","1","1","1","5","5","5","5","5","4","5","5","1","3","5","5","5","5","5","5","3","5","5","5","5","5","5","5","5","5","5","5","1","1","5","5","5","5","5","5","5","5","1","5","5","5","5","5","5","5","3","5","5","4","5","5","5","5","5","5","5","1","1","1","4","5","5","5","5","4","5","5","1","2","5","5","5","5","5","5","3","5",NA,NA,NA,NA,NA,NA,NA,NA,NA,NA,NA,NA,NA,NA,NA,NA,NA,NA,NA,NA,NA,NA,NA,NA,NA,NA,NA,NA,NA,NA,NA,NA,NA,NA,NA,NA,NA,NA,NA,NA,NA,NA,NA,NA,NA,NA,NA,NA,NA,NA,NA,NA,NA,NA,NA,NA,NA,NA,NA,NA,NA,NA,NA,NA,NA,NA,NA,NA,NA,NA,NA,NA,NA,NA,NA,NA,NA,NA,NA,NA,NA,NA,NA,NA,NA,NA,NA,NA,NA,NA,NA,NA,NA,NA,NA,NA,"5","3","5","4","5","2","4","3","5","2","4","3","5","5","5","4","4","4","3","4","3","20","Female","0"
"0","100","2641","1","6,7,14,27,32","6","7","14","27","32","5","4","3","5","4","5","5","4","5","5","5","1","5","5","4","4","4","1","5","5","3","4","5","5","4","5","4","5","4","3","4","4","4","5","4","5","4","4","5","4","4","2","3","2","3","4","1","3","5","5","4","4","5","5","5","5","5","5","4","4","5","5","4","5","5","5","5","4","5","5","5","2","4","5","4","5","5","3","4","3","4","3","5","5","3","5","5","5","5","3",NA,NA,NA,NA,NA,NA,NA,NA,NA,NA,NA,NA,NA,NA,NA,NA,NA,NA,NA,NA,NA,NA,NA,NA,NA,NA,NA,NA,NA,NA,NA,NA,NA,NA,NA,NA,NA,NA,NA,NA,NA,NA,NA,NA,NA,NA,NA,NA,NA,NA,NA,NA,NA,NA,NA,NA,NA,NA,NA,NA,NA,NA,NA,NA,NA,NA,NA,NA,NA,NA,NA,NA,NA,NA,NA,NA,NA,NA,NA,NA,NA,NA,NA,NA,NA,NA,NA,NA,NA,NA,NA,NA,NA,NA,NA,NA,"2","2","3","3","5","5","3","4","4","4","4","4","5","1","5","4","1","2","3","1","2","26","Female","0"
"0","100","1219","1",NA,NA,NA,NA,NA,NA,NA,NA,NA,NA,NA,NA,NA,NA,NA,NA,NA,NA,NA,NA,NA,NA,NA,NA,NA,NA,NA,NA,NA,NA,NA,NA,NA,NA,NA,NA,NA,NA,NA,NA,NA,NA,NA,NA,NA,NA,NA,NA,NA,NA,NA,NA,NA,NA,NA,NA,NA,NA,NA,NA,NA,NA,NA,NA,NA,NA,NA,NA,NA,NA,NA,NA,NA,NA,NA,NA,NA,NA,NA,NA,NA,NA,NA,NA,NA,NA,NA,NA,NA,NA,NA,NA,NA,NA,NA,NA,"4,6,7,9,25","4","6","7","9","25","5","5","5","4","5","4","5","3","5","5","5","3","5","4","5","4","5","1","5","5","5","2","3","4","4","5","5","2","5","3","5","5","5","5","5","5","5","4","5","5","5","5","5","5","5","2","5","5","5","5","5","2","4","5","5","4","5","1","5","2","5","5","5","5","5","5","5","5","5","5","5","5","5","5","5","3","5","5","5","5","5","2","5","5","5","5","5","5","5","5","1","1","5","1","4","2","1","5","4","4","3","1","5","1","3","5","2","1","1","5","3","21","Female","1"
